"Nazwa","Adres do wyszukania","Miejscowość wg PDF","Powiat wg PDF","Gmina / rejon wg PDF","Numery w PDF","Liczba wpisów","Status dopasowania","Szerokość geograficzna","Długość geograficzna","Dokładność i uwagi","Źródło"
"Jutrzenka 13, Sklep","Jutrzenka 13, Sklep, Borzytuchom, gmina Borzytuchom, powiat Bytowski, Polska","Borzytuchom","Bytowski","Borzytuchom","1","1","adres","54.2048037","17.3333036","Dopasowano numer posesji w podanej miejscowości. To adres odniesienia, nie potwierdzona pozycja pojemnika. Opis adresu wskazuje miejscowość Jutrzenka; kolumnę miejscowości z PDF zachowano bez zmian.","https://s-trojmiasto.pl/download/pojemniki-pomorskie.pdf#page=1"
"Konstytucji 3 Maja","Konstytucji 3 Maja, Borzytuchom, gmina Borzytuchom, powiat Bytowski, Polska","Borzytuchom","Bytowski","Borzytuchom","2","1","orientacyjnie","54.2000694","17.3853679","PDF podaje tylko nazwę ulicy, bez numeru. Znacznik opisuje ulicę, nie miejsce ustawienia pojemnika; po kliknięciu pokazano jej przebieg.","https://s-trojmiasto.pl/download/pojemniki-pomorskie.pdf#page=1"
"Zwycięstwa 16","Zwycięstwa 16, Borzytuchom, gmina Borzytuchom, powiat Bytowski, Polska","Borzytuchom","Bytowski","Borzytuchom","3","1","adres","54.2014581","17.3772424","Dopasowano adres w OpenStreetMap. Punkt odnosi się do budynku/adresu, a nie do zweryfikowanej pozycji pojemnika.","https://s-trojmiasto.pl/download/pojemniki-pomorskie.pdf#page=1"
"Zwycięstwa 56","Zwycięstwa 56, Borzytuchom, gmina Borzytuchom, powiat Bytowski, Polska","Borzytuchom","Bytowski","Borzytuchom","4, 5","2","adres","54.1991199","17.3674096","Dopasowano adres w OpenStreetMap. Punkt odnosi się do budynku/adresu, a nie do zweryfikowanej pozycji pojemnika.","https://s-trojmiasto.pl/download/pojemniki-pomorskie.pdf#page=1"
"Krosnowo 2","Krosnowo 2, Krosnowo, gmina Borzytuchom, powiat Bytowski, Polska","Krosnowo","Bytowski","Borzytuchom","6","1","adres","54.2390185","17.3594021","Dopasowano numer posesji w podanej miejscowości. To adres odniesienia, nie potwierdzona pozycja pojemnika.","https://s-trojmiasto.pl/download/pojemniki-pomorskie.pdf#page=1"
"Domacińskiego 1-3","Domacińskiego 1-3, Bytów, gmina Bytów, powiat Bytowski, Polska","Bytów","Bytowski","Bytów","7","1","brak","","","Nie dopasowano nazwy ulicy ani numeru posesji.","https://s-trojmiasto.pl/download/pojemniki-pomorskie.pdf#page=1"
"Gostkowo 7C","Gostkowo 7C, Bytów, gmina Bytów, powiat Bytowski, Polska","Bytów","Bytowski","Bytów","8","1","adres","54.22134","17.4785","Dopasowano numer posesji w podanej miejscowości. To adres odniesienia, nie potwierdzona pozycja pojemnika. Opis adresu wskazuje miejscowość Gostkowo; kolumnę miejscowości z PDF zachowano bez zmian.","https://s-trojmiasto.pl/download/pojemniki-pomorskie.pdf#page=1"
"Pomysk Wielki, Posesja Nr 23","Pomysk Wielki, Posesja Nr 23, Bytów, gmina Bytów, powiat Bytowski, Polska","Bytów","Bytowski","Bytów","9","1","brak","","","Nie dopasowano nazwy ulicy ani numeru posesji. Opis adresu wskazuje miejscowość Pomysk Wielki; kolumnę miejscowości z PDF zachowano bez zmian.","https://s-trojmiasto.pl/download/pojemniki-pomorskie.pdf#page=1"
"Przemysłowa 7","Przemysłowa 7, Bytów, gmina Bytów, powiat Bytowski, Polska","Bytów","Bytowski","Bytów","10, 11","2","adres","54.1808246","17.4935802","Dopasowano adres w OpenStreetMap. Punkt odnosi się do budynku/adresu, a nie do zweryfikowanej pozycji pojemnika.","https://s-trojmiasto.pl/download/pojemniki-pomorskie.pdf#page=1"
"Sienkiewicza 12","Sienkiewicza 12, Bytów, gmina Bytów, powiat Bytowski, Polska","Bytów","Bytowski","Bytów","12","1","adres","54.1814047","17.5043005","Dopasowano adres w OpenStreetMap. Punkt odnosi się do budynku/adresu, a nie do zweryfikowanej pozycji pojemnika.","https://s-trojmiasto.pl/download/pojemniki-pomorskie.pdf#page=1"
"Sienkiewicza 8","Sienkiewicza 8, Bytów, gmina Bytów, powiat Bytowski, Polska","Bytów","Bytowski","Bytów","13","1","adres","54.1808296","17.5036999","Dopasowano adres w OpenStreetMap. Punkt odnosi się do budynku/adresu, a nie do zweryfikowanej pozycji pojemnika.","https://s-trojmiasto.pl/download/pojemniki-pomorskie.pdf#page=1"
"Słoneczna 26","Słoneczna 26, Bytów, gmina Bytów, powiat Bytowski, Polska","Bytów","Bytowski","Bytów","14","1","adres","54.1771265","17.4946541","Dopasowano adres w OpenStreetMap. Punkt odnosi się do budynku/adresu, a nie do zweryfikowanej pozycji pojemnika.","https://s-trojmiasto.pl/download/pojemniki-pomorskie.pdf#page=1"
"Słoneczna 32","Słoneczna 32, Bytów, gmina Bytów, powiat Bytowski, Polska","Bytów","Bytowski","Bytów","15","1","adres","54.1767909","17.4933132","Dopasowano adres w OpenStreetMap. Punkt odnosi się do budynku/adresu, a nie do zweryfikowanej pozycji pojemnika.","https://s-trojmiasto.pl/download/pojemniki-pomorskie.pdf#page=1"
"Szeroka 14","Szeroka 14, Bytów, gmina Bytów, powiat Bytowski, Polska","Bytów","Bytowski","Bytów","16","1","orientacyjnie","54.1706674","17.4885773","Nie znaleziono numeru 14. Znacznik opisuje ulicę, nie miejsce ustawienia pojemnika; po kliknięciu pokazano jej przebieg.","https://s-trojmiasto.pl/download/pojemniki-pomorskie.pdf#page=1"
"Zwycięstwa 12","Zwycięstwa 12, Bytów, gmina Bytów, powiat Bytowski, Polska","Bytów","Bytowski","Bytów","17","1","adres","54.1797229","17.5008632","Dopasowano adres w OpenStreetMap. Punkt odnosi się do budynku/adresu, a nie do zweryfikowanej pozycji pojemnika.","https://s-trojmiasto.pl/download/pojemniki-pomorskie.pdf#page=1"
"Zwycięstwa 20","Zwycięstwa 20, Bytów, gmina Bytów, powiat Bytowski, Polska","Bytów","Bytowski","Bytów","18","1","adres","54.1791723","17.5009501","Dopasowano adres w OpenStreetMap. Punkt odnosi się do budynku/adresu, a nie do zweryfikowanej pozycji pojemnika.","https://s-trojmiasto.pl/download/pojemniki-pomorskie.pdf#page=1"
"Zwycięstwa 7","Zwycięstwa 7, Bytów, gmina Bytów, powiat Bytowski, Polska","Bytów","Bytowski","Bytów","19, 20","2","adres","54.1799419","17.5002821","Dopasowano adres w OpenStreetMap. Punkt odnosi się do budynku/adresu, a nie do zweryfikowanej pozycji pojemnika.","https://s-trojmiasto.pl/download/pojemniki-pomorskie.pdf#page=1"
"Za Placem Zabaw","Za Placem Zabaw, Bochowo, gmina Czarna Dąbrówka, powiat Bytowski, Polska","Bochowo","Bytowski","Czarna Dąbrówka","21","1","brak","","","Opis nie pozwala jednoznacznie wskazać miejsca. Nie zastąpiono go środkiem miejscowości.","https://s-trojmiasto.pl/download/pojemniki-pomorskie.pdf#page=1"
"Przystanek Pks","Przystanek Pks, Bochówko, gmina Czarna Dąbrówka, powiat Bytowski, Polska","Bochówko","Bytowski","Czarna Dąbrówka","22","1","brak","","","Opis nie pozwala jednoznacznie wskazać miejsca. Nie zastąpiono go środkiem miejscowości.","https://s-trojmiasto.pl/download/pojemniki-pomorskie.pdf#page=1"
"Bytowska/Cicha Przy Blokach","Bytowska/Cicha Przy Blokach, Czarna Dąbrówka, gmina Czarna Dąbrówka, powiat Bytowski, Polska","Czarna Dąbrówka","Bytowski","Czarna Dąbrówka","23, 24","2","orientacyjnie","54.3518835","17.5608366","Orientacyjna lokalizacja skrzyżowania. Nie określa strony ulicy ani dokładnego miejsca pojemnika.","https://s-trojmiasto.pl/download/pojemniki-pomorskie.pdf#page=1"
"Stare Bloki: Ul. Słupska Obok Kosza Na Śmieci","Stare Bloki: Ul. Słupska Obok Kosza Na Śmieci, Czarna Dąbrówka, gmina Czarna Dąbrówka, powiat Bytowski, Polska","Czarna Dąbrówka","Bytowski","Czarna Dąbrówka","25","1","orientacyjnie","54.3568296","17.5602563","PDF podaje tylko nazwę ulicy, bez numeru. Znacznik opisuje ulicę, nie miejsce ustawienia pojemnika; po kliknięciu pokazano jej przebieg.","https://s-trojmiasto.pl/download/pojemniki-pomorskie.pdf#page=1"
"Zatoczka Na Osiedlu Obok Cmentarza","Zatoczka Na Osiedlu Obok Cmentarza, Czarna Dąbrówka, gmina Czarna Dąbrówka, powiat Bytowski, Polska","Czarna Dąbrówka","Bytowski","Czarna Dąbrówka","26","1","orientacyjnie","54.3603275","17.5744057","Orientacyjny pobliski obiekt zgodny z opisem PDF. Znacznik nie wskazuje dokładnego miejsca pojemnika.","https://s-trojmiasto.pl/download/pojemniki-pomorskie.pdf#page=1"
"Koło Starego Zbiornika","Koło Starego Zbiornika, Jasień, gmina Czarna Dąbrówka, powiat Bytowski, Polska","Jasień","Bytowski","Czarna Dąbrówka","27","1","brak","","","Opis nie pozwala jednoznacznie wskazać miejsca. Nie zastąpiono go środkiem miejscowości.","https://s-trojmiasto.pl/download/pojemniki-pomorskie.pdf#page=1"
"Nowe Osiedle","Nowe Osiedle, Jasień, gmina Czarna Dąbrówka, powiat Bytowski, Polska","Jasień","Bytowski","Czarna Dąbrówka","28","1","brak","","","Opis nie pozwala jednoznacznie wskazać miejsca. Nie zastąpiono go środkiem miejscowości.","https://s-trojmiasto.pl/download/pojemniki-pomorskie.pdf#page=1"
"Przy Przystanku Pks","Przy Przystanku Pks, Jerzkowice, gmina Czarna Dąbrówka, powiat Bytowski, Polska","Jerzkowice","Bytowski","Czarna Dąbrówka","29","1","brak","","","Opis nie pozwala jednoznacznie wskazać miejsca. Nie zastąpiono go środkiem miejscowości.","https://s-trojmiasto.pl/download/pojemniki-pomorskie.pdf#page=1"
"Obok Stawu Ppoż","Obok Stawu Ppoż, Kleszczyniec, gmina Czarna Dąbrówka, powiat Bytowski, Polska","Kleszczyniec","Bytowski","Czarna Dąbrówka","30","1","brak","","","Opis nie pozwala jednoznacznie wskazać miejsca. Nie zastąpiono go środkiem miejscowości.","https://s-trojmiasto.pl/download/pojemniki-pomorskie.pdf#page=1"
"Przy Boisku","Przy Boisku, Kozy, gmina Czarna Dąbrówka, powiat Bytowski, Polska","Kozy","Bytowski","Czarna Dąbrówka","31","1","orientacyjnie","54.3968075","17.6120983","Orientacyjny pobliski obiekt zgodny z opisem PDF. Znacznik nie wskazuje dokładnego miejsca pojemnika.","https://s-trojmiasto.pl/download/pojemniki-pomorskie.pdf#page=1"
"Przy Remizie","Przy Remizie, Mikorowo, gmina Czarna Dąbrówka, powiat Bytowski, Polska","Mikorowo","Bytowski","Czarna Dąbrówka","32","1","brak","","","Opis nie pozwala jednoznacznie wskazać miejsca. Nie zastąpiono go środkiem miejscowości.","https://s-trojmiasto.pl/download/pojemniki-pomorskie.pdf#page=1"
"Na Górce Przy Drodze Gminnej","Na Górce Przy Drodze Gminnej, Nożynko, gmina Czarna Dąbrówka, powiat Bytowski, Polska","Nożynko","Bytowski","Czarna Dąbrówka","33","1","brak","","","Opis nie pozwala jednoznacznie wskazać miejsca. Nie zastąpiono go środkiem miejscowości.","https://s-trojmiasto.pl/download/pojemniki-pomorskie.pdf#page=1"
"Pętla Za Szkołą","Pętla Za Szkołą, Nożyno, gmina Czarna Dąbrówka, powiat Bytowski, Polska","Nożyno","Bytowski","Czarna Dąbrówka","34","1","orientacyjnie","54.3153076","17.4933367","Orientacyjny pobliski obiekt zgodny z opisem PDF. Znacznik nie wskazuje dokładnego miejsca pojemnika.","https://s-trojmiasto.pl/download/pojemniki-pomorskie.pdf#page=1"
"Za Domem Wiejskim","Za Domem Wiejskim, Nożyno, gmina Czarna Dąbrówka, powiat Bytowski, Polska","Nożyno","Bytowski","Czarna Dąbrówka","35","1","brak","","","Opis nie pozwala jednoznacznie wskazać miejsca. Nie zastąpiono go środkiem miejscowości.","https://s-trojmiasto.pl/download/pojemniki-pomorskie.pdf#page=1"
"Koniec Asfaltu","Koniec Asfaltu, Podkomorzyce, gmina Czarna Dąbrówka, powiat Bytowski, Polska","Podkomorzyce","Bytowski","Czarna Dąbrówka","36","1","brak","","","Opis nie pozwala jednoznacznie wskazać miejsca. Nie zastąpiono go środkiem miejscowości.","https://s-trojmiasto.pl/download/pojemniki-pomorskie.pdf#page=1"
"Koło Remizy Osp","Koło Remizy Osp, Rokiciny, gmina Czarna Dąbrówka, powiat Bytowski, Polska","Rokiciny","Bytowski","Czarna Dąbrówka","37","1","brak","","","Opis nie pozwala jednoznacznie wskazać miejsca. Nie zastąpiono go środkiem miejscowości.","https://s-trojmiasto.pl/download/pojemniki-pomorskie.pdf#page=1"
"Centrum","Centrum, Rokity, gmina Czarna Dąbrówka, powiat Bytowski, Polska","Rokity","Bytowski","Czarna Dąbrówka","38","1","brak","","","Opis nie pozwala jednoznacznie wskazać miejsca. Nie zastąpiono go środkiem miejscowości.","https://s-trojmiasto.pl/download/pojemniki-pomorskie.pdf#page=1"
"Koło Cmentarza","Koło Cmentarza, Rokity, gmina Czarna Dąbrówka, powiat Bytowski, Polska","Rokity","Bytowski","Czarna Dąbrówka","39","1","orientacyjnie","54.3323956","17.6820224","Orientacyjny pobliski obiekt zgodny z opisem PDF. Znacznik nie wskazuje dokładnego miejsca pojemnika.","https://s-trojmiasto.pl/download/pojemniki-pomorskie.pdf#page=1"
"Koło Szkoły","Koło Szkoły, Rokity, gmina Czarna Dąbrówka, powiat Bytowski, Polska","Rokity","Bytowski","Czarna Dąbrówka","40","1","orientacyjnie","54.3402351","17.6897048","Orientacyjny pobliski obiekt zgodny z opisem PDF. Znacznik nie wskazuje dokładnego miejsca pojemnika.","https://s-trojmiasto.pl/download/pojemniki-pomorskie.pdf#page=1"
"Na Przeciwko Krzyża","Na Przeciwko Krzyża, Unichowo, gmina Czarna Dąbrówka, powiat Bytowski, Polska","Unichowo","Bytowski","Czarna Dąbrówka","41","1","brak","","","Opis nie pozwala jednoznacznie wskazać miejsca. Nie zastąpiono go środkiem miejscowości.","https://s-trojmiasto.pl/download/pojemniki-pomorskie.pdf#page=1"
"Górki Nr 11","Górki Nr 11, Górki, gmina Kołczygłowy, powiat Bytowski, Polska","Górki","Bytowski","Kołczygłowy","42","1","adres","54.2822719","17.2441965","Dopasowano numer posesji w podanej miejscowości. To adres odniesienia, nie potwierdzona pozycja pojemnika.","https://s-trojmiasto.pl/download/pojemniki-pomorskie.pdf#page=1"
"Słupska Nr 48","Słupska Nr 48, Kołczygłowy, gmina Kołczygłowy, powiat Bytowski, Polska","Kołczygłowy","Bytowski","Kołczygłowy","43","1","adres","54.2409038","17.2249719","Dopasowano adres w OpenStreetMap. Punkt odnosi się do budynku/adresu, a nie do zweryfikowanej pozycji pojemnika.","https://s-trojmiasto.pl/download/pojemniki-pomorskie.pdf#page=1"
"Oś.500-Lecia Borowego Młyna 7(Boisko)","Oś.500-Lecia Borowego Młyna 7(Boisko), Borowy Młyn, gmina Lipnica, powiat Bytowski, Polska","Borowy Młyn","Bytowski","Lipnica","44","1","adres","53.96936","17.31263","Dopasowano adres w OpenStreetMap. Punkt odnosi się do budynku/adresu, a nie do zweryfikowanej pozycji pojemnika.","https://s-trojmiasto.pl/download/pojemniki-pomorskie.pdf#page=1"
"Borzyszkowy 23","Borzyszkowy 23, Borzyszkowy, gmina Lipnica, powiat Bytowski, Polska","Borzyszkowy","Bytowski","Lipnica","45","1","adres","54.03204","17.3738","Dopasowano numer posesji w podanej miejscowości. To adres odniesienia, nie potwierdzona pozycja pojemnika.","https://s-trojmiasto.pl/download/pojemniki-pomorskie.pdf#page=1"
"Brzeźno Szlacheckie 57","Brzeźno Szlacheckie 57, Brzeźno Szlacheckie, gmina Lipnica, powiat Bytowski, Polska","Brzeźno Szlacheckie","Bytowski","Lipnica","46","1","brak","","","Nie dopasowano nazwy ulicy ani numeru posesji.","https://s-trojmiasto.pl/download/pojemniki-pomorskie.pdf#page=1"
"Gliśno Wielkie 20","Gliśno Wielkie 20, Gliśno Wielkie, gmina Lipnica, powiat Bytowski, Polska","Gliśno Wielkie","Bytowski","Lipnica","47","1","adres","54.07004","17.35833","Dopasowano numer posesji w podanej miejscowości. To adres odniesienia, nie potwierdzona pozycja pojemnika.","https://s-trojmiasto.pl/download/pojemniki-pomorskie.pdf#page=1"
"Górna 2","Górna 2, Lipnica, gmina Lipnica, powiat Bytowski, Polska","Lipnica","Bytowski","Lipnica","48","1","adres","53.98682","17.40295","Dopasowano adres w OpenStreetMap. Punkt odnosi się do budynku/adresu, a nie do zweryfikowanej pozycji pojemnika.","https://s-trojmiasto.pl/download/pojemniki-pomorskie.pdf#page=1"
"Kościelna 5","Kościelna 5, Lipnica, gmina Lipnica, powiat Bytowski, Polska","Lipnica","Bytowski","Lipnica","49","1","adres","53.99702","17.40498","Dopasowano adres w OpenStreetMap. Punkt odnosi się do budynku/adresu, a nie do zweryfikowanej pozycji pojemnika.","https://s-trojmiasto.pl/download/pojemniki-pomorskie.pdf#page=1"
"Ostrowite 4","Ostrowite 4, Lipnica, gmina Lipnica, powiat Bytowski, Polska","Lipnica","Bytowski","Lipnica","50","1","adres","54.02592","17.38989","Dopasowano numer posesji w podanej miejscowości. To adres odniesienia, nie potwierdzona pozycja pojemnika. Opis adresu wskazuje miejscowość Ostrowite; kolumnę miejscowości z PDF zachowano bez zmian.","https://s-trojmiasto.pl/download/pojemniki-pomorskie.pdf#page=1"
"Armii Krajowej 15: Urząd Mienia Komunalnego","Armii Krajowej 15: Urząd Mienia Komunalnego, Miastko, gmina Miastko, powiat Bytowski, Polska","Miastko","Bytowski","Miastko","51, 52, 53","3","adres","54.0005572","16.97865","Dopasowano adres w OpenStreetMap. Punkt odnosi się do budynku/adresu, a nie do zweryfikowanej pozycji pojemnika.","https://s-trojmiasto.pl/download/pojemniki-pomorskie.pdf#page=1"
"Generala Maczka 16","Generala Maczka 16, Miastko, gmina Miastko, powiat Bytowski, Polska","Miastko","Bytowski","Miastko","54, 55","2","adres","53.9957923","16.9697501","Dopasowano adres w OpenStreetMap. Punkt odnosi się do budynku/adresu, a nie do zweryfikowanej pozycji pojemnika.","https://s-trojmiasto.pl/download/pojemniki-pomorskie.pdf#page=1"
"Konopnickiej 2","Konopnickiej 2, Miastko, gmina Miastko, powiat Bytowski, Polska","Miastko","Bytowski","Miastko","56","1","adres","54.0049744","16.9852845","Dopasowano adres w OpenStreetMap. Punkt odnosi się do budynku/adresu, a nie do zweryfikowanej pozycji pojemnika.","https://s-trojmiasto.pl/download/pojemniki-pomorskie.pdf#page=1"
"Konstytucji 3 Maja 8","Konstytucji 3 Maja 8, Miastko, gmina Miastko, powiat Bytowski, Polska","Miastko","Bytowski","Miastko","57","1","adres","54.0026586","16.9853948","Dopasowano adres w OpenStreetMap. Punkt odnosi się do budynku/adresu, a nie do zweryfikowanej pozycji pojemnika.","https://s-trojmiasto.pl/download/pojemniki-pomorskie.pdf#page=1"
"Konstytucji 3 Maja 9","Konstytucji 3 Maja 9, Miastko, gmina Miastko, powiat Bytowski, Polska","Miastko","Bytowski","Miastko","58","1","adres","54.0029931","16.9851799","Dopasowano adres w OpenStreetMap. Punkt odnosi się do budynku/adresu, a nie do zweryfikowanej pozycji pojemnika.","https://s-trojmiasto.pl/download/pojemniki-pomorskie.pdf#page=1"
"Kowalska 1","Kowalska 1, Miastko, gmina Miastko, powiat Bytowski, Polska","Miastko","Bytowski","Miastko","59","1","adres","54.0041104","16.9881391","Dopasowano adres w OpenStreetMap. Punkt odnosi się do budynku/adresu, a nie do zweryfikowanej pozycji pojemnika.","https://s-trojmiasto.pl/download/pojemniki-pomorskie.pdf#page=1"
"Młodzieżowa 7","Młodzieżowa 7, Miastko, gmina Miastko, powiat Bytowski, Polska","Miastko","Bytowski","Miastko","60","1","adres","53.9998521","16.971779","Dopasowano adres w OpenStreetMap. Punkt odnosi się do budynku/adresu, a nie do zweryfikowanej pozycji pojemnika.","https://s-trojmiasto.pl/download/pojemniki-pomorskie.pdf#page=1"
"Niepodległości 17","Niepodległości 17, Miastko, gmina Miastko, powiat Bytowski, Polska","Miastko","Bytowski","Miastko","61, 62","2","adres","54.001274","16.9698806","Dopasowano adres w OpenStreetMap. Punkt odnosi się do budynku/adresu, a nie do zweryfikowanej pozycji pojemnika.","https://s-trojmiasto.pl/download/pojemniki-pomorskie.pdf#page=1"
"Niepodległości 23","Niepodległości 23, Miastko, gmina Miastko, powiat Bytowski, Polska","Miastko","Bytowski","Miastko","63","1","adres","54.0025691","16.9710366","Dopasowano adres w OpenStreetMap. Punkt odnosi się do budynku/adresu, a nie do zweryfikowanej pozycji pojemnika.","https://s-trojmiasto.pl/download/pojemniki-pomorskie.pdf#page=1"
"Osiedle Niepodleglosci 18","Osiedle Niepodleglosci 18, Miastko, gmina Miastko, powiat Bytowski, Polska","Miastko","Bytowski","Miastko","64, 65","2","adres","54.0012768","16.9703367","Dopasowano adres w OpenStreetMap. Punkt odnosi się do budynku/adresu, a nie do zweryfikowanej pozycji pojemnika.","https://s-trojmiasto.pl/download/pojemniki-pomorskie.pdf#page=1"
"Piastowska 5","Piastowska 5, Miastko, gmina Miastko, powiat Bytowski, Polska","Miastko","Bytowski","Miastko","66","1","adres","54.0021522","16.9875684","Dopasowano adres w OpenStreetMap. Punkt odnosi się do budynku/adresu, a nie do zweryfikowanej pozycji pojemnika.","https://s-trojmiasto.pl/download/pojemniki-pomorskie.pdf#page=1"
"Podlaska 13","Podlaska 13, Miastko, gmina Miastko, powiat Bytowski, Polska","Miastko","Bytowski","Miastko","67, 68","2","adres","53.9982289","16.9600858","Dopasowano adres w OpenStreetMap. Punkt odnosi się do budynku/adresu, a nie do zweryfikowanej pozycji pojemnika.","https://s-trojmiasto.pl/download/pojemniki-pomorskie.pdf#page=1"
"Rodzinna2","Rodzinna2, Miastko, gmina Miastko, powiat Bytowski, Polska","Miastko","Bytowski","Miastko","69, 70","2","adres","54.0123677","16.9804806","Dopasowano adres w OpenStreetMap. Punkt odnosi się do budynku/adresu, a nie do zweryfikowanej pozycji pojemnika.","https://s-trojmiasto.pl/download/pojemniki-pomorskie.pdf#page=1"
"Słupska 15","Słupska 15, Miastko, gmina Miastko, powiat Bytowski, Polska","Miastko","Bytowski","Miastko","71, 72","2","adres","54.0135463","16.9775022","Dopasowano adres w OpenStreetMap. Punkt odnosi się do budynku/adresu, a nie do zweryfikowanej pozycji pojemnika.","https://s-trojmiasto.pl/download/pojemniki-pomorskie.pdf#page=2"
"Sosnowa 15","Sosnowa 15, Miastko, gmina Miastko, powiat Bytowski, Polska","Miastko","Bytowski","Miastko","73","1","brak","","","Nie dopasowano nazwy ulicy ani numeru posesji.","https://s-trojmiasto.pl/download/pojemniki-pomorskie.pdf#page=2"
"Sosnowa 5","Sosnowa 5, Miastko, gmina Miastko, powiat Bytowski, Polska","Miastko","Bytowski","Miastko","74","1","brak","","","Nie dopasowano nazwy ulicy ani numeru posesji.","https://s-trojmiasto.pl/download/pojemniki-pomorskie.pdf#page=2"
"Wielkopolska 5","Wielkopolska 5, Miastko, gmina Miastko, powiat Bytowski, Polska","Miastko","Bytowski","Miastko","75","1","adres","53.9973711","16.9715602","Dopasowano adres w OpenStreetMap. Punkt odnosi się do budynku/adresu, a nie do zweryfikowanej pozycji pojemnika.","https://s-trojmiasto.pl/download/pojemniki-pomorskie.pdf#page=2"
"Wybickiego 10","Wybickiego 10, Miastko, gmina Miastko, powiat Bytowski, Polska","Miastko","Bytowski","Miastko","76, 77","2","adres","54.0066601","16.9806237","Dopasowano adres w OpenStreetMap. Punkt odnosi się do budynku/adresu, a nie do zweryfikowanej pozycji pojemnika.","https://s-trojmiasto.pl/download/pojemniki-pomorskie.pdf#page=2"
"Wybickiego 37","Wybickiego 37, Miastko, gmina Miastko, powiat Bytowski, Polska","Miastko","Bytowski","Miastko","78","1","adres","54.0067814","16.9814084","Dopasowano adres w OpenStreetMap. Punkt odnosi się do budynku/adresu, a nie do zweryfikowanej pozycji pojemnika.","https://s-trojmiasto.pl/download/pojemniki-pomorskie.pdf#page=2"
"Wybickiego 49","Wybickiego 49, Miastko, gmina Miastko, powiat Bytowski, Polska","Miastko","Bytowski","Miastko","79, 80","2","adres","54.0054392","16.9815309","Dopasowano adres w OpenStreetMap. Punkt odnosi się do budynku/adresu, a nie do zweryfikowanej pozycji pojemnika.","https://s-trojmiasto.pl/download/pojemniki-pomorskie.pdf#page=2"
"Świerzyno 5","Świerzyno 5, Świerzyno, gmina Miastko, powiat Bytowski, Polska","Świerzyno","Bytowski","Miastko","81","1","brak","","","Nie rozpoznano miejscowości w pobranych danych OSM.","https://s-trojmiasto.pl/download/pojemniki-pomorskie.pdf#page=2"
"W Pobliżu Posesji Nr 3","W Pobliżu Posesji Nr 3, Bawernica, gmina Parchowo, powiat Bytowski, Polska","Bawernica","Bytowski","Parchowo","82","1","adres","54.28491","17.69711","Dopasowano numer posesji w podanej miejscowości. To adres odniesienia, nie potwierdzona pozycja pojemnika.","https://s-trojmiasto.pl/download/pojemniki-pomorskie.pdf#page=2"
"Chośnica 7","Chośnica 7, Chośnica, gmina Parchowo, powiat Bytowski, Polska","Chośnica","Bytowski","Parchowo","83","1","adres","54.26722","17.67073","Dopasowano numer posesji w podanej miejscowości. To adres odniesienia, nie potwierdzona pozycja pojemnika.","https://s-trojmiasto.pl/download/pojemniki-pomorskie.pdf#page=2"
"Jamno 5","Jamno 5, Jamno, gmina Parchowo, powiat Bytowski, Polska","Jamno","Bytowski","Parchowo","84","1","adres","54.21681","17.63109","Dopasowano numer posesji w podanej miejscowości. To adres odniesienia, nie potwierdzona pozycja pojemnika.","https://s-trojmiasto.pl/download/pojemniki-pomorskie.pdf#page=2"
"Przy Przystanku","Przy Przystanku, Jeleńcz, gmina Parchowo, powiat Bytowski, Polska","Jeleńcz","Bytowski","Parchowo","85","1","brak","","","Opis nie pozwala jednoznacznie wskazać miejsca. Nie zastąpiono go środkiem miejscowości.","https://s-trojmiasto.pl/download/pojemniki-pomorskie.pdf#page=2"
"Długa","Długa, Nakla, gmina Parchowo, powiat Bytowski, Polska","Nakla","Bytowski","Parchowo","86","1","orientacyjnie","54.1457226","17.6887354","PDF podaje tylko nazwę ulicy, bez numeru. Znacznik opisuje ulicę, nie miejsce ustawienia pojemnika; po kliknięciu pokazano jej przebieg.","https://s-trojmiasto.pl/download/pojemniki-pomorskie.pdf#page=2"
"Długa: Przystanek","Długa: Przystanek, Nakla, gmina Parchowo, powiat Bytowski, Polska","Nakla","Bytowski","Parchowo","87","1","orientacyjnie","54.1457226","17.6887354","PDF podaje tylko nazwę ulicy, bez numeru. Znacznik opisuje ulicę, nie miejsce ustawienia pojemnika; po kliknięciu pokazano jej przebieg.","https://s-trojmiasto.pl/download/pojemniki-pomorskie.pdf#page=2"
"Naprzeciw Posesji Nr 5, Obok Sklepu","Naprzeciw Posesji Nr 5, Obok Sklepu, Nowa Wieś, gmina Parchowo, powiat Bytowski, Polska","Nowa Wieś","Bytowski","Parchowo","88","1","adres","54.28549","17.68296","Dopasowano numer posesji w podanej miejscowości. To adres odniesienia, nie potwierdzona pozycja pojemnika.","https://s-trojmiasto.pl/download/pojemniki-pomorskie.pdf#page=2"
"Bytowska","Bytowska, Parchowo, gmina Parchowo, powiat Bytowski, Polska","Parchowo","Bytowski","Parchowo","89, 90","2","orientacyjnie","54.2083366","17.6656083","PDF podaje tylko nazwę ulicy, bez numeru. Znacznik opisuje ulicę, nie miejsce ustawienia pojemnika; po kliknięciu pokazano jej przebieg.","https://s-trojmiasto.pl/download/pojemniki-pomorskie.pdf#page=2"
"Kartuska Osp","Kartuska Osp, Parchowo, gmina Parchowo, powiat Bytowski, Polska","Parchowo","Bytowski","Parchowo","91, 92","2","orientacyjnie","54.2068207","17.674234","Orientacyjny pobliski obiekt zgodny z opisem PDF. Znacznik nie wskazuje dokładnego miejsca pojemnika.","https://s-trojmiasto.pl/download/pojemniki-pomorskie.pdf#page=2"
"Parking Przed Plebanią","Parking Przed Plebanią, Parchowo, gmina Parchowo, powiat Bytowski, Polska","Parchowo","Bytowski","Parchowo","93","1","orientacyjnie","54.2081753","17.6674002","Orientacyjny pobliski obiekt zgodny z opisem PDF. Znacznik nie wskazuje dokładnego miejsca pojemnika.","https://s-trojmiasto.pl/download/pojemniki-pomorskie.pdf#page=2"
"Sylczno Parking,","Sylczno Parking,, Sylczno, gmina Parchowo, powiat Bytowski, Polska","Sylczno","Bytowski","Parchowo","94","1","brak","","","Opis nie pozwala jednoznacznie wskazać miejsca. Nie zastąpiono go środkiem miejscowości.","https://s-trojmiasto.pl/download/pojemniki-pomorskie.pdf#page=2"
"Żukówko 17A","Żukówko 17A, Żukówko, gmina Parchowo, powiat Bytowski, Polska","Żukówko","Bytowski","Parchowo","95","1","adres","54.22739","17.59941","Dopasowano numer posesji w podanej miejscowości. To adres odniesienia, nie potwierdzona pozycja pojemnika.","https://s-trojmiasto.pl/download/pojemniki-pomorskie.pdf#page=2"
"Półczno 25(Parking)","Półczno 25(Parking), Półczno, gmina Studzienice, powiat Bytowski, Polska","Półczno","Bytowski","Studzienice","96","1","orientacyjnie","54.1499327","17.639317","Dopasowano historyczny numer posesji zapisany w OSM. Aktualny adres może być inny; sprawdź opis źródłowy.","https://s-trojmiasto.pl/download/pojemniki-pomorskie.pdf#page=2"
"Przewóz 6(Przepompownia)","Przewóz 6(Przepompownia), Przewóz, gmina Studzienice, powiat Bytowski, Polska","Przewóz","Bytowski","Studzienice","97","1","adres","54.06458","17.54733","Dopasowano numer posesji w podanej miejscowości. To adres odniesienia, nie potwierdzona pozycja pojemnika.","https://s-trojmiasto.pl/download/pojemniki-pomorskie.pdf#page=2"
"Skwierawy 8(Osp)","Skwierawy 8(Osp), Skwierawy, gmina Studzienice, powiat Bytowski, Polska","Skwierawy","Bytowski","Studzienice","98","1","adres","54.11479","17.70242","Dopasowano numer posesji w podanej miejscowości. To adres odniesienia, nie potwierdzona pozycja pojemnika.","https://s-trojmiasto.pl/download/pojemniki-pomorskie.pdf#page=2"
"Sominy 13","Sominy 13, Sominy, gmina Studzienice, powiat Bytowski, Polska","Sominy","Bytowski","Studzienice","99, 100","2","brak","","","Nie dopasowano nazwy ulicy ani numeru posesji.","https://s-trojmiasto.pl/download/pojemniki-pomorskie.pdf#page=2"
"Kaszubska 11(Parking)","Kaszubska 11(Parking), Studzienice, gmina Studzienice, powiat Bytowski, Polska","Studzienice","Bytowski","Studzienice","101","1","adres","54.09234","17.57312","Dopasowano adres w OpenStreetMap. Punkt odnosi się do budynku/adresu, a nie do zweryfikowanej pozycji pojemnika.","https://s-trojmiasto.pl/download/pojemniki-pomorskie.pdf#page=2"
"Kłączno, Pks","Kłączno, Pks, Studziennice, gmina Studzienice, powiat Bytowski, Polska","Studziennice","Bytowski","Studzienice","102","1","brak","","","Opis nie pozwala jednoznacznie wskazać miejsca. Nie zastąpiono go środkiem miejscowości. Opis adresu wskazuje miejscowość Kłączno; kolumnę miejscowości z PDF zachowano bez zmian.","https://s-trojmiasto.pl/download/pojemniki-pomorskie.pdf#page=2"
"Ugoszcz 5","Ugoszcz 5, Ugoszcz, gmina Studzienice, powiat Bytowski, Polska","Ugoszcz","Bytowski","Studzienice","103, 104","2","orientacyjnie","54.123105","17.5275042","Dopasowano historyczny numer posesji zapisany w OSM. Aktualny adres może być inny; sprawdź opis źródłowy.","https://s-trojmiasto.pl/download/pojemniki-pomorskie.pdf#page=2"
"Wygoda 8(Pks)","Wygoda 8(Pks), Wygoda, gmina Studzienice, powiat Bytowski, Polska","Wygoda","Bytowski","Studzienice","105","1","adres","54.13783","17.6867","Dopasowano numer posesji w podanej miejscowości. To adres odniesienia, nie potwierdzona pozycja pojemnika.","https://s-trojmiasto.pl/download/pojemniki-pomorskie.pdf#page=2"
"Bożanka 3A","Bożanka 3A, Trzebielino, gmina Trzebielino, powiat Bytowski, Polska","Trzebielino","Bytowski","Trzebielino","106","1","brak","","","Nie dopasowano nazwy ulicy ani numeru posesji. Opis adresu wskazuje miejscowość Bożanka; kolumnę miejscowości z PDF zachowano bez zmian.","https://s-trojmiasto.pl/download/pojemniki-pomorskie.pdf#page=2"
"Cetyń, Eko","Cetyń, Eko, Trzebielino, gmina Trzebielino, powiat Bytowski, Polska","Trzebielino","Bytowski","Trzebielino","107","1","brak","","","Opis nie pozwala jednoznacznie wskazać miejsca. Nie zastąpiono go środkiem miejscowości. Opis adresu wskazuje miejscowość Cetyń; kolumnę miejscowości z PDF zachowano bez zmian.","https://s-trojmiasto.pl/download/pojemniki-pomorskie.pdf#page=2"
"Cetyń, Śmietniki,Eko","Cetyń, Śmietniki,Eko, Trzebielino, gmina Trzebielino, powiat Bytowski, Polska","Trzebielino","Bytowski","Trzebielino","108","1","brak","","","Opis nie pozwala jednoznacznie wskazać miejsca. Nie zastąpiono go środkiem miejscowości. Opis adresu wskazuje miejscowość Cetyń; kolumnę miejscowości z PDF zachowano bez zmian.","https://s-trojmiasto.pl/download/pojemniki-pomorskie.pdf#page=2"
"Dretyń 91, Sklep","Dretyń 91, Sklep, Trzebielino, gmina Trzebielino, powiat Bytowski, Polska","Trzebielino","Bytowski","Trzebielino","109","1","adres","54.1047183","16.9828713","Dopasowano numer posesji w podanej miejscowości. To adres odniesienia, nie potwierdzona pozycja pojemnika. Opis adresu wskazuje miejscowość Dretyń; kolumnę miejscowości z PDF zachowano bez zmian.","https://s-trojmiasto.pl/download/pojemniki-pomorskie.pdf#page=2"
"Dretyń Kapliczka Droga Na Łubno","Dretyń Kapliczka Droga Na Łubno, Trzebielino, gmina Trzebielino, powiat Bytowski, Polska","Trzebielino","Bytowski","Trzebielino","110","1","brak","","","Opis nie pozwala jednoznacznie wskazać miejsca. Nie zastąpiono go środkiem miejscowości. Opis adresu wskazuje miejscowość Dretyń; kolumnę miejscowości z PDF zachowano bez zmian.","https://s-trojmiasto.pl/download/pojemniki-pomorskie.pdf#page=2"
"Dretyń Os. Słoneczne,Garaże","Dretyń Os. Słoneczne,Garaże, Trzebielino, gmina Trzebielino, powiat Bytowski, Polska","Trzebielino","Bytowski","Trzebielino","111","1","brak","","","Opis nie pozwala jednoznacznie wskazać miejsca. Nie zastąpiono go środkiem miejscowości. Opis adresu wskazuje miejscowość Dretyń; kolumnę miejscowości z PDF zachowano bez zmian.","https://s-trojmiasto.pl/download/pojemniki-pomorskie.pdf#page=2"
"Dretyń Ul. Burczyna,Eko","Dretyń Ul. Burczyna,Eko, Trzebielino, gmina Trzebielino, powiat Bytowski, Polska","Trzebielino","Bytowski","Trzebielino","112","1","brak","","","Opis nie pozwala jednoznacznie wskazać miejsca. Nie zastąpiono go środkiem miejscowości. Opis adresu wskazuje miejscowość Dretyń; kolumnę miejscowości z PDF zachowano bez zmian.","https://s-trojmiasto.pl/download/pojemniki-pomorskie.pdf#page=2"
"Dretyń, Przystanek","Dretyń, Przystanek, Trzebielino, gmina Trzebielino, powiat Bytowski, Polska","Trzebielino","Bytowski","Trzebielino","113","1","brak","","","Opis nie pozwala jednoznacznie wskazać miejsca. Nie zastąpiono go środkiem miejscowości. Opis adresu wskazuje miejscowość Dretyń; kolumnę miejscowości z PDF zachowano bez zmian.","https://s-trojmiasto.pl/download/pojemniki-pomorskie.pdf#page=2"
"Kramarzyny Ul. Pomorska Pks","Kramarzyny Ul. Pomorska Pks, Trzebielino, gmina Trzebielino, powiat Bytowski, Polska","Trzebielino","Bytowski","Trzebielino","114","1","orientacyjnie","54.0568295","17.2392116","PDF podaje tylko nazwę ulicy, bez numeru. Znacznik opisuje ulicę, nie miejsce ustawienia pojemnika; po kliknięciu pokazano jej przebieg. Opis adresu wskazuje miejscowość Kramarzyny; kolumnę miejscowości z PDF zachowano bez zmian.","https://s-trojmiasto.pl/download/pojemniki-pomorskie.pdf#page=2"
"Objezierze Eko","Objezierze Eko, Trzebielino, gmina Trzebielino, powiat Bytowski, Polska","Trzebielino","Bytowski","Trzebielino","115","1","brak","","","Opis nie pozwala jednoznacznie wskazać miejsca. Nie zastąpiono go środkiem miejscowości. Opis adresu wskazuje miejscowość Objezierze; kolumnę miejscowości z PDF zachowano bez zmian.","https://s-trojmiasto.pl/download/pojemniki-pomorskie.pdf#page=2"
"Suchorze Ul.Szkolna Eko","Suchorze Ul.Szkolna Eko, Trzebielino, gmina Trzebielino, powiat Bytowski, Polska","Trzebielino","Bytowski","Trzebielino","116","1","orientacyjnie","54.2784304","17.0994047","Orientacyjny pobliski obiekt zgodny z opisem PDF. Znacznik nie wskazuje dokładnego miejsca pojemnika. Opis adresu wskazuje miejscowość Suchorze; kolumnę miejscowości z PDF zachowano bez zmian.","https://s-trojmiasto.pl/download/pojemniki-pomorskie.pdf#page=2"
"Suchorze, Eko","Suchorze, Eko, Trzebielino, gmina Trzebielino, powiat Bytowski, Polska","Trzebielino","Bytowski","Trzebielino","117","1","brak","","","Opis nie pozwala jednoznacznie wskazać miejsca. Nie zastąpiono go środkiem miejscowości. Opis adresu wskazuje miejscowość Suchorze; kolumnę miejscowości z PDF zachowano bez zmian.","https://s-trojmiasto.pl/download/pojemniki-pomorskie.pdf#page=2"
"Suchorze, Parking Kościół","Suchorze, Parking Kościół, Trzebielino, gmina Trzebielino, powiat Bytowski, Polska","Trzebielino","Bytowski","Trzebielino","118","1","orientacyjnie","54.2787941","17.104464","Orientacyjny pobliski obiekt zgodny z opisem PDF. Znacznik nie wskazuje dokładnego miejsca pojemnika. Opis adresu wskazuje miejscowość Suchorze; kolumnę miejscowości z PDF zachowano bez zmian.","https://s-trojmiasto.pl/download/pojemniki-pomorskie.pdf#page=2"
"Trzebielino 82, Śmietniki,Eko","Trzebielino 82, Śmietniki,Eko, Trzebielino, gmina Trzebielino, powiat Bytowski, Polska","Trzebielino","Bytowski","Trzebielino","119","1","brak","","","Nie dopasowano nazwy ulicy ani numeru posesji.","https://s-trojmiasto.pl/download/pojemniki-pomorskie.pdf#page=2"
"Trzebielino 87 Parking","Trzebielino 87 Parking, Trzebielino, gmina Trzebielino, powiat Bytowski, Polska","Trzebielino","Bytowski","Trzebielino","120","1","brak","","","Nie dopasowano nazwy ulicy ani numeru posesji.","https://s-trojmiasto.pl/download/pojemniki-pomorskie.pdf#page=2"
"Trzebielino Osp","Trzebielino Osp, Trzebielino, gmina Trzebielino, powiat Bytowski, Polska","Trzebielino","Bytowski","Trzebielino","121","1","orientacyjnie","54.1975206","17.0863109","Orientacyjny pobliski obiekt zgodny z opisem PDF. Znacznik nie wskazuje dokładnego miejsca pojemnika.","https://s-trojmiasto.pl/download/pojemniki-pomorskie.pdf#page=2"
"Trzebielino, Eko","Trzebielino, Eko, Trzebielino, gmina Trzebielino, powiat Bytowski, Polska","Trzebielino","Bytowski","Trzebielino","122","1","brak","","","Opis nie pozwala jednoznacznie wskazać miejsca. Nie zastąpiono go środkiem miejscowości.","https://s-trojmiasto.pl/download/pojemniki-pomorskie.pdf#page=2"
"Zielin 22","Zielin 22, Trzebielino, gmina Trzebielino, powiat Bytowski, Polska","Trzebielino","Bytowski","Trzebielino","123","1","brak","","","Nie dopasowano nazwy ulicy ani numeru posesji. Opis adresu wskazuje miejscowość Zielin; kolumnę miejscowości z PDF zachowano bez zmian.","https://s-trojmiasto.pl/download/pojemniki-pomorskie.pdf#page=2"
"Zielin,Droga Główna,Eko","Zielin,Droga Główna,Eko, Trzebielino, gmina Trzebielino, powiat Bytowski, Polska","Trzebielino","Bytowski","Trzebielino","124","1","brak","","","Opis nie pozwala jednoznacznie wskazać miejsca. Nie zastąpiono go środkiem miejscowości. Opis adresu wskazuje miejscowość Zielin; kolumnę miejscowości z PDF zachowano bez zmian.","https://s-trojmiasto.pl/download/pojemniki-pomorskie.pdf#page=2"
"Ciemno 32","Ciemno 32, Ciemno, gmina Tuchomie, powiat Bytowski, Polska","Ciemno","Bytowski","Tuchomie","125","1","adres","54.0802158","17.3396265","Dopasowano numer posesji w podanej miejscowości. To adres odniesienia, nie potwierdzona pozycja pojemnika.","https://s-trojmiasto.pl/download/pojemniki-pomorskie.pdf#page=2"
"Pomorska 45","Pomorska 45, Kramarzyny, gmina Tuchomie, powiat Bytowski, Polska","Kramarzyny","Bytowski","Tuchomie","126","1","adres","54.0588584","17.2410025","Dopasowano adres w OpenStreetMap. Punkt odnosi się do budynku/adresu, a nie do zweryfikowanej pozycji pojemnika.","https://s-trojmiasto.pl/download/pojemniki-pomorskie.pdf#page=2"
"Sezamkowa 6","Sezamkowa 6, Kramarzyny, gmina Tuchomie, powiat Bytowski, Polska","Kramarzyny","Bytowski","Tuchomie","127, 128","2","adres","54.0557399","17.2396509","Dopasowano adres w OpenStreetMap. Punkt odnosi się do budynku/adresu, a nie do zweryfikowanej pozycji pojemnika.","https://s-trojmiasto.pl/download/pojemniki-pomorskie.pdf#page=2"
"Masłowice Trzebiatowskie 37","Masłowice Trzebiatowskie 37, Masłowice Trzebiatowskie, gmina Tuchomie, powiat Bytowski, Polska","Masłowice Trzebiatowskie","Bytowski","Tuchomie","129","1","brak","","","Nie dopasowano nazwy ulicy ani numeru posesji. Opis adresu wskazuje miejscowość Masłowice; kolumnę miejscowości z PDF zachowano bez zmian.","https://s-trojmiasto.pl/download/pojemniki-pomorskie.pdf#page=2"
"Masłowice Tuchomskie 26","Masłowice Tuchomskie 26, Masłowice Tuchomskie, gmina Tuchomie, powiat Bytowski, Polska","Masłowice Tuchomskie","Bytowski","Tuchomie","130","1","adres","54.111258","17.3033062","Dopasowano numer posesji w podanej miejscowości. To adres odniesienia, nie potwierdzona pozycja pojemnika.","https://s-trojmiasto.pl/download/pojemniki-pomorskie.pdf#page=2"
"Masłowice Tuchomskie 6","Masłowice Tuchomskie 6, Masłowice Tuchomskie, gmina Tuchomie, powiat Bytowski, Polska","Masłowice Tuchomskie","Bytowski","Tuchomie","131","1","adres","54.1034028","17.2854151","Dopasowano numer posesji w podanej miejscowości. To adres odniesienia, nie potwierdzona pozycja pojemnika.","https://s-trojmiasto.pl/download/pojemniki-pomorskie.pdf#page=2"
"Masłowiczki 15","Masłowiczki 15, Masłowiczki, gmina Tuchomie, powiat Bytowski, Polska","Masłowiczki","Bytowski","Tuchomie","132","1","adres","54.0754915","17.2306199","Dopasowano numer posesji w podanej miejscowości. To adres odniesienia, nie potwierdzona pozycja pojemnika.","https://s-trojmiasto.pl/download/pojemniki-pomorskie.pdf#page=2"
"Modrzejewo 37","Modrzejewo 37, Modrzejewo, gmina Tuchomie, powiat Bytowski, Polska","Modrzejewo","Bytowski","Tuchomie","133","1","adres","54.1487646","17.3201665","Dopasowano numer posesji w podanej miejscowości. To adres odniesienia, nie potwierdzona pozycja pojemnika.","https://s-trojmiasto.pl/download/pojemniki-pomorskie.pdf#page=2"
"Nowe Huty 10","Nowe Huty 10, Nowe Huty, gmina Tuchomie, powiat Bytowski, Polska","Nowe Huty","Bytowski","Tuchomie","134","1","adres","54.1178641","17.2777703","Dopasowano numer posesji w podanej miejscowości. To adres odniesienia, nie potwierdzona pozycja pojemnika.","https://s-trojmiasto.pl/download/pojemniki-pomorskie.pdf#page=2"
"Piaszno 12","Piaszno 12, Piaszno, gmina Tuchomie, powiat Bytowski, Polska","Piaszno","Bytowski","Tuchomie","135","1","adres","54.0933069","17.3649697","Dopasowano numer posesji w podanej miejscowości. To adres odniesienia, nie potwierdzona pozycja pojemnika.","https://s-trojmiasto.pl/download/pojemniki-pomorskie.pdf#page=2"
"Tągowie 27","Tągowie 27, Tągowie, gmina Tuchomie, powiat Bytowski, Polska","Tągowie","Bytowski","Tuchomie","136","1","adres","54.147374","17.3694888","Dopasowano numer posesji w podanej miejscowości. To adres odniesienia, nie potwierdzona pozycja pojemnika.","https://s-trojmiasto.pl/download/pojemniki-pomorskie.pdf#page=2"
"Trzebiatkowa 23","Trzebiatkowa 23, Trzebiatkowa, gmina Tuchomie, powiat Bytowski, Polska","Trzebiatkowa","Bytowski","Tuchomie","137","1","adres","54.0638738","17.3042323","Dopasowano numer posesji w podanej miejscowości. To adres odniesienia, nie potwierdzona pozycja pojemnika.","https://s-trojmiasto.pl/download/pojemniki-pomorskie.pdf#page=2"
"Trzebiatkowa 37","Trzebiatkowa 37, Trzebiatkowa, gmina Tuchomie, powiat Bytowski, Polska","Trzebiatkowa","Bytowski","Tuchomie","138","1","adres","54.0649372","17.2987393","Dopasowano numer posesji w podanej miejscowości. To adres odniesienia, nie potwierdzona pozycja pojemnika.","https://s-trojmiasto.pl/download/pojemniki-pomorskie.pdf#page=2"
"Adama Mickiewicza 20","Adama Mickiewicza 20, Tuchomie, gmina Tuchomie, powiat Bytowski, Polska","Tuchomie","Bytowski","Tuchomie","139, 140","2","adres","54.1144556","17.3297367","Dopasowano adres w OpenStreetMap. Punkt odnosi się do budynku/adresu, a nie do zweryfikowanej pozycji pojemnika.","https://s-trojmiasto.pl/download/pojemniki-pomorskie.pdf#page=2"
"Jana 3 Sobieskiego 57","Jana 3 Sobieskiego 57, Tuchomie, gmina Tuchomie, powiat Bytowski, Polska","Tuchomie","Bytowski","Tuchomie","141, 142","2","brak","","","Nie dopasowano nazwy ulicy ani numeru posesji.","https://s-trojmiasto.pl/download/pojemniki-pomorskie.pdf#page=3"
"Kościelna 1","Kościelna 1, Tuchomie, gmina Tuchomie, powiat Bytowski, Polska","Tuchomie","Bytowski","Tuchomie","143","1","adres","54.1152463","17.3345753","Dopasowano adres w OpenStreetMap. Punkt odnosi się do budynku/adresu, a nie do zweryfikowanej pozycji pojemnika.","https://s-trojmiasto.pl/download/pojemniki-pomorskie.pdf#page=3"
"Mickiewicza 1","Mickiewicza 1, Tuchomie, gmina Tuchomie, powiat Bytowski, Polska","Tuchomie","Bytowski","Tuchomie","144, 145","2","adres","54.1161907","17.3330784","Dopasowano adres w OpenStreetMap. Punkt odnosi się do budynku/adresu, a nie do zweryfikowanej pozycji pojemnika.","https://s-trojmiasto.pl/download/pojemniki-pomorskie.pdf#page=3"
"Zagony 8","Zagony 8, Tuchomie, gmina Tuchomie, powiat Bytowski, Polska","Tuchomie","Bytowski","Tuchomie","146","1","adres","54.1165374","17.2675987","Dopasowano numer posesji w podanej miejscowości. To adres odniesienia, nie potwierdzona pozycja pojemnika. Opis adresu wskazuje miejscowość Zagony; kolumnę miejscowości z PDF zachowano bez zmian.","https://s-trojmiasto.pl/download/pojemniki-pomorskie.pdf#page=3"
"Tuchomko 17","Tuchomko 17, Tuchomko, gmina Tuchomie, powiat Bytowski, Polska","Tuchomko","Bytowski","Tuchomie","147","1","adres","54.134891","17.3632606","Dopasowano numer posesji w podanej miejscowości. To adres odniesienia, nie potwierdzona pozycja pojemnika.","https://s-trojmiasto.pl/download/pojemniki-pomorskie.pdf#page=3"
"Bałtycka Boisko","Bałtycka Boisko, Chojnice, gmina Chojnice, powiat Chojnicki, Polska","Chojnice","Chojnicki","Chojnice","148","1","orientacyjnie","53.7053418","17.5732098","Orientacyjny pobliski obiekt zgodny z opisem PDF. Znacznik nie wskazuje dokładnego miejsca pojemnika.","https://s-trojmiasto.pl/download/pojemniki-pomorskie.pdf#page=3"
"Bytowska 17","Bytowska 17, Chojnice, gmina Chojnice, powiat Chojnicki, Polska","Chojnice","Chojnicki","Chojnice","149, 150, 151","3","adres","53.7049821","17.5463339","Dopasowano adres w OpenStreetMap. Punkt odnosi się do budynku/adresu, a nie do zweryfikowanej pozycji pojemnika.","https://s-trojmiasto.pl/download/pojemniki-pomorskie.pdf#page=3"
"Czynu Zbrojeniowego Kolejarzy 18","Czynu Zbrojeniowego Kolejarzy 18, Chojnice, gmina Chojnice, powiat Chojnicki, Polska","Chojnice","Chojnicki","Chojnice","152, 153, 154","3","brak","","","Nie dopasowano nazwy ulicy ani numeru posesji.","https://s-trojmiasto.pl/download/pojemniki-pomorskie.pdf#page=3"
"Filomatów 36","Filomatów 36, Chojnice, gmina Chojnice, powiat Chojnicki, Polska","Chojnice","Chojnicki","Chojnice","155","1","orientacyjnie","53.6998294","17.5796622","Nie znaleziono numeru 36. Znacznik opisuje ulicę, nie miejsce ustawienia pojemnika; po kliknięciu pokazano jej przebieg.","https://s-trojmiasto.pl/download/pojemniki-pomorskie.pdf#page=3"
"Jednosci Robotniczej 26","Jednosci Robotniczej 26, Chojnice, gmina Chojnice, powiat Chojnicki, Polska","Chojnice","Chojnicki","Chojnice","156","1","orientacyjnie","53.6896554","17.5438418","Nie znaleziono numeru 26. Znacznik opisuje ulicę, nie miejsce ustawienia pojemnika; po kliknięciu pokazano jej przebieg.","https://s-trojmiasto.pl/download/pojemniki-pomorskie.pdf#page=3"
"Krasickiego 11","Krasickiego 11, Chojnice, gmina Chojnice, powiat Chojnicki, Polska","Chojnice","Chojnicki","Chojnice","157","1","adres","53.6897748","17.5583011","Dopasowano adres w OpenStreetMap. Punkt odnosi się do budynku/adresu, a nie do zweryfikowanej pozycji pojemnika.","https://s-trojmiasto.pl/download/pojemniki-pomorskie.pdf#page=3"
"Książąt Pomorskich 4","Książąt Pomorskich 4, Chojnice, gmina Chojnice, powiat Chojnicki, Polska","Chojnice","Chojnicki","Chojnice","158","1","adres","53.7008943","17.574818","Dopasowano adres w OpenStreetMap. Punkt odnosi się do budynku/adresu, a nie do zweryfikowanej pozycji pojemnika.","https://s-trojmiasto.pl/download/pojemniki-pomorskie.pdf#page=3"
"Małeosady 13","Małeosady 13, Chojnice, gmina Chojnice, powiat Chojnicki, Polska","Chojnice","Chojnicki","Chojnice","159","1","brak","","","Nie dopasowano nazwy ulicy ani numeru posesji.","https://s-trojmiasto.pl/download/pojemniki-pomorskie.pdf#page=3"
"Młodzieżowa 9","Młodzieżowa 9, Chojnice, gmina Chojnice, powiat Chojnicki, Polska","Chojnice","Chojnicki","Chojnice","160","1","adres","53.7019661","17.5690701","Dopasowano adres w OpenStreetMap. Punkt odnosi się do budynku/adresu, a nie do zweryfikowanej pozycji pojemnika.","https://s-trojmiasto.pl/download/pojemniki-pomorskie.pdf#page=3"
"Morelowa 32","Morelowa 32, Chojnice, gmina Chojnice, powiat Chojnicki, Polska","Chojnice","Chojnicki","Chojnice","161","1","adres","53.706805","17.5496895","Dopasowano adres w OpenStreetMap. Punkt odnosi się do budynku/adresu, a nie do zweryfikowanej pozycji pojemnika.","https://s-trojmiasto.pl/download/pojemniki-pomorskie.pdf#page=3"
"Obrońców Chojnic 11","Obrońców Chojnic 11, Chojnice, gmina Chojnice, powiat Chojnicki, Polska","Chojnice","Chojnicki","Chojnice","162","1","adres","53.6988817","17.5758325","Dopasowano adres w OpenStreetMap. Punkt odnosi się do budynku/adresu, a nie do zweryfikowanej pozycji pojemnika.","https://s-trojmiasto.pl/download/pojemniki-pomorskie.pdf#page=3"
"Składowa 2F","Składowa 2F, Chojnice, gmina Chojnice, powiat Chojnicki, Polska","Chojnice","Chojnicki","Chojnice","163","1","adres","53.6870024","17.5803174","Dopasowano adres w OpenStreetMap. Punkt odnosi się do budynku/adresu, a nie do zweryfikowanej pozycji pojemnika.","https://s-trojmiasto.pl/download/pojemniki-pomorskie.pdf#page=3"
"Wielewska 5","Wielewska 5, Chojnice, gmina Chojnice, powiat Chojnicki, Polska","Chojnice","Chojnicki","Chojnice","164","1","adres","53.7011715","17.5884479","Dopasowano adres w OpenStreetMap. Punkt odnosi się do budynku/adresu, a nie do zweryfikowanej pozycji pojemnika.","https://s-trojmiasto.pl/download/pojemniki-pomorskie.pdf#page=3"
"Żeromskiego 33","Żeromskiego 33, Chojnice, gmina Chojnice, powiat Chojnicki, Polska","Chojnice","Chojnicki","Chojnice","165","1","adres","53.6979448","17.5447699","Dopasowano adres w OpenStreetMap. Punkt odnosi się do budynku/adresu, a nie do zweryfikowanej pozycji pojemnika.","https://s-trojmiasto.pl/download/pojemniki-pomorskie.pdf#page=3"
"Ciechocin 35 Przy Świetlicy","Ciechocin 35 Przy Świetlicy, Ciechocin, gmina Chojnice, powiat Chojnicki, Polska","Ciechocin","Chojnicki","Chojnice","166","1","orientacyjnie","53.6120796","17.7017509","Dopasowano historyczny numer posesji zapisany w OSM. Aktualny adres może być inny; sprawdź opis źródłowy.","https://s-trojmiasto.pl/download/pojemniki-pomorskie.pdf#page=3"
"Grunowo 1","Grunowo 1, Grunowo, gmina Chojnice, powiat Chojnicki, Polska","Grunowo","Chojnicki","Chojnice","167","1","brak","","","Nie rozpoznano miejscowości w pobranych danych OSM.","https://s-trojmiasto.pl/download/pojemniki-pomorskie.pdf#page=3"
"Klosnowo Sklep","Klosnowo Sklep, Klosnowo Sklep, gmina Chojnice, powiat Chojnicki, Polska","Klosnowo Sklep","Chojnicki","Chojnice","168","1","brak","","","Opis nie pozwala jednoznacznie wskazać miejsca. Nie zastąpiono go środkiem miejscowości. Opis adresu wskazuje miejscowość Klosnowo; kolumnę miejscowości z PDF zachowano bez zmian.","https://s-trojmiasto.pl/download/pojemniki-pomorskie.pdf#page=3"
"Ogorzeliny Szkoła","Ogorzeliny Szkoła, Ogorzeliny, gmina Chojnice, powiat Chojnicki, Polska","Ogorzeliny","Chojnicki","Chojnice","169","1","orientacyjnie","53.601748","17.5570012","Orientacyjny pobliski obiekt zgodny z opisem PDF. Znacznik nie wskazuje dokładnego miejsca pojemnika.","https://s-trojmiasto.pl/download/pojemniki-pomorskie.pdf#page=3"
"Ostrowite Szkoła","Ostrowite Szkoła, Ostrowite, gmina Chojnice, powiat Chojnicki, Polska","Ostrowite","Chojnicki","Chojnice","170","1","orientacyjnie","53.6331151","17.6681236","Orientacyjny pobliski obiekt zgodny z opisem PDF. Znacznik nie wskazuje dokładnego miejsca pojemnika.","https://s-trojmiasto.pl/download/pojemniki-pomorskie.pdf#page=3"
"Pawłowo Szkoła","Pawłowo Szkoła, Pawłowo, gmina Chojnice, powiat Chojnicki, Polska","Pawłowo","Chojnicki","Chojnice","171","1","orientacyjnie","53.6814599","17.6394935","Orientacyjny pobliski obiekt zgodny z opisem PDF. Znacznik nie wskazuje dokładnego miejsca pojemnika.","https://s-trojmiasto.pl/download/pojemniki-pomorskie.pdf#page=3"
"Al.Zwycięzcow 3","Al.Zwycięzcow 3, Czarne, gmina Czarne, powiat Człuchowski, Polska","Czarne","Człuchowski","Czarne","172","1","adres","53.67845","16.94221","Dopasowano adres w OpenStreetMap. Punkt odnosi się do budynku/adresu, a nie do zweryfikowanej pozycji pojemnika.","https://s-trojmiasto.pl/download/pojemniki-pomorskie.pdf#page=3"
"Mickiewicza/Cicha 2","Mickiewicza/Cicha 2, Czarne, gmina Czarne, powiat Człuchowski, Polska","Czarne","Człuchowski","Czarne","173","1","orientacyjnie","53.6837911","16.9426104","Nie znaleziono numeru 2. Znacznik opisuje ulicę, nie miejsce ustawienia pojemnika; po kliknięciu pokazano jej przebieg.","https://s-trojmiasto.pl/download/pojemniki-pomorskie.pdf#page=3"
"Parkowa 12","Parkowa 12, Czarne, gmina Czarne, powiat Człuchowski, Polska","Czarne","Człuchowski","Czarne","174, 175","2","adres","53.6818717","16.9388855","Dopasowano adres w OpenStreetMap. Punkt odnosi się do budynku/adresu, a nie do zweryfikowanej pozycji pojemnika.","https://s-trojmiasto.pl/download/pojemniki-pomorskie.pdf#page=3"
"Plac Moniuszki 1","Plac Moniuszki 1, Czarne, gmina Czarne, powiat Człuchowski, Polska","Czarne","Człuchowski","Czarne","176","1","brak","","","Nie dopasowano nazwy ulicy ani numeru posesji.","https://s-trojmiasto.pl/download/pojemniki-pomorskie.pdf#page=3"
"Polna 2","Polna 2, Czarne, gmina Czarne, powiat Człuchowski, Polska","Czarne","Człuchowski","Czarne","177","1","adres","53.68709","16.93673","Dopasowano adres w OpenStreetMap. Punkt odnosi się do budynku/adresu, a nie do zweryfikowanej pozycji pojemnika.","https://s-trojmiasto.pl/download/pojemniki-pomorskie.pdf#page=3"
"Strzelecka 8","Strzelecka 8, Czarne, gmina Czarne, powiat Człuchowski, Polska","Czarne","Człuchowski","Czarne","178","1","adres","53.68466","16.93167","Dopasowano adres w OpenStreetMap. Punkt odnosi się do budynku/adresu, a nie do zweryfikowanej pozycji pojemnika.","https://s-trojmiasto.pl/download/pojemniki-pomorskie.pdf#page=3"
"Świerczewskiego 7","Świerczewskiego 7, Czarne, gmina Czarne, powiat Człuchowski, Polska","Czarne","Człuchowski","Czarne","179","1","orientacyjnie","53.686116","16.9282794","Nie znaleziono numeru 7. Znacznik opisuje ulicę, nie miejsce ustawienia pojemnika; po kliknięciu pokazano jej przebieg.","https://s-trojmiasto.pl/download/pojemniki-pomorskie.pdf#page=3"
"Zielona 2","Zielona 2, Koczala, gmina Czarne, powiat Człuchowski, Polska","Koczala","Człuchowski","Czarne","180","1","adres","53.90788","17.06096","Dopasowano adres w OpenStreetMap. Punkt odnosi się do budynku/adresu, a nie do zweryfikowanej pozycji pojemnika.","https://s-trojmiasto.pl/download/pojemniki-pomorskie.pdf#page=3"
"nr 25","nr 25, Bukowo, gmina Człuchów, powiat Człuchowski, Polska","Bukowo","Człuchowski","Człuchów","181","1","adres","53.58974","17.38045","Dopasowano numer posesji w podanej miejscowości. To adres odniesienia, nie potwierdzona pozycja pojemnika.","https://s-trojmiasto.pl/download/pojemniki-pomorskie.pdf#page=3"
"Oś.Wazów 1","Oś.Wazów 1, Człuchów, gmina Człuchów, powiat Człuchowski, Polska","Człuchów","Człuchowski","Człuchów","182, 183","2","orientacyjnie","53.6658095","17.3540321","Nie znaleziono dokładnego oznaczenia budynku lub klatki. Pokazano adres o tym samym numerze podstawowym.","https://s-trojmiasto.pl/download/pojemniki-pomorskie.pdf#page=3"
"Oś.Witosa 3","Oś.Witosa 3, Człuchów, gmina Człuchów, powiat Człuchowski, Polska","Człuchów","Człuchowski","Człuchów","184","1","adres","53.6583286","17.3484332","Dopasowano adres w OpenStreetMap. Punkt odnosi się do budynku/adresu, a nie do zweryfikowanej pozycji pojemnika.","https://s-trojmiasto.pl/download/pojemniki-pomorskie.pdf#page=3"
"Oś.Witosa 8","Oś.Witosa 8, Człuchów, gmina Człuchów, powiat Człuchowski, Polska","Człuchów","Człuchowski","Człuchów","185, 186","2","adres","53.657465","17.3500688","Dopasowano adres w OpenStreetMap. Punkt odnosi się do budynku/adresu, a nie do zweryfikowanej pozycji pojemnika.","https://s-trojmiasto.pl/download/pojemniki-pomorskie.pdf#page=3"
"Wojska Polskiego 58D","Wojska Polskiego 58D, Człuchów, gmina Człuchów, powiat Człuchowski, Polska","Człuchów","Człuchowski","Człuchów","187","1","adres","53.674553","17.3769096","Dopasowano adres w OpenStreetMap. Punkt odnosi się do budynku/adresu, a nie do zweryfikowanej pozycji pojemnika.","https://s-trojmiasto.pl/download/pojemniki-pomorskie.pdf#page=3"
"Zamkowa7A","Zamkowa7A, Człuchów, gmina Człuchów, powiat Człuchowski, Polska","Człuchów","Człuchowski","Człuchów","188, 189, 190","3","orientacyjnie","53.6659688","17.3600543","Nie znaleziono dokładnego oznaczenia budynku lub klatki. Pokazano adres o tym samym numerze podstawowym.","https://s-trojmiasto.pl/download/pojemniki-pomorskie.pdf#page=3"
"nr 47","nr 47, Ględowo, gmina Człuchów, powiat Człuchowski, Polska","Ględowo","Człuchowski","Człuchów","191","1","adres","53.6591","17.4052","Dopasowano numer posesji w podanej miejscowości. To adres odniesienia, nie potwierdzona pozycja pojemnika.","https://s-trojmiasto.pl/download/pojemniki-pomorskie.pdf#page=3"
"nr 34","nr 34, Ględowo, gmina Człuchów, powiat Człuchowski, Polska","Ględowo","Człuchowski","Człuchów","192","1","adres","53.6620394","17.4076188","Dopasowano numer posesji w podanej miejscowości. To adres odniesienia, nie potwierdzona pozycja pojemnika.","https://s-trojmiasto.pl/download/pojemniki-pomorskie.pdf#page=3"
"nr 39","nr 39, Rychnowy, gmina Człuchów, powiat Człuchowski, Polska","Rychnowy","Człuchowski","Człuchów","193","1","adres","53.6812","17.4319554","Dopasowano numer posesji w podanej miejscowości. To adres odniesienia, nie potwierdzona pozycja pojemnika.","https://s-trojmiasto.pl/download/pojemniki-pomorskie.pdf#page=3"
"Górna 3","Górna 3, Debrzno, gmina Debrzno, powiat Człuchowski, Polska","Debrzno","Człuchowski","Debrzno","194","1","adres","53.53703","17.23662","Dopasowano adres w OpenStreetMap. Punkt odnosi się do budynku/adresu, a nie do zweryfikowanej pozycji pojemnika.","https://s-trojmiasto.pl/download/pojemniki-pomorskie.pdf#page=3"
"Ogrodowa 13","Ogrodowa 13, Debrzno, gmina Debrzno, powiat Człuchowski, Polska","Debrzno","Człuchowski","Debrzno","195","1","adres","53.53823","17.22788","Dopasowano adres w OpenStreetMap. Punkt odnosi się do budynku/adresu, a nie do zweryfikowanej pozycji pojemnika.","https://s-trojmiasto.pl/download/pojemniki-pomorskie.pdf#page=3"
"Ogrodowa 19","Ogrodowa 19, Debrzno, gmina Debrzno, powiat Człuchowski, Polska","Debrzno","Człuchowski","Debrzno","196","1","adres","53.53939","17.22762","Dopasowano adres w OpenStreetMap. Punkt odnosi się do budynku/adresu, a nie do zweryfikowanej pozycji pojemnika.","https://s-trojmiasto.pl/download/pojemniki-pomorskie.pdf#page=3"
"Ogrodowa 27","Ogrodowa 27, Debrzno, gmina Debrzno, powiat Człuchowski, Polska","Debrzno","Człuchowski","Debrzno","197","1","adres","53.5411076","17.2276595","Dopasowano adres w OpenStreetMap. Punkt odnosi się do budynku/adresu, a nie do zweryfikowanej pozycji pojemnika.","https://s-trojmiasto.pl/download/pojemniki-pomorskie.pdf#page=3"
"Ogrodowa 5","Ogrodowa 5, Debrzno, gmina Debrzno, powiat Człuchowski, Polska","Debrzno","Człuchowski","Debrzno","198","1","adres","53.53744","17.22753","Dopasowano adres w OpenStreetMap. Punkt odnosi się do budynku/adresu, a nie do zweryfikowanej pozycji pojemnika.","https://s-trojmiasto.pl/download/pojemniki-pomorskie.pdf#page=3"
"Osiedle 35-Leciaprl10","Osiedle 35-Leciaprl10, Debrzno, gmina Debrzno, powiat Człuchowski, Polska","Debrzno","Człuchowski","Debrzno","199, 200","2","brak","","","Nie dopasowano nazwy ulicy ani numeru posesji.","https://s-trojmiasto.pl/download/pojemniki-pomorskie.pdf#page=3"
"Przechodnia 13","Przechodnia 13, Debrzno, gmina Debrzno, powiat Człuchowski, Polska","Debrzno","Człuchowski","Debrzno","201","1","adres","53.54056","17.24487","Dopasowano adres w OpenStreetMap. Punkt odnosi się do budynku/adresu, a nie do zweryfikowanej pozycji pojemnika.","https://s-trojmiasto.pl/download/pojemniki-pomorskie.pdf#page=3"
"Słupia 38A","Słupia 38A, Słupia, gmina Debrzno, powiat Człuchowski, Polska","Słupia","Człuchowski","Debrzno","202","1","adres","53.5843","17.27814","Dopasowano numer posesji w podanej miejscowości. To adres odniesienia, nie potwierdzona pozycja pojemnika.","https://s-trojmiasto.pl/download/pojemniki-pomorskie.pdf#page=3"
"Stare Gronowo 16","Stare Gronowo 16, Stare Gronowo, gmina Debrzno, powiat Człuchowski, Polska","Stare Gronowo","Człuchowski","Debrzno","203","1","adres","53.53988","17.38106","Dopasowano numer posesji w podanej miejscowości. To adres odniesienia, nie potwierdzona pozycja pojemnika.","https://s-trojmiasto.pl/download/pojemniki-pomorskie.pdf#page=3"
"Stare Gronowo 48","Stare Gronowo 48, Stare Gronowo, gmina Debrzno, powiat Człuchowski, Polska","Stare Gronowo","Człuchowski","Debrzno","204","1","adres","53.54015","17.37925","Dopasowano numer posesji w podanej miejscowości. To adres odniesienia, nie potwierdzona pozycja pojemnika.","https://s-trojmiasto.pl/download/pojemniki-pomorskie.pdf#page=3"
"Bielsko 10","Bielsko 10, Bielsko, gmina Koczała, powiat Człuchowski, Polska","Bielsko","Człuchowski","Koczała","205","1","adres","53.86891","17.12057","Dopasowano numer posesji w podanej miejscowości. To adres odniesienia, nie potwierdzona pozycja pojemnika.","https://s-trojmiasto.pl/download/pojemniki-pomorskie.pdf#page=3"
"Czluchowska","Czluchowska, Koczala, gmina Koczała, powiat Człuchowski, Polska","Koczala","Człuchowski","Koczała","206","1","orientacyjnie","53.8999594","17.0671931","PDF podaje tylko nazwę ulicy, bez numeru. Znacznik opisuje ulicę, nie miejsce ustawienia pojemnika; po kliknięciu pokazano jej przebieg.","https://s-trojmiasto.pl/download/pojemniki-pomorskie.pdf#page=3"
"Zielona 2","Zielona 2, Koczala, gmina Koczała, powiat Człuchowski, Polska","Koczala","Człuchowski","Koczała","207","1","adres","53.90788","17.06096","Dopasowano adres w OpenStreetMap. Punkt odnosi się do budynku/adresu, a nie do zweryfikowanej pozycji pojemnika.","https://s-trojmiasto.pl/download/pojemniki-pomorskie.pdf#page=3"
"Targowisko","Targowisko, Koczała, gmina Koczała, powiat Człuchowski, Polska","Koczała","Człuchowski","Koczała","208","1","brak","","","Opis nie pozwala jednoznacznie wskazać miejsca. Nie zastąpiono go środkiem miejscowości.","https://s-trojmiasto.pl/download/pojemniki-pomorskie.pdf#page=3"
"Łękinia 8","Łękinia 8, Łękinia, gmina Koczała, powiat Człuchowski, Polska","Łękinia","Człuchowski","Koczała","209","1","adres","53.90145","17.02142","Dopasowano numer posesji w podanej miejscowości. To adres odniesienia, nie potwierdzona pozycja pojemnika.","https://s-trojmiasto.pl/download/pojemniki-pomorskie.pdf#page=3"
"Pietrzykowo 24","Pietrzykowo 24, Pietrzykowo, gmina Koczała, powiat Człuchowski, Polska","Pietrzykowo","Człuchowski","Koczała","210","1","adres","53.99055","17.15548","Dopasowano numer posesji w podanej miejscowości. To adres odniesienia, nie potwierdzona pozycja pojemnika.","https://s-trojmiasto.pl/download/pojemniki-pomorskie.pdf#page=3"
"Starzno 5 Osp","Starzno 5 Osp, Starzno, gmina Koczała, powiat Człuchowski, Polska","Starzno","Człuchowski","Koczała","211","1","brak","","","Kilka odległych obiektów pasuje do opisu. Nie wskazano zgadywanej pozycji.","https://s-trojmiasto.pl/download/pojemniki-pomorskie.pdf#page=3"
"Gops","Gops, Przechlewo, gmina Przechlewo, powiat Człuchowski, Polska","Przechlewo","Człuchowski","Przechlewo","212","1","brak","","","Opis nie pozwala jednoznacznie wskazać miejsca. Nie zastąpiono go środkiem miejscowości.","https://s-trojmiasto.pl/download/pojemniki-pomorskie.pdf#page=4"
"Boisko","Boisko, Szczytno, gmina Przechlewo, powiat Człuchowski, Polska","Szczytno","Człuchowski","Przechlewo","213","1","brak","","","Opis nie pozwala jednoznacznie wskazać miejsca. Nie zastąpiono go środkiem miejscowości.","https://s-trojmiasto.pl/download/pojemniki-pomorskie.pdf#page=4"
"Koszalińska 65","Koszalińska 65, Brzezie, gmina Rzeczenica, powiat Człuchowski, Polska","Brzezie","Człuchowski","Rzeczenica","214","1","adres","53.8324951","16.9347189","Dopasowano adres w OpenStreetMap. Punkt odnosi się do budynku/adresu, a nie do zweryfikowanej pozycji pojemnika.","https://s-trojmiasto.pl/download/pojemniki-pomorskie.pdf#page=4"
"nr 11","nr 11, Gackowo, gmina Rzeczenica, powiat Człuchowski, Polska","Gackowo","Człuchowski","Rzeczenica","215","1","brak","","","Nie rozpoznano miejscowości w pobranych danych OSM.","https://s-trojmiasto.pl/download/pojemniki-pomorskie.pdf#page=4"
"Gwieżdzin 18","Gwieżdzin 18, Rzeczenica, gmina Rzeczenica, powiat Człuchowski, Polska","Rzeczenica","Człuchowski","Rzeczenica","216","1","adres","53.7360691","17.1954201","Dopasowano numer posesji w podanej miejscowości. To adres odniesienia, nie potwierdzona pozycja pojemnika. Opis adresu wskazuje miejscowość Gwieździn; kolumnę miejscowości z PDF zachowano bez zmian.","https://s-trojmiasto.pl/download/pojemniki-pomorskie.pdf#page=4"
"Lipowa 3","Lipowa 3, Rzeczenica, gmina Rzeczenica, powiat Człuchowski, Polska","Rzeczenica","Człuchowski","Rzeczenica","217","1","adres","53.7580732","17.107033","Dopasowano adres w OpenStreetMap. Punkt odnosi się do budynku/adresu, a nie do zweryfikowanej pozycji pojemnika.","https://s-trojmiasto.pl/download/pojemniki-pomorskie.pdf#page=4"
"Międzybórz","Międzybórz, Rzeczenica, gmina Rzeczenica, powiat Człuchowski, Polska","Rzeczenica","Człuchowski","Rzeczenica","218","1","brak","","","Opis nie pozwala jednoznacznie wskazać miejsca. Nie zastąpiono go środkiem miejscowości. Opis adresu wskazuje miejscowość Międzybórz; kolumnę miejscowości z PDF zachowano bez zmian.","https://s-trojmiasto.pl/download/pojemniki-pomorskie.pdf#page=4"
"Homera/Międzygwiezdna","Homera / Międzygwiezdna, Gdańsk, Polska","Gdańsk","Gdańsk","01-Osowa","219","1","orientacyjnie","54.4173506","18.4842147","Orientacyjna lokalizacja skrzyżowania. Nie określa strony ulicy ani dokładnego miejsca pojemnika.","https://s-trojmiasto.pl/download/pojemniki-pomorskie.pdf#page=4"
"Junony 88","Junony 88, Gdańsk, Polska","Gdańsk","Gdańsk","01-Osowa","220","1","adres","54.4188045","18.477229","Dopasowano adres w OpenStreetMap. Punkt odnosi się do budynku/adresu, a nie do zweryfikowanej pozycji pojemnika.","https://s-trojmiasto.pl/download/pojemniki-pomorskie.pdf#page=4"
"Orfeusza 6","Orfeusza 6, Gdańsk, Polska","Gdańsk","Gdańsk","01-Osowa","221","1","adres","54.4219071","18.4806785","Dopasowano adres w OpenStreetMap. Punkt odnosi się do budynku/adresu, a nie do zweryfikowanej pozycji pojemnika.","https://s-trojmiasto.pl/download/pojemniki-pomorskie.pdf#page=4"
"Podchorążych 10","Podchorążych 10, Gdańsk, Polska","Gdańsk","Gdańsk","02-Matarnia","222","1","adres","54.377907","18.5050453","Dopasowano adres w OpenStreetMap. Punkt odnosi się do budynku/adresu, a nie do zweryfikowanej pozycji pojemnika.","https://s-trojmiasto.pl/download/pojemniki-pomorskie.pdf#page=4"
"Elewów","Elewów, Gdańsk, Polska","Gdańsk","Gdańsk","02-Matarnia","223","1","orientacyjnie","54.3797585","18.5054111","PDF podaje tylko nazwę ulicy, bez numeru. Znacznik opisuje ulicę, nie miejsce ustawienia pojemnika; po kliknięciu pokazano jej przebieg.","https://s-trojmiasto.pl/download/pojemniki-pomorskie.pdf#page=4"
"Harfowa","Harfowa, Gdańsk, Polska","Gdańsk","Gdańsk","02-Matarnia","224","1","orientacyjnie","54.3767994","18.524019","PDF podaje tylko nazwę ulicy, bez numeru. Znacznik opisuje ulicę, nie miejsce ustawienia pojemnika; po kliknięciu pokazano jej przebieg.","https://s-trojmiasto.pl/download/pojemniki-pomorskie.pdf#page=4"
"Harfowa 17","Harfowa 17, Gdańsk, Polska","Gdańsk","Gdańsk","02-Matarnia","225","1","adres","54.3776181","18.5261881","Dopasowano adres w OpenStreetMap. Punkt odnosi się do budynku/adresu, a nie do zweryfikowanej pozycji pojemnika.","https://s-trojmiasto.pl/download/pojemniki-pomorskie.pdf#page=4"
"Radiowa 12","Radiowa 12, Gdańsk, Polska","Gdańsk","Gdańsk","02-Matarnia","226","1","adres","54.3894675","18.4794255","Dopasowano adres w OpenStreetMap. Punkt odnosi się do budynku/adresu, a nie do zweryfikowanej pozycji pojemnika.","https://s-trojmiasto.pl/download/pojemniki-pomorskie.pdf#page=4"
"Wiolinowa/Harfowa","Wiolinowa / Harfowa, Gdańsk, Polska","Gdańsk","Gdańsk","02-Matarnia","227","1","orientacyjnie","54.3785899","18.5232699","Orientacyjna lokalizacja skrzyżowania. Nie określa strony ulicy ani dokładnego miejsca pojemnika.","https://s-trojmiasto.pl/download/pojemniki-pomorskie.pdf#page=4"
"Jabłoniowa 48 Biedronka","Jabłoniowa 48, Gdańsk, Polska","Gdańsk","Gdańsk","03-Kokoszki","228","1","adres","54.3249244","18.5484672","Dopasowano adres w OpenStreetMap. Punkt odnosi się do budynku/adresu, a nie do zweryfikowanej pozycji pojemnika.","https://s-trojmiasto.pl/download/pojemniki-pomorskie.pdf#page=4"
"Morelowa/Turzynowa","Morelowa / Turzynowa, Gdańsk, Polska","Gdańsk","Gdańsk","03-Kokoszki","229","1","brak","","","Nie rozpoznano jednoznacznie skrzyżowania tych ulic w danych mapowych.","https://s-trojmiasto.pl/download/pojemniki-pomorskie.pdf#page=4"
"Grottgera 30A","Grottgera 30A, Gdańsk, Polska","Gdańsk","Gdańsk","04-Oliwa","230","1","adres","54.4043514","18.5615317","Dopasowano adres w OpenStreetMap. Punkt odnosi się do budynku/adresu, a nie do zweryfikowanej pozycji pojemnika.","https://s-trojmiasto.pl/download/pojemniki-pomorskie.pdf#page=4"
"Grunwaldzka 577","Grunwaldzka 577, Gdańsk, Polska","Gdańsk","Gdańsk","04-Oliwa","231","1","adres","54.419268","18.5663875","Dopasowano adres w OpenStreetMap. Punkt odnosi się do budynku/adresu, a nie do zweryfikowanej pozycji pojemnika.","https://s-trojmiasto.pl/download/pojemniki-pomorskie.pdf#page=4"
"Grunwaldzka 591","Grunwaldzka 591, Gdańsk, Polska","Gdańsk","Gdańsk","04-Oliwa","232","1","adres","54.420352","18.565797","Dopasowano adres w OpenStreetMap. Punkt odnosi się do budynku/adresu, a nie do zweryfikowanej pozycji pojemnika.","https://s-trojmiasto.pl/download/pojemniki-pomorskie.pdf#page=4"
"Michałowskiego 29","Michałowskiego 29, Gdańsk, Polska","Gdańsk","Gdańsk","04-Oliwa","233","1","adres","54.3863365","18.5738489","Dopasowano adres w OpenStreetMap. Punkt odnosi się do budynku/adresu, a nie do zweryfikowanej pozycji pojemnika.","https://s-trojmiasto.pl/download/pojemniki-pomorskie.pdf#page=4"
"Norblina 27","Norblina 27, Gdańsk, Polska","Gdańsk","Gdańsk","04-Oliwa","234","1","adres","54.3889811","18.5688139","Dopasowano adres w OpenStreetMap. Punkt odnosi się do budynku/adresu, a nie do zweryfikowanej pozycji pojemnika.","https://s-trojmiasto.pl/download/pojemniki-pomorskie.pdf#page=4"
"Paneckiego 19","Paneckiego 19, Gdańsk, Polska","Gdańsk","Gdańsk","04-Oliwa","235","1","adres","54.392843","18.5703895","Dopasowano adres w OpenStreetMap. Punkt odnosi się do budynku/adresu, a nie do zweryfikowanej pozycji pojemnika.","https://s-trojmiasto.pl/download/pojemniki-pomorskie.pdf#page=4"
"Rodakowskiego 1","Rodakowskiego 1, Gdańsk, Polska","Gdańsk","Gdańsk","04-Oliwa","236","1","adres","54.3863597","18.5696885","Dopasowano adres w OpenStreetMap. Punkt odnosi się do budynku/adresu, a nie do zweryfikowanej pozycji pojemnika.","https://s-trojmiasto.pl/download/pojemniki-pomorskie.pdf#page=4"
"Tatrzańska 3","Tatrzańska 3, Gdańsk, Polska","Gdańsk","Gdańsk","04-Oliwa","237","1","adres","54.41307","18.5564632","Dopasowano adres w OpenStreetMap. Punkt odnosi się do budynku/adresu, a nie do zweryfikowanej pozycji pojemnika.","https://s-trojmiasto.pl/download/pojemniki-pomorskie.pdf#page=4"
"Wita Swosza 55","Wita Stwosza 55, Gdańsk, Polska","Gdańsk","Gdańsk","04-Oliwa","238","1","adres","54.3974829","18.572011","Dopasowano adres w OpenStreetMap. Punkt odnosi się do budynku/adresu, a nie do zweryfikowanej pozycji pojemnika. Korekta literówki: w PDF „Wita Swosza”.","https://s-trojmiasto.pl/download/pojemniki-pomorskie.pdf#page=4"
"Burzynskiego 6A","Burzyńskiego 6A, Gdańsk, Polska","Gdańsk","Gdańsk","07-Zaspa","239","1","adres","54.3958523","18.6061219","Dopasowano adres w OpenStreetMap. Punkt odnosi się do budynku/adresu, a nie do zweryfikowanej pozycji pojemnika. Ujednolicono pisownię nazwiska Burzyńskiego.","https://s-trojmiasto.pl/download/pojemniki-pomorskie.pdf#page=4"
"Burzyńskiego 6 G","Burzyńskiego 6G, Gdańsk, Polska","Gdańsk","Gdańsk","07-Zaspa","240","1","adres","54.3954428","18.60447","Dopasowano adres w OpenStreetMap. Punkt odnosi się do budynku/adresu, a nie do zweryfikowanej pozycji pojemnika.","https://s-trojmiasto.pl/download/pojemniki-pomorskie.pdf#page=4"
"Burzyńskiego 8A","Burzyńskiego 8A, Gdańsk, Polska","Gdańsk","Gdańsk","07-Zaspa","241","1","adres","54.3949047","18.6080494","Dopasowano adres w OpenStreetMap. Punkt odnosi się do budynku/adresu, a nie do zweryfikowanej pozycji pojemnika.","https://s-trojmiasto.pl/download/pojemniki-pomorskie.pdf#page=4"
"Byrzyńskiego 12G","Burzyńskiego 12G, Gdańsk, Polska","Gdańsk","Gdańsk","07-Zaspa","242","1","adres","54.3973644","18.6067771","Dopasowano adres w OpenStreetMap. Punkt odnosi się do budynku/adresu, a nie do zweryfikowanej pozycji pojemnika. Korekta literówki: w PDF „Byrzyńskiego”.","https://s-trojmiasto.pl/download/pojemniki-pomorskie.pdf#page=4"
"Ciolkowskiego 3/5","Ciołkowskiego 3/5, Gdańsk, Polska","Gdańsk","Gdańsk","07-Zaspa","243","1","orientacyjnie","54.3915494","18.6144067","Nie znaleziono całego zapisu numeru. Pokazano jeden z adresów należących do podanego zakresu; sprawdź opis z PDF. Ujednolicono polskie znaki.","https://s-trojmiasto.pl/download/pojemniki-pomorskie.pdf#page=4"
"Ciołkowskiego 7","Ciołkowskiego 7, Gdańsk, Polska","Gdańsk","Gdańsk","07-Zaspa","244","1","adres","54.3922794","18.6121667","Dopasowano adres w OpenStreetMap. Punkt odnosi się do budynku/adresu, a nie do zweryfikowanej pozycji pojemnika.","https://s-trojmiasto.pl/download/pojemniki-pomorskie.pdf#page=4"
"Dywizjonu 303 25","Dywizjonu 303 25, Gdańsk, Polska","Gdańsk","Gdańsk","07-Zaspa","245","1","adres","54.3898997","18.6029787","Dopasowano adres w OpenStreetMap. Punkt odnosi się do budynku/adresu, a nie do zweryfikowanej pozycji pojemnika.","https://s-trojmiasto.pl/download/pojemniki-pomorskie.pdf#page=4"
"Dywizjonu 303 33C","Dywizjonu 303 33C, Gdańsk, Polska","Gdańsk","Gdańsk","07-Zaspa","246","1","adres","54.3922605","18.6014311","Dopasowano adres w OpenStreetMap. Punkt odnosi się do budynku/adresu, a nie do zweryfikowanej pozycji pojemnika.","https://s-trojmiasto.pl/download/pojemniki-pomorskie.pdf#page=4"
"Kombatantów 1","Kombatantów 1, Gdańsk, Polska","Gdańsk","Gdańsk","07-Zaspa","247","1","orientacyjnie","54.3958227","18.6108035","Nie znaleziono dokładnego oznaczenia budynku lub klatki. Pokazano adres o tym samym numerze podstawowym.","https://s-trojmiasto.pl/download/pojemniki-pomorskie.pdf#page=4"
"Meissnera 10/12","Meissnera 10/12, Gdańsk, Polska","Gdańsk","Gdańsk","07-Zaspa","248","1","orientacyjnie","54.4016947","18.6073477","Nie znaleziono całego zapisu numeru. Pokazano jeden z adresów należących do podanego zakresu; sprawdź opis z PDF.","https://s-trojmiasto.pl/download/pojemniki-pomorskie.pdf#page=4"
"Meissnera 13","Meissnera 13, Gdańsk, Polska","Gdańsk","Gdańsk","07-Zaspa","249","1","adres","54.4022698","18.6063779","Dopasowano adres w OpenStreetMap. Punkt odnosi się do budynku/adresu, a nie do zweryfikowanej pozycji pojemnika.","https://s-trojmiasto.pl/download/pojemniki-pomorskie.pdf#page=4"
"Meissnera 16A","Meissnera 16A, Gdańsk, Polska","Gdańsk","Gdańsk","07-Zaspa","250","1","adres","54.4033771","18.6085769","Dopasowano adres w OpenStreetMap. Punkt odnosi się do budynku/adresu, a nie do zweryfikowanej pozycji pojemnika.","https://s-trojmiasto.pl/download/pojemniki-pomorskie.pdf#page=4"
"Meissnera 18A","Meissnera 18A, Gdańsk, Polska","Gdańsk","Gdańsk","07-Zaspa","251","1","adres","54.4031832","18.6095087","Dopasowano adres w OpenStreetMap. Punkt odnosi się do budynku/adresu, a nie do zweryfikowanej pozycji pojemnika.","https://s-trojmiasto.pl/download/pojemniki-pomorskie.pdf#page=4"
"Meissnera 6","Meissnera 6, Gdańsk, Polska","Gdańsk","Gdańsk","07-Zaspa","252","1","adres","54.4010472","18.6054332","Dopasowano adres w OpenStreetMap. Punkt odnosi się do budynku/adresu, a nie do zweryfikowanej pozycji pojemnika.","https://s-trojmiasto.pl/download/pojemniki-pomorskie.pdf#page=4"
"Nagórskiego 5A","Nagórskiego 5A, Gdańsk, Polska","Gdańsk","Gdańsk","07-Zaspa","253","1","adres","54.3922079","18.6030972","Dopasowano adres w OpenStreetMap. Punkt odnosi się do budynku/adresu, a nie do zweryfikowanej pozycji pojemnika.","https://s-trojmiasto.pl/download/pojemniki-pomorskie.pdf#page=4"
"Nagórskiego 7A","Nagórskiego 7A, Gdańsk, Polska","Gdańsk","Gdańsk","07-Zaspa","254","1","adres","54.3916979","18.6043248","Dopasowano adres w OpenStreetMap. Punkt odnosi się do budynku/adresu, a nie do zweryfikowanej pozycji pojemnika.","https://s-trojmiasto.pl/download/pojemniki-pomorskie.pdf#page=4"
"Pilotów 23","Pilotów 23, Gdańsk, Polska","Gdańsk","Gdańsk","07-Zaspa","255","1","adres","54.3966468","18.5894964","Dopasowano adres w OpenStreetMap. Punkt odnosi się do budynku/adresu, a nie do zweryfikowanej pozycji pojemnika.","https://s-trojmiasto.pl/download/pojemniki-pomorskie.pdf#page=4"
"Pilotów 8","Pilotów 8, Gdańsk, Polska","Gdańsk","Gdańsk","07-Zaspa","256","1","adres","54.391445","18.593737","Dopasowano adres w OpenStreetMap. Punkt odnosi się do budynku/adresu, a nie do zweryfikowanej pozycji pojemnika.","https://s-trojmiasto.pl/download/pojemniki-pomorskie.pdf#page=4"
"Startowa 17","Startowa 17, Gdańsk, Polska","Gdańsk","Gdańsk","07-Zaspa","257","1","adres","54.3955008","18.5933589","Dopasowano adres w OpenStreetMap. Punkt odnosi się do budynku/adresu, a nie do zweryfikowanej pozycji pojemnika.","https://s-trojmiasto.pl/download/pojemniki-pomorskie.pdf#page=4"
"Startowa 19","Startowa 19, Gdańsk, Polska","Gdańsk","Gdańsk","07-Zaspa","258","1","adres","54.3960729","18.592366","Dopasowano adres w OpenStreetMap. Punkt odnosi się do budynku/adresu, a nie do zweryfikowanej pozycji pojemnika.","https://s-trojmiasto.pl/download/pojemniki-pomorskie.pdf#page=4"
"Żwirki I Wigury 14A","Żwirki I Wigury 14A, Gdańsk, Polska","Gdańsk","Gdańsk","07-Zaspa","259","1","adres","54.3930345","18.6079861","Dopasowano adres w OpenStreetMap. Punkt odnosi się do budynku/adresu, a nie do zweryfikowanej pozycji pojemnika.","https://s-trojmiasto.pl/download/pojemniki-pomorskie.pdf#page=4"
"Żwirki I Wigury 14F","Żwirki I Wigury 14F, Gdańsk, Polska","Gdańsk","Gdańsk","07-Zaspa","260","1","adres","54.3937662","18.608271","Dopasowano adres w OpenStreetMap. Punkt odnosi się do budynku/adresu, a nie do zweryfikowanej pozycji pojemnika.","https://s-trojmiasto.pl/download/pojemniki-pomorskie.pdf#page=4"
"Żwirki I Wigury 3","Żwirki I Wigury 3, Gdańsk, Polska","Gdańsk","Gdańsk","07-Zaspa","261","1","adres","54.3924746","18.6087053","Dopasowano adres w OpenStreetMap. Punkt odnosi się do budynku/adresu, a nie do zweryfikowanej pozycji pojemnika.","https://s-trojmiasto.pl/download/pojemniki-pomorskie.pdf#page=4"
"Bohomolca 3A-E","Bohomolca 3A-E, Gdańsk, Polska","Gdańsk","Gdańsk","08-Wrzeszcz","262","1","orientacyjnie","54.3883175","18.6278935","Nie znaleziono całego zapisu numeru. Pokazano jeden z adresów należących do podanego zakresu; sprawdź opis z PDF.","https://s-trojmiasto.pl/download/pojemniki-pomorskie.pdf#page=4"
"Góralska 15","Góralska 15, Gdańsk, Polska","Gdańsk","Gdańsk","08-Wrzeszcz","263","1","orientacyjnie","54.3761957","18.5637389","Nie znaleziono dokładnego oznaczenia budynku lub klatki. Pokazano adres o tym samym numerze podstawowym.","https://s-trojmiasto.pl/download/pojemniki-pomorskie.pdf#page=4"
"Góralska 18B","Góralska 18B, Gdańsk, Polska","Gdańsk","Gdańsk","08-Wrzeszcz","264","1","adres","54.3791639","18.5665324","Dopasowano adres w OpenStreetMap. Punkt odnosi się do budynku/adresu, a nie do zweryfikowanej pozycji pojemnika.","https://s-trojmiasto.pl/download/pojemniki-pomorskie.pdf#page=4"
"Góralska 51","Góralska 51, Gdańsk, Polska","Gdańsk","Gdańsk","08-Wrzeszcz","265","1","orientacyjnie","54.3795877","18.5589522","Nie znaleziono dokładnego oznaczenia budynku lub klatki. Pokazano adres o tym samym numerze podstawowym.","https://s-trojmiasto.pl/download/pojemniki-pomorskie.pdf#page=4"
"Góralska 57","Góralska 57, Gdańsk, Polska","Gdańsk","Gdańsk","08-Wrzeszcz","266","1","adres","54.3780828","18.5591524","Dopasowano adres w OpenStreetMap. Punkt odnosi się do budynku/adresu, a nie do zweryfikowanej pozycji pojemnika.","https://s-trojmiasto.pl/download/pojemniki-pomorskie.pdf#page=4"
"Góralska 61","Góralska 61, Gdańsk, Polska","Gdańsk","Gdańsk","08-Wrzeszcz","267","1","adres","54.3785595","18.5586201","Dopasowano adres w OpenStreetMap. Punkt odnosi się do budynku/adresu, a nie do zweryfikowanej pozycji pojemnika.","https://s-trojmiasto.pl/download/pojemniki-pomorskie.pdf#page=4"
"Góralska 69","Góralska 69, Gdańsk, Polska","Gdańsk","Gdańsk","08-Wrzeszcz","268","1","adres","54.3802991","18.5579099","Dopasowano adres w OpenStreetMap. Punkt odnosi się do budynku/adresu, a nie do zweryfikowanej pozycji pojemnika.","https://s-trojmiasto.pl/download/pojemniki-pomorskie.pdf#page=4"
"Góralska 9","Góralska 9, Gdańsk, Polska","Gdańsk","Gdańsk","08-Wrzeszcz","269","1","orientacyjnie","54.3749411","18.5641323","Nie znaleziono dokładnego oznaczenia budynku lub klatki. Pokazano adres o tym samym numerze podstawowym.","https://s-trojmiasto.pl/download/pojemniki-pomorskie.pdf#page=4"
"Grudzińskiego 6","Grudzińskiego 6, Gdańsk, Polska","Gdańsk","Gdańsk","08-Wrzeszcz","270","1","adres","54.3611385","18.5567625","Dopasowano adres w OpenStreetMap. Punkt odnosi się do budynku/adresu, a nie do zweryfikowanej pozycji pojemnika.","https://s-trojmiasto.pl/download/pojemniki-pomorskie.pdf#page=4"
"Kościuszki 109 Biedronka","Kościuszki 109, Gdańsk, Polska","Gdańsk","Gdańsk","08-Wrzeszcz","271","1","adres","54.3876235","18.6235145","Dopasowano adres w OpenStreetMap. Punkt odnosi się do budynku/adresu, a nie do zweryfikowanej pozycji pojemnika.","https://s-trojmiasto.pl/download/pojemniki-pomorskie.pdf#page=4"
"Leśna Góra 29","Leśna Góra 29, Gdańsk, Polska","Gdańsk","Gdańsk","08-Wrzeszcz","272","1","adres","54.3734309","18.5631216","Dopasowano adres w OpenStreetMap. Punkt odnosi się do budynku/adresu, a nie do zweryfikowanej pozycji pojemnika.","https://s-trojmiasto.pl/download/pojemniki-pomorskie.pdf#page=4"
"Mazowiecka 5","Mazowiecka 5, Gdańsk, Polska","Gdańsk","Gdańsk","08-Wrzeszcz","273","1","orientacyjnie","54.3751888","18.5660349","Nie znaleziono dokładnego oznaczenia budynku lub klatki. Pokazano adres o tym samym numerze podstawowym.","https://s-trojmiasto.pl/download/pojemniki-pomorskie.pdf#page=4"
"Partyzantów 107-109","Partyzantów 107-109, Gdańsk, Polska","Gdańsk","Gdańsk","08-Wrzeszcz","274","1","orientacyjnie","54.378499","18.5819315","Nie znaleziono całego zapisu numeru. Pokazano jeden z adresów należących do podanego zakresu; sprawdź opis z PDF.","https://s-trojmiasto.pl/download/pojemniki-pomorskie.pdf#page=4"
"Partyzantów 91-91","Partyzantów 91-91, Gdańsk, Polska","Gdańsk","Gdańsk","08-Wrzeszcz","275","1","orientacyjnie","54.3787114","18.5988057","Nie znaleziono numeru 91-91. Znacznik opisuje ulicę, nie miejsce ustawienia pojemnika; po kliknięciu pokazano jej przebieg. W PDF jest zakres „91–91”. Do wyszukiwania użyto numeru 91; punkt wymaga sprawdzenia.","https://s-trojmiasto.pl/download/pojemniki-pomorskie.pdf#page=4"
"Reymonta /Zubrzyckiego","Reymonta / Zubrzyckiego, Gdańsk, Polska","Gdańsk","Gdańsk","08-Wrzeszcz","276","1","orientacyjnie","54.3773014","18.5845433","Orientacyjna lokalizacja skrzyżowania. Nie określa strony ulicy ani dokładnego miejsca pojemnika.","https://s-trojmiasto.pl/download/pojemniki-pomorskie.pdf#page=4"
"Róży Ostrowskiej 4","Róży Ostrowskiej 4, Gdańsk, Polska","Gdańsk","Gdańsk","08-Wrzeszcz","277","1","adres","54.3772543","18.5825239","Dopasowano adres w OpenStreetMap. Punkt odnosi się do budynku/adresu, a nie do zweryfikowanej pozycji pojemnika.","https://s-trojmiasto.pl/download/pojemniki-pomorskie.pdf#page=4"
"Słowackiego 10","Słowackiego 10, Gdańsk, Polska","Gdańsk","Gdańsk","08-Wrzeszcz","278","1","adres","54.380113","18.5915837","Dopasowano adres w OpenStreetMap. Punkt odnosi się do budynku/adresu, a nie do zweryfikowanej pozycji pojemnika.","https://s-trojmiasto.pl/download/pojemniki-pomorskie.pdf#page=4"
"Słowackiego 36A","Słowackiego 36A, Gdańsk, Polska","Gdańsk","Gdańsk","08-Wrzeszcz","279","1","adres","54.3795142","18.5870905","Dopasowano adres w OpenStreetMap. Punkt odnosi się do budynku/adresu, a nie do zweryfikowanej pozycji pojemnika.","https://s-trojmiasto.pl/download/pojemniki-pomorskie.pdf#page=4"
"Słowackiego 47-51","Słowackiego 47-51, Gdańsk, Polska","Gdańsk","Gdańsk","08-Wrzeszcz","280, 281","2","orientacyjnie","54.3797728","18.5835416","Nie znaleziono całego zapisu numeru. Pokazano jeden z adresów należących do podanego zakresu; sprawdź opis z PDF.","https://s-trojmiasto.pl/download/pojemniki-pomorskie.pdf#page=4"
"Słowackiego 57A","Słowackiego 57A, Gdańsk, Polska","Gdańsk","Gdańsk","08-Wrzeszcz","282","1","adres","54.379754","18.581484","Dopasowano adres w OpenStreetMap. Punkt odnosi się do budynku/adresu, a nie do zweryfikowanej pozycji pojemnika.","https://s-trojmiasto.pl/download/pojemniki-pomorskie.pdf#page=4"
"Sobieskiego 72","Sobieskiego 72, Gdańsk, Polska","Gdańsk","Gdańsk","08-Wrzeszcz","283, 284","2","adres","54.3628355","18.6116665","Dopasowano adres w OpenStreetMap. Punkt odnosi się do budynku/adresu, a nie do zweryfikowanej pozycji pojemnika.","https://s-trojmiasto.pl/download/pojemniki-pomorskie.pdf#page=5"
"Trawki 11","Trawki 11, Gdańsk, Polska","Gdańsk","Gdańsk","08-Wrzeszcz","285","1","adres","54.3789549","18.5739863","Dopasowano adres w OpenStreetMap. Punkt odnosi się do budynku/adresu, a nie do zweryfikowanej pozycji pojemnika.","https://s-trojmiasto.pl/download/pojemniki-pomorskie.pdf#page=5"
"Wyspiańskiego 30A","Wyspiańskiego 30A, Gdańsk, Polska","Gdańsk","Gdańsk","08-Wrzeszcz","286","1","adres","54.3811853","18.6155973","Dopasowano adres w OpenStreetMap. Punkt odnosi się do budynku/adresu, a nie do zweryfikowanej pozycji pojemnika.","https://s-trojmiasto.pl/download/pojemniki-pomorskie.pdf#page=5"
"Zubrzyckiego 23","Zubrzyckiego 23, Gdańsk, Polska","Gdańsk","Gdańsk","08-Wrzeszcz","287","1","orientacyjnie","54.376652","18.583357","Nie znaleziono numeru 23. Znacznik opisuje ulicę, nie miejsce ustawienia pojemnika; po kliknięciu pokazano jej przebieg.","https://s-trojmiasto.pl/download/pojemniki-pomorskie.pdf#page=5"
"Amundsena 5C","Amundsena 5C, Gdańsk, Polska","Gdańsk","Gdańsk","09-Piecki","288","1","adres","54.3604682","18.5785185","Dopasowano adres w OpenStreetMap. Punkt odnosi się do budynku/adresu, a nie do zweryfikowanej pozycji pojemnika.","https://s-trojmiasto.pl/download/pojemniki-pomorskie.pdf#page=5"
"Arctowskiego 12B","Arctowskiego 12B, Gdańsk, Polska","Gdańsk","Gdańsk","09-Piecki","289","1","adres","54.3602624","18.5856639","Dopasowano adres w OpenStreetMap. Punkt odnosi się do budynku/adresu, a nie do zweryfikowanej pozycji pojemnika.","https://s-trojmiasto.pl/download/pojemniki-pomorskie.pdf#page=5"
"Bulońska 14","Bulońska 14, Gdańsk, Polska","Gdańsk","Gdańsk","09-Piecki","290","1","orientacyjnie","54.3554633","18.5791403","Nie znaleziono dokładnego oznaczenia budynku lub klatki. Pokazano adres o tym samym numerze podstawowym.","https://s-trojmiasto.pl/download/pojemniki-pomorskie.pdf#page=5"
"Bulońska 46","Bulońska 46, Gdańsk, Polska","Gdańsk","Gdańsk","09-Piecki","291","1","adres","54.3524195","18.5766758","Dopasowano adres w OpenStreetMap. Punkt odnosi się do budynku/adresu, a nie do zweryfikowanej pozycji pojemnika.","https://s-trojmiasto.pl/download/pojemniki-pomorskie.pdf#page=5"
"Czecha 11","Czecha 11, Gdańsk, Polska","Gdańsk","Gdańsk","09-Piecki","292","1","adres","54.36066","18.572777","Dopasowano adres w OpenStreetMap. Punkt odnosi się do budynku/adresu, a nie do zweryfikowanej pozycji pojemnika.","https://s-trojmiasto.pl/download/pojemniki-pomorskie.pdf#page=5"
"Czecha 2","Czecha 2, Gdańsk, Polska","Gdańsk","Gdańsk","09-Piecki","293","1","adres","54.3614435","18.5742415","Dopasowano adres w OpenStreetMap. Punkt odnosi się do budynku/adresu, a nie do zweryfikowanej pozycji pojemnika.","https://s-trojmiasto.pl/download/pojemniki-pomorskie.pdf#page=5"
"Czecha 5","Czecha 5, Gdańsk, Polska","Gdańsk","Gdańsk","09-Piecki","294","1","adres","54.3603915","18.5735575","Dopasowano adres w OpenStreetMap. Punkt odnosi się do budynku/adresu, a nie do zweryfikowanej pozycji pojemnika.","https://s-trojmiasto.pl/download/pojemniki-pomorskie.pdf#page=5"
"Dobrowolskiego 3","Dobrowolskiego 3, Gdańsk, Polska","Gdańsk","Gdańsk","09-Piecki","295","1","orientacyjnie","54.36032","18.5869195","Nie znaleziono dokładnego oznaczenia budynku lub klatki. Pokazano adres o tym samym numerze podstawowym.","https://s-trojmiasto.pl/download/pojemniki-pomorskie.pdf#page=5"
"Gojawiczyńskiej 3C","Gojawiczyńskiej 3C, Gdańsk, Polska","Gdańsk","Gdańsk","09-Piecki","296","1","adres","54.3592227","18.591482","Dopasowano adres w OpenStreetMap. Punkt odnosi się do budynku/adresu, a nie do zweryfikowanej pozycji pojemnika.","https://s-trojmiasto.pl/download/pojemniki-pomorskie.pdf#page=5"
"Jaszczurczego 9","Jaszczurczego 9, Gdańsk, Polska","Gdańsk","Gdańsk","09-Piecki","297","1","adres","54.3542855","18.573724","Dopasowano adres w OpenStreetMap. Punkt odnosi się do budynku/adresu, a nie do zweryfikowanej pozycji pojemnika.","https://s-trojmiasto.pl/download/pojemniki-pomorskie.pdf#page=5"
"Jaśkowa Dolina 81","Jaśkowa Dolina 81, Gdańsk, Polska","Gdańsk","Gdańsk","09-Piecki","298","1","adres","54.3666363","18.5893868","Dopasowano adres w OpenStreetMap. Punkt odnosi się do budynku/adresu, a nie do zweryfikowanej pozycji pojemnika.","https://s-trojmiasto.pl/download/pojemniki-pomorskie.pdf#page=5"
"Kolumba 2","Kolumba 2, Gdańsk, Polska","Gdańsk","Gdańsk","09-Piecki","299","1","orientacyjnie","54.3608842","18.5779733","Nie znaleziono dokładnego oznaczenia budynku lub klatki. Pokazano adres o tym samym numerze podstawowym.","https://s-trojmiasto.pl/download/pojemniki-pomorskie.pdf#page=5"
"Kruczkowskiego 15","Ignacego Matuszewskiego 15, Gdańsk, Polska","Gdańsk","Gdańsk","09-Piecki","300","1","orientacyjnie","54.3603575","18.5832013","Nie znaleziono dokładnego oznaczenia budynku lub klatki. Pokazano adres o tym samym numerze podstawowym. Dawna ul. Leona Kruczkowskiego → ul. Ignacego Matuszewskiego. Zmieniono tylko nazwę do wyszukiwania; oryginalny opis zachowano.","https://s-trojmiasto.pl/download/pojemniki-pomorskie.pdf#page=5"
"Kruczkowskiego 17","Ignacego Matuszewskiego 17, Gdańsk, Polska","Gdańsk","Gdańsk","09-Piecki","301","1","orientacyjnie","54.3609671","18.5827896","Nie znaleziono dokładnego oznaczenia budynku lub klatki. Pokazano adres o tym samym numerze podstawowym. Dawna ul. Leona Kruczkowskiego → ul. Ignacego Matuszewskiego. Zmieniono tylko nazwę do wyszukiwania; oryginalny opis zachowano.","https://s-trojmiasto.pl/download/pojemniki-pomorskie.pdf#page=5"
"Marusarzówny 11","Marusarzówny 11, Gdańsk, Polska","Gdańsk","Gdańsk","09-Piecki","302","1","adres","54.357044","18.575598","Dopasowano adres w OpenStreetMap. Punkt odnosi się do budynku/adresu, a nie do zweryfikowanej pozycji pojemnika.","https://s-trojmiasto.pl/download/pojemniki-pomorskie.pdf#page=5"
"Marusarzówny 5","Marusarzówny 5, Gdańsk, Polska","Gdańsk","Gdańsk","09-Piecki","303","1","adres","54.3574845","18.576827","Dopasowano adres w OpenStreetMap. Punkt odnosi się do budynku/adresu, a nie do zweryfikowanej pozycji pojemnika.","https://s-trojmiasto.pl/download/pojemniki-pomorskie.pdf#page=5"
"Myczkowska 8","Myczkowskiego 8, Gdańsk, Polska","Gdańsk","Gdańsk","09-Piecki","304","1","orientacyjnie","54.3632781","18.5984965","Dopasowano adres w OpenStreetMap. Punkt odnosi się do budynku/adresu, a nie do zweryfikowanej pozycji pojemnika. W PDF „Myczkowska 8”; przyjęto ul. Stefana Myczkowskiego. Korekta wymaga sprawdzenia.","https://s-trojmiasto.pl/download/pojemniki-pomorskie.pdf#page=5"
"Myczkowskiego 4","Myczkowskiego 4, Gdańsk, Polska","Gdańsk","Gdańsk","09-Piecki","305","1","adres","54.3628734","18.5973581","Dopasowano adres w OpenStreetMap. Punkt odnosi się do budynku/adresu, a nie do zweryfikowanej pozycji pojemnika.","https://s-trojmiasto.pl/download/pojemniki-pomorskie.pdf#page=5"
"Myczkowskiego 5","Myczkowskiego 5, Gdańsk, Polska","Gdańsk","Gdańsk","09-Piecki","306","1","adres","54.3635188","18.5971311","Dopasowano adres w OpenStreetMap. Punkt odnosi się do budynku/adresu, a nie do zweryfikowanej pozycji pojemnika.","https://s-trojmiasto.pl/download/pojemniki-pomorskie.pdf#page=5"
"Piecewska 20","Piecewska 20, Gdańsk, Polska","Gdańsk","Gdańsk","09-Piecki","307","1","orientacyjnie","54.3592017","18.5897298","Nie znaleziono dokładnego oznaczenia budynku lub klatki. Pokazano adres o tym samym numerze podstawowym.","https://s-trojmiasto.pl/download/pojemniki-pomorskie.pdf#page=5"
"Piecewska 28/30","Piecewska 28/30, Gdańsk, Polska","Gdańsk","Gdańsk","09-Piecki","308","1","orientacyjnie","54.3600319","18.5830425","Nie znaleziono dokładnego oznaczenia budynku lub klatki. Pokazano adres o tym samym numerze podstawowym.","https://s-trojmiasto.pl/download/pojemniki-pomorskie.pdf#page=5"
"Powstania Kościuszkowskiego","Powstania Kościuszkowskiego, Gdańsk, Polska","Gdańsk","Gdańsk","09-Piecki","309","1","orientacyjnie","54.3524659","18.5719246","PDF podaje tylko nazwę ulicy, bez numeru. Znacznik opisuje ulicę, nie miejsce ustawienia pojemnika; po kliknięciu pokazano jej przebieg.","https://s-trojmiasto.pl/download/pojemniki-pomorskie.pdf#page=5"
"Powstania Listopadowego 3","Powstania Listopadowego 3, Gdańsk, Polska","Gdańsk","Gdańsk","09-Piecki","310","1","adres","54.3545189","18.5762592","Dopasowano adres w OpenStreetMap. Punkt odnosi się do budynku/adresu, a nie do zweryfikowanej pozycji pojemnika.","https://s-trojmiasto.pl/download/pojemniki-pomorskie.pdf#page=5"
"Powstania Listopadowego Przed Pawilonami","Powstania Listopadowego, Gdańsk, Polska","Gdańsk","Gdańsk","09-Piecki","311","1","orientacyjnie","54.354686","18.5762453","Opis „przed pawilonami” nie pozwolił jednoznacznie wskazać miejsca. Znacznik opisuje ulicę, nie miejsce ustawienia pojemnika; po kliknięciu pokazano jej przebieg.","https://s-trojmiasto.pl/download/pojemniki-pomorskie.pdf#page=5"
"Powstania Styczniowego 5","Powstania Styczniowego 5, Gdańsk, Polska","Gdańsk","Gdańsk","09-Piecki","312","1","adres","54.3539727","18.5719862","Dopasowano adres w OpenStreetMap. Punkt odnosi się do budynku/adresu, a nie do zweryfikowanej pozycji pojemnika.","https://s-trojmiasto.pl/download/pojemniki-pomorskie.pdf#page=5"
"Warmińska 16","Warmińska 16, Gdańsk, Polska","Gdańsk","Gdańsk","09-Piecki","313","1","brak","","","Brak danych pozwalających rozpoznać tę ulicę w Gdańsku.","https://s-trojmiasto.pl/download/pojemniki-pomorskie.pdf#page=5"
"Warneńska 7","Warneńska 7, Gdańsk, Polska","Gdańsk","Gdańsk","09-Piecki","314","1","orientacyjnie","54.3562694","18.5833337","Nie znaleziono dokładnego oznaczenia budynku lub klatki. Pokazano adres o tym samym numerze podstawowym.","https://s-trojmiasto.pl/download/pojemniki-pomorskie.pdf#page=5"
"Wileńska 57","Wileńska 57, Gdańsk, Polska","Gdańsk","Gdańsk","09-Piecki","315","1","orientacyjnie","54.3612816","18.5927858","Nie znaleziono dokładnego oznaczenia budynku lub klatki. Pokazano adres o tym samym numerze podstawowym.","https://s-trojmiasto.pl/download/pojemniki-pomorskie.pdf#page=5"
"Wileńska 59C","Wileńska 59C, Gdańsk, Polska","Gdańsk","Gdańsk","09-Piecki","316","1","adres","54.3608985","18.5919023","Dopasowano adres w OpenStreetMap. Punkt odnosi się do budynku/adresu, a nie do zweryfikowanej pozycji pojemnika.","https://s-trojmiasto.pl/download/pojemniki-pomorskie.pdf#page=5"
"Wyrobka 2","Wyrobka 2, Gdańsk, Polska","Gdańsk","Gdańsk","09-Piecki","317","1","adres","54.3602624","18.5755788","Dopasowano adres w OpenStreetMap. Punkt odnosi się do budynku/adresu, a nie do zweryfikowanej pozycji pojemnika.","https://s-trojmiasto.pl/download/pojemniki-pomorskie.pdf#page=5"
"Wyrobka 9","Wyrobka 9, Gdańsk, Polska","Gdańsk","Gdańsk","09-Piecki","318","1","adres","54.359004","18.5739465","Dopasowano adres w OpenStreetMap. Punkt odnosi się do budynku/adresu, a nie do zweryfikowanej pozycji pojemnika.","https://s-trojmiasto.pl/download/pojemniki-pomorskie.pdf#page=5"
"Zabłockiego 3","Zabłockiego 3, Gdańsk, Polska","Gdańsk","Gdańsk","09-Piecki","319","1","orientacyjnie","54.3609852","18.595958","Nie znaleziono dokładnego oznaczenia budynku lub klatki. Pokazano adres o tym samym numerze podstawowym.","https://s-trojmiasto.pl/download/pojemniki-pomorskie.pdf#page=5"
"Bethovena Przy Biedronce","Beethovena, Gdańsk, Polska","Gdańsk","Gdańsk","10-Suchanino","320","1","orientacyjnie","54.3558938","18.6171619","Dopasowano pobliski obiekt, nie sam pojemnik. Opis z PDF: Biedronka. Obiekt lub jego nazwa mogły się zmienić. Korekta pisowni: w PDF „Bethovena”.","https://s-trojmiasto.pl/download/pojemniki-pomorskie.pdf#page=5"
"Bethovena Stacja Lotos","Beethovena, Gdańsk, Polska","Gdańsk","Gdańsk","10-Suchanino","321","1","orientacyjnie","54.3556921","18.6157318","Dopasowano pobliski obiekt, nie sam pojemnik. Opis z PDF: stacja paliw (w PDF Lotos). Obiekt lub jego nazwa mogły się zmienić. Korekta pisowni: w PDF „Bethovena”. Dawna nazwa stacji może być nieaktualna.","https://s-trojmiasto.pl/download/pojemniki-pomorskie.pdf#page=5"
"Cygańska Góra 20","Cygańska Góra 20, Gdańsk, Polska","Gdańsk","Gdańsk","10-Suchanino","322","1","adres","54.3582202","18.6166762","Dopasowano adres w OpenStreetMap. Punkt odnosi się do budynku/adresu, a nie do zweryfikowanej pozycji pojemnika.","https://s-trojmiasto.pl/download/pojemniki-pomorskie.pdf#page=5"
"Cygańska Góra 26","Cygańska Góra 26, Gdańsk, Polska","Gdańsk","Gdańsk","10-Suchanino","323","1","adres","54.358978","18.6159775","Dopasowano adres w OpenStreetMap. Punkt odnosi się do budynku/adresu, a nie do zweryfikowanej pozycji pojemnika.","https://s-trojmiasto.pl/download/pojemniki-pomorskie.pdf#page=5"
"Cygańska Góra 7B","Cygańska Góra 7B, Gdańsk, Polska","Gdańsk","Gdańsk","10-Suchanino","324","1","adres","54.356342","18.6172766","Dopasowano adres w OpenStreetMap. Punkt odnosi się do budynku/adresu, a nie do zweryfikowanej pozycji pojemnika.","https://s-trojmiasto.pl/download/pojemniki-pomorskie.pdf#page=5"
"Czajkowskiego 1","Czajkowskiego 1, Gdańsk, Polska","Gdańsk","Gdańsk","10-Suchanino","325","1","adres","54.3534035","18.6032165","Dopasowano adres w OpenStreetMap. Punkt odnosi się do budynku/adresu, a nie do zweryfikowanej pozycji pojemnika.","https://s-trojmiasto.pl/download/pojemniki-pomorskie.pdf#page=5"
"Focha 6","Focha 6, Gdańsk, Polska","Gdańsk","Gdańsk","10-Suchanino","326","1","adres","54.3598746","18.6271658","Dopasowano adres w OpenStreetMap. Punkt odnosi się do budynku/adresu, a nie do zweryfikowanej pozycji pojemnika.","https://s-trojmiasto.pl/download/pojemniki-pomorskie.pdf#page=5"
"Goszyńskiego 24","Goszczyńskiego 24, Gdańsk, Polska","Gdańsk","Gdańsk","10-Suchanino","327","1","orientacyjnie","54.3528006","18.6131076","Dopasowano adres w OpenStreetMap. Punkt odnosi się do budynku/adresu, a nie do zweryfikowanej pozycji pojemnika. W PDF „Goszyńskiego 24”; przyjęto ul. Seweryna Goszczyńskiego. Korekta wymaga sprawdzenia.","https://s-trojmiasto.pl/download/pojemniki-pomorskie.pdf#page=5"
"Kamienskiego 1","Kamieńskiego 1, Gdańsk, Polska","Gdańsk","Gdańsk","10-Suchanino","328","1","adres","54.3549433","18.6132797","Dopasowano adres w OpenStreetMap. Punkt odnosi się do budynku/adresu, a nie do zweryfikowanej pozycji pojemnika. Ujednolicono polskie znaki.","https://s-trojmiasto.pl/download/pojemniki-pomorskie.pdf#page=5"
"Kurpińskiego 14","Kurpińskiego 14, Gdańsk, Polska","Gdańsk","Gdańsk","10-Suchanino","329","1","adres","54.3515785","18.599764","Dopasowano adres w OpenStreetMap. Punkt odnosi się do budynku/adresu, a nie do zweryfikowanej pozycji pojemnika.","https://s-trojmiasto.pl/download/pojemniki-pomorskie.pdf#page=5"
"Kurpińskiego 15","Kurpińskiego 15, Gdańsk, Polska","Gdańsk","Gdańsk","10-Suchanino","330","1","adres","54.3516045","18.601165","Dopasowano adres w OpenStreetMap. Punkt odnosi się do budynku/adresu, a nie do zweryfikowanej pozycji pojemnika.","https://s-trojmiasto.pl/download/pojemniki-pomorskie.pdf#page=5"
"Liszta 2","Liszta 2, Gdańsk, Polska","Gdańsk","Gdańsk","10-Suchanino","331","1","adres","54.3520225","18.60669","Dopasowano adres w OpenStreetMap. Punkt odnosi się do budynku/adresu, a nie do zweryfikowanej pozycji pojemnika.","https://s-trojmiasto.pl/download/pojemniki-pomorskie.pdf#page=5"
"Noskowskiego 15","Noskowskiego 15, Gdańsk, Polska","Gdańsk","Gdańsk","10-Suchanino","332","1","adres","54.3533217","18.6111774","Dopasowano adres w OpenStreetMap. Punkt odnosi się do budynku/adresu, a nie do zweryfikowanej pozycji pojemnika.","https://s-trojmiasto.pl/download/pojemniki-pomorskie.pdf#page=5"
"Noskowskiego 5 B","Noskowskiego 5B, Gdańsk, Polska","Gdańsk","Gdańsk","10-Suchanino","333","1","orientacyjnie","54.354413","18.6136065","Nie znaleziono dokładnego oznaczenia budynku lub klatki. Pokazano adres o tym samym numerze podstawowym.","https://s-trojmiasto.pl/download/pojemniki-pomorskie.pdf#page=5"
"Noskowskiego 7","Noskowskiego 7, Gdańsk, Polska","Gdańsk","Gdańsk","10-Suchanino","334","1","adres","54.353874","18.612681","Dopasowano adres w OpenStreetMap. Punkt odnosi się do budynku/adresu, a nie do zweryfikowanej pozycji pojemnika.","https://s-trojmiasto.pl/download/pojemniki-pomorskie.pdf#page=5"
"Paderewskiego 2","Paderewskiego 2, Gdańsk, Polska","Gdańsk","Gdańsk","10-Suchanino","335","1","adres","54.351621","18.6091245","Dopasowano adres w OpenStreetMap. Punkt odnosi się do budynku/adresu, a nie do zweryfikowanej pozycji pojemnika.","https://s-trojmiasto.pl/download/pojemniki-pomorskie.pdf#page=5"
"Paderewskiego 4Ab","Paderewskiego 4Ab, Gdańsk, Polska","Gdańsk","Gdańsk","10-Suchanino","336","1","orientacyjnie","54.3521563","18.6086839","Nie znaleziono dokładnego oznaczenia budynku lub klatki. Pokazano adres o tym samym numerze podstawowym.","https://s-trojmiasto.pl/download/pojemniki-pomorskie.pdf#page=5"
"Paganiniego 13","Paganiniego 13, Gdańsk, Polska","Gdańsk","Gdańsk","10-Suchanino","337","1","adres","54.35463","18.608871","Dopasowano adres w OpenStreetMap. Punkt odnosi się do budynku/adresu, a nie do zweryfikowanej pozycji pojemnika.","https://s-trojmiasto.pl/download/pojemniki-pomorskie.pdf#page=5"
"Paganiniego 9","Paganiniego 9, Gdańsk, Polska","Gdańsk","Gdańsk","10-Suchanino","338","1","adres","54.3551509","18.6100276","Dopasowano adres w OpenStreetMap. Punkt odnosi się do budynku/adresu, a nie do zweryfikowanej pozycji pojemnika.","https://s-trojmiasto.pl/download/pojemniki-pomorskie.pdf#page=5"
"Poniatowskiego 15","Poniatowskiego 15, Gdańsk, Polska","Gdańsk","Gdańsk","10-Suchanino","339","1","adres","54.3572153","18.6301287","Dopasowano adres w OpenStreetMap. Punkt odnosi się do budynku/adresu, a nie do zweryfikowanej pozycji pojemnika.","https://s-trojmiasto.pl/download/pojemniki-pomorskie.pdf#page=5"
"Powstańców Warszawskich 70","Powstańców Warszawskich 70, Gdańsk, Polska","Gdańsk","Gdańsk","10-Suchanino","340, 341","2","adres","54.353528","18.613066","Dopasowano adres w OpenStreetMap. Punkt odnosi się do budynku/adresu, a nie do zweryfikowanej pozycji pojemnika.","https://s-trojmiasto.pl/download/pojemniki-pomorskie.pdf#page=5"
"Bądkowskiego 1","Bądkowskiego 1, Gdańsk, Polska","Gdańsk","Gdańsk","15-Śródmieście","342","1","adres","54.3497404","18.6110695","Dopasowano adres w OpenStreetMap. Punkt odnosi się do budynku/adresu, a nie do zweryfikowanej pozycji pojemnika.","https://s-trojmiasto.pl/download/pojemniki-pomorskie.pdf#page=5"
"Bądkowskiego/Zagórna","Bądkowskiego / Zagórna, Gdańsk, Polska","Gdańsk","Gdańsk","15-Śródmieście","343","1","orientacyjnie","54.3510205","18.612301","Orientacyjna lokalizacja skrzyżowania. Nie określa strony ulicy ani dokładnego miejsca pojemnika.","https://s-trojmiasto.pl/download/pojemniki-pomorskie.pdf#page=5"
"Dziewanowskiego 5","Dziewanowskiego 5, Gdańsk, Polska","Gdańsk","Gdańsk","15-Śródmieście","344","1","adres","54.351545","18.6634875","Dopasowano adres w OpenStreetMap. Punkt odnosi się do budynku/adresu, a nie do zweryfikowanej pozycji pojemnika.","https://s-trojmiasto.pl/download/pojemniki-pomorskie.pdf#page=5"
"Jaskółcza 6","Jaskółcza 6, Gdańsk, Polska","Gdańsk","Gdańsk","15-Śródmieście","345","1","orientacyjnie","54.3427925","18.6602136","Nie znaleziono numeru 6. Znacznik opisuje ulicę, nie miejsce ustawienia pojemnika; po kliknięciu pokazano jej przebieg.","https://s-trojmiasto.pl/download/pojemniki-pomorskie.pdf#page=5"
"Kurkowa 2 Siedziba Pck","Kurkowa 2, Gdańsk, Polska","Gdańsk","Gdańsk","15-Śródmieście","346, 347","2","orientacyjnie","54.3531741","18.6394938","Nie znaleziono numeru 2. Znacznik opisuje ulicę, nie miejsce ustawienia pojemnika; po kliknięciu pokazano jej przebieg.","https://s-trojmiasto.pl/download/pojemniki-pomorskie.pdf#page=5"
"Pod Zrębem/Dolna Brama","Pod Zrębem / Dolna Brama, Gdańsk, Polska","Gdańsk","Gdańsk","15-Śródmieście","348","1","orientacyjnie","54.341401","18.6488888","Orientacyjna lokalizacja skrzyżowania. Nie określa strony ulicy ani dokładnego miejsca pojemnika.","https://s-trojmiasto.pl/download/pojemniki-pomorskie.pdf#page=5"
"Sieroca/Osiek","Sieroca / Osiek, Gdańsk, Polska","Gdańsk","Gdańsk","15-Śródmieście","349","1","orientacyjnie","54.3560362","18.6561008","Orientacyjna lokalizacja skrzyżowania. Nie określa strony ulicy ani dokładnego miejsca pojemnika.","https://s-trojmiasto.pl/download/pojemniki-pomorskie.pdf#page=5"
"Chałubińskiego 19","Chałubińskiego 19, Gdańsk, Polska","Gdańsk","Gdańsk","16-Chełm","350","1","adres","54.340794","18.6209605","Dopasowano adres w OpenStreetMap. Punkt odnosi się do budynku/adresu, a nie do zweryfikowanej pozycji pojemnika.","https://s-trojmiasto.pl/download/pojemniki-pomorskie.pdf#page=5"
"Chałubińskiego 28","Chałubińskiego 28, Gdańsk, Polska","Gdańsk","Gdańsk","16-Chełm","351","1","orientacyjnie","54.3413203","18.6203423","Nie znaleziono numeru 28. Znacznik opisuje ulicę, nie miejsce ustawienia pojemnika; po kliknięciu pokazano jej przebieg.","https://s-trojmiasto.pl/download/pojemniki-pomorskie.pdf#page=5"
"Cieszyńskiego 20","Cieszyńskiego 20, Gdańsk, Polska","Gdańsk","Gdańsk","16-Chełm","352","1","adres","54.3371845","18.6086055","Dopasowano adres w OpenStreetMap. Punkt odnosi się do budynku/adresu, a nie do zweryfikowanej pozycji pojemnika.","https://s-trojmiasto.pl/download/pojemniki-pomorskie.pdf#page=5"
"Cieszyńskiego 4 E","Cieszyńskiego 4E, Gdańsk, Polska","Gdańsk","Gdańsk","16-Chełm","353","1","orientacyjnie","54.3378085","18.6053345","Nie znaleziono dokładnego oznaczenia budynku lub klatki. Pokazano adres o tym samym numerze podstawowym.","https://s-trojmiasto.pl/download/pojemniki-pomorskie.pdf#page=5"
"Cieszyńskiego 56A","Cieszyńskiego 56A, Gdańsk, Polska","Gdańsk","Gdańsk","16-Chełm","354","1","orientacyjnie","54.3352724","18.6148742","Nie znaleziono dokładnego oznaczenia budynku lub klatki. Pokazano adres o tym samym numerze podstawowym.","https://s-trojmiasto.pl/download/pojemniki-pomorskie.pdf#page=6"
"Dragana 17","Dragana 17, Gdańsk, Polska","Gdańsk","Gdańsk","16-Chełm","355","1","adres","54.3406595","18.616709","Dopasowano adres w OpenStreetMap. Punkt odnosi się do budynku/adresu, a nie do zweryfikowanej pozycji pojemnika.","https://s-trojmiasto.pl/download/pojemniki-pomorskie.pdf#page=6"
"Hebanowskiego 72","Hebanowskiego 72, Gdańsk, Polska","Gdańsk","Gdańsk","16-Chełm","356","1","adres","54.3329825","18.6273775","Dopasowano adres w OpenStreetMap. Punkt odnosi się do budynku/adresu, a nie do zweryfikowanej pozycji pojemnika.","https://s-trojmiasto.pl/download/pojemniki-pomorskie.pdf#page=6"
"Jabłońskiego 6 D","Jabłońskiego 6D, Gdańsk, Polska","Gdańsk","Gdańsk","16-Chełm","357","1","orientacyjnie","54.3360926","18.6249843","Nie znaleziono dokładnego oznaczenia budynku lub klatki. Pokazano adres o tym samym numerze podstawowym.","https://s-trojmiasto.pl/download/pojemniki-pomorskie.pdf#page=6"
"Odrzańska 21","Odrzańska 21, Gdańsk, Polska","Gdańsk","Gdańsk","16-Chełm","358","1","adres","54.3424772","18.6270589","Dopasowano adres w OpenStreetMap. Punkt odnosi się do budynku/adresu, a nie do zweryfikowanej pozycji pojemnika.","https://s-trojmiasto.pl/download/pojemniki-pomorskie.pdf#page=6"
"Stoczniowa/Smarkowa","Stoczniowa / Smarkowa, Gdańsk, Polska","Gdańsk","Gdańsk","16-Chełm","359","1","brak","","","Niejednoznaczny zapis „Stoczniowa/Smarkowa” w PDF. Nie wstawiono zgadywanego punktu. Nie udało się jednoznacznie rozpoznać zapisu „Stoczniowa/Smarkowa”. Wymaga wyjaśnienia; brak automatycznego znacznika.","https://s-trojmiasto.pl/download/pojemniki-pomorskie.pdf#page=6"
"Witosa 9 D","Witosa 9D, Gdańsk, Polska","Gdańsk","Gdańsk","16-Chełm","360","1","orientacyjnie","54.3386885","18.611397","Nie znaleziono dokładnego oznaczenia budynku lub klatki. Pokazano adres o tym samym numerze podstawowym.","https://s-trojmiasto.pl/download/pojemniki-pomorskie.pdf#page=6"
"11 Listopada 55","11 Listopada 55, Gdańsk, Polska","Gdańsk","Gdańsk","17-Orunia","361","1","adres","54.3235411","18.5916436","Dopasowano adres w OpenStreetMap. Punkt odnosi się do budynku/adresu, a nie do zweryfikowanej pozycji pojemnika.","https://s-trojmiasto.pl/download/pojemniki-pomorskie.pdf#page=6"
"Antczaka 6","Antczaka 6, Gdańsk, Polska","Gdańsk","Gdańsk","17-Orunia","362","1","orientacyjnie","54.3236761","18.6129963","Nie znaleziono numeru 6. Znacznik opisuje ulicę, nie miejsce ustawienia pojemnika; po kliknięciu pokazano jej przebieg.","https://s-trojmiasto.pl/download/pojemniki-pomorskie.pdf#page=6"
"Bergiela 4B","Bergiela 4B, Gdańsk, Polska","Gdańsk","Gdańsk","17-Orunia","363","1","adres","54.3174543","18.5841237","Dopasowano adres w OpenStreetMap. Punkt odnosi się do budynku/adresu, a nie do zweryfikowanej pozycji pojemnika.","https://s-trojmiasto.pl/download/pojemniki-pomorskie.pdf#page=6"
"Białowieska/Niepołomicka","Białowieska / Niepołomicka, Gdańsk, Polska","Gdańsk","Gdańsk","17-Orunia","364","1","brak","","","Nie rozpoznano jednoznacznie skrzyżowania tych ulic w danych mapowych.","https://s-trojmiasto.pl/download/pojemniki-pomorskie.pdf#page=6"
"Bieszczadzka/Karkonoska","Bieszczadzka / Karkonoska, Gdańsk, Polska","Gdańsk","Gdańsk","17-Orunia","365","1","orientacyjnie","54.3162191","18.5827921","Orientacyjna lokalizacja skrzyżowania. Nie określa strony ulicy ani dokładnego miejsca pojemnika.","https://s-trojmiasto.pl/download/pojemniki-pomorskie.pdf#page=6"
"Brzegi 5","Brzegi 5, Gdańsk, Polska","Gdańsk","Gdańsk","17-Orunia","366","1","orientacyjnie","54.3358873","18.635791","Nie znaleziono numeru 5. Znacznik opisuje ulicę, nie miejsce ustawienia pojemnika; po kliknięciu pokazano jej przebieg.","https://s-trojmiasto.pl/download/pojemniki-pomorskie.pdf#page=6"
"Brzegi Podmiejska","Brzegi / Podmiejska, Gdańsk, Polska","Gdańsk","Gdańsk","17-Orunia","367","1","orientacyjnie","54.3307595","18.6332493","Orientacyjna lokalizacja skrzyżowania. Nie określa strony ulicy ani dokładnego miejsca pojemnika.","https://s-trojmiasto.pl/download/pojemniki-pomorskie.pdf#page=6"
"Burskiego 10","Burskiego 10, Gdańsk, Polska","Gdańsk","Gdańsk","17-Orunia","368","1","brak","","","Brak danych pozwalających rozpoznać tę ulicę w Gdańsku.","https://s-trojmiasto.pl/download/pojemniki-pomorskie.pdf#page=6"
"Dąbka Przedszkole","Dąbka, Gdańsk, Polska","Gdańsk","Gdańsk","17-Orunia","369","1","orientacyjnie","54.3200066","18.5887748","Dopasowano pobliski obiekt, nie sam pojemnik. Opis z PDF: przedszkole. Obiekt lub jego nazwa mogły się zmienić.","https://s-trojmiasto.pl/download/pojemniki-pomorskie.pdf#page=6"
"Dominika 7","Dominika 7, Gdańsk, Polska","Gdańsk","Gdańsk","17-Orunia","370","1","orientacyjnie","54.327594","18.6216435","Nie znaleziono dokładnego oznaczenia budynku lub klatki. Pokazano adres o tym samym numerze podstawowym.","https://s-trojmiasto.pl/download/pojemniki-pomorskie.pdf#page=6"
"Drużyn Strzeleckich 69","Drużyn Strzeleckich 69, Gdańsk, Polska","Gdańsk","Gdańsk","17-Orunia","371, 372","2","orientacyjnie","54.3231215","18.5942367","Nie znaleziono numeru 69. Znacznik opisuje ulicę, nie miejsce ustawienia pojemnika; po kliknięciu pokazano jej przebieg.","https://s-trojmiasto.pl/download/pojemniki-pomorskie.pdf#page=6"
"Dywizji Wołyńskiej 11","Dywizji Wołyńskiej 11, Gdańsk, Polska","Gdańsk","Gdańsk","17-Orunia","373","1","orientacyjnie","54.3225917","18.6152733","Nie znaleziono numeru 11. Znacznik opisuje ulicę, nie miejsce ustawienia pojemnika; po kliknięciu pokazano jej przebieg.","https://s-trojmiasto.pl/download/pojemniki-pomorskie.pdf#page=6"
"Dywizji Wołyńskiej 8","Dywizji Wołyńskiej 8, Gdańsk, Polska","Gdańsk","Gdańsk","17-Orunia","374, 375","2","adres","54.3234506","18.6183467","Dopasowano adres w OpenStreetMap. Punkt odnosi się do budynku/adresu, a nie do zweryfikowanej pozycji pojemnika.","https://s-trojmiasto.pl/download/pojemniki-pomorskie.pdf#page=6"
"Gościnna 13","Gościnna 13, Gdańsk, Polska","Gdańsk","Gdańsk","17-Orunia","376","1","adres","54.3234345","18.6326895","Dopasowano adres w OpenStreetMap. Punkt odnosi się do budynku/adresu, a nie do zweryfikowanej pozycji pojemnika.","https://s-trojmiasto.pl/download/pojemniki-pomorskie.pdf#page=6"
"Grabowa","Grabowa, Gdańsk, Polska","Gdańsk","Gdańsk","17-Orunia","377","1","orientacyjnie","54.3205222","18.6355384","PDF podaje tylko nazwę ulicy, bez numeru. Znacznik opisuje ulicę, nie miejsce ustawienia pojemnika; po kliknięciu pokazano jej przebieg.","https://s-trojmiasto.pl/download/pojemniki-pomorskie.pdf#page=6"
"Guderskiego 2A","Guderskiego 2A, Gdańsk, Polska","Gdańsk","Gdańsk","17-Orunia","378, 379, 380","3","adres","54.3145689","18.5700888","Dopasowano adres w OpenStreetMap. Punkt odnosi się do budynku/adresu, a nie do zweryfikowanej pozycji pojemnika.","https://s-trojmiasto.pl/download/pojemniki-pomorskie.pdf#page=6"
"Hokejowa Biedronka","Hokejowa, Gdańsk, Polska","Gdańsk","Gdańsk","17-Orunia","381, 382","2","orientacyjnie","54.3102843","18.5878447","Dopasowano pobliski obiekt, nie sam pojemnik. Opis z PDF: Biedronka. Obiekt lub jego nazwa mogły się zmienić.","https://s-trojmiasto.pl/download/pojemniki-pomorskie.pdf#page=6"
"Hokejowa/Podleckiego","Hokejowa / Podleckiego, Gdańsk, Polska","Gdańsk","Gdańsk","17-Orunia","383","1","orientacyjnie","54.30943769999999","18.5932442","Orientacyjna lokalizacja skrzyżowania. Nie określa strony ulicy ani dokładnego miejsca pojemnika.","https://s-trojmiasto.pl/download/pojemniki-pomorskie.pdf#page=6"
"Jagiellońska 15","Jagiellońska 15, Gdańsk, Polska","Gdańsk","Gdańsk","17-Orunia","384","1","orientacyjnie","54.4122208","18.5959399","Nie znaleziono numeru 15. Znacznik opisuje ulicę, nie miejsce ustawienia pojemnika; po kliknięciu pokazano jej przebieg.","https://s-trojmiasto.pl/download/pojemniki-pomorskie.pdf#page=6"
"Jagiellońska 5","Jagiellońska 5, Gdańsk, Polska","Gdańsk","Gdańsk","17-Orunia","385","1","adres","54.4127847","18.5892155","Dopasowano adres w OpenStreetMap. Punkt odnosi się do budynku/adresu, a nie do zweryfikowanej pozycji pojemnika.","https://s-trojmiasto.pl/download/pojemniki-pomorskie.pdf#page=6"
"Jagielońska 22","Jagiellońska 22, Gdańsk, Polska","Gdańsk","Gdańsk","17-Orunia","386","1","orientacyjnie","54.4122208","18.5959399","Nie znaleziono numeru 22. Znacznik opisuje ulicę, nie miejsce ustawienia pojemnika; po kliknięciu pokazano jej przebieg. Korekta literówki: w PDF „Jagielońska”.","https://s-trojmiasto.pl/download/pojemniki-pomorskie.pdf#page=6"
"Jeleniogórska 37","Jeleniogórska 37, Gdańsk, Polska","Gdańsk","Gdańsk","17-Orunia","387","1","adres","54.3271659","18.5823516","Dopasowano adres w OpenStreetMap. Punkt odnosi się do budynku/adresu, a nie do zweryfikowanej pozycji pojemnika.","https://s-trojmiasto.pl/download/pojemniki-pomorskie.pdf#page=6"
"Knyszyńska 12","Knyszyńska 12, Gdańsk, Polska","Gdańsk","Gdańsk","17-Orunia","388","1","adres","54.315238","18.6063405","Dopasowano adres w OpenStreetMap. Punkt odnosi się do budynku/adresu, a nie do zweryfikowanej pozycji pojemnika.","https://s-trojmiasto.pl/download/pojemniki-pomorskie.pdf#page=6"
"Knyszyńska 4","Knyszyńska 4, Gdańsk, Polska","Gdańsk","Gdańsk","17-Orunia","389","1","adres","54.315674","18.605603","Dopasowano adres w OpenStreetMap. Punkt odnosi się do budynku/adresu, a nie do zweryfikowanej pozycji pojemnika.","https://s-trojmiasto.pl/download/pojemniki-pomorskie.pdf#page=6"
"Kolorowa 6","Kolorowa 6, Gdańsk, Polska","Gdańsk","Gdańsk","17-Orunia","390","1","adres","54.3142573","18.6024667","Dopasowano adres w OpenStreetMap. Punkt odnosi się do budynku/adresu, a nie do zweryfikowanej pozycji pojemnika.","https://s-trojmiasto.pl/download/pojemniki-pomorskie.pdf#page=6"
"Kolorowa 9","Kolorowa 9, Gdańsk, Polska","Gdańsk","Gdańsk","17-Orunia","391","1","adres","54.3124773","18.6031442","Dopasowano adres w OpenStreetMap. Punkt odnosi się do budynku/adresu, a nie do zweryfikowanej pozycji pojemnika.","https://s-trojmiasto.pl/download/pojemniki-pomorskie.pdf#page=6"
"Kryształowa 1","Kryształowa 1, Gdańsk, Polska","Gdańsk","Gdańsk","17-Orunia","392","1","adres","54.3136158","18.5981219","Dopasowano adres w OpenStreetMap. Punkt odnosi się do budynku/adresu, a nie do zweryfikowanej pozycji pojemnika.","https://s-trojmiasto.pl/download/pojemniki-pomorskie.pdf#page=6"
"Łucznicza 16","Łucznicza 16, Gdańsk, Polska","Gdańsk","Gdańsk","17-Orunia","393","1","adres","54.3074503","18.5906539","Dopasowano adres w OpenStreetMap. Punkt odnosi się do budynku/adresu, a nie do zweryfikowanej pozycji pojemnika.","https://s-trojmiasto.pl/download/pojemniki-pomorskie.pdf#page=6"
"Łucznicza\Wielkopolska","Łucznicza / Wielkopolska, Gdańsk, Polska","Gdańsk","Gdańsk","17-Orunia","394","1","orientacyjnie","54.308827650000005","18.5872027","Orientacyjna lokalizacja skrzyżowania. Nie określa strony ulicy ani dokładnego miejsca pojemnika.","https://s-trojmiasto.pl/download/pojemniki-pomorskie.pdf#page=6"
"Madalińskiego 3","Madalińskiego 3, Gdańsk, Polska","Gdańsk","Gdańsk","17-Orunia","395","1","adres","54.3316447","18.6127703","Dopasowano adres w OpenStreetMap. Punkt odnosi się do budynku/adresu, a nie do zweryfikowanej pozycji pojemnika.","https://s-trojmiasto.pl/download/pojemniki-pomorskie.pdf#page=6"
"Niepołomicka/Starogardzka","Niepołomicka / Starogardzka, Gdańsk, Polska","Gdańsk","Gdańsk","17-Orunia","396, 397","2","orientacyjnie","54.301237199999996","18.6071412","Orientacyjna lokalizacja skrzyżowania. Nie określa strony ulicy ani dokładnego miejsca pojemnika.","https://s-trojmiasto.pl/download/pojemniki-pomorskie.pdf#page=6"
"Nowosądecka Parking","Nowosądecka, Gdańsk, Polska","Gdańsk","Gdańsk","17-Orunia","398","1","orientacyjnie","54.3271572","18.5803428","Opis „parking” nie pozwolił jednoznacznie wskazać miejsca. Znacznik opisuje ulicę, nie miejsce ustawienia pojemnika; po kliknięciu pokazano jej przebieg.","https://s-trojmiasto.pl/download/pojemniki-pomorskie.pdf#page=6"
"Ofiar Grudnia 70/Tenisowa","Ofiar Grudnia 70 / Tenisowa, Gdańsk, Polska","Gdańsk","Gdańsk","17-Orunia","399, 400","2","orientacyjnie","54.3052037","18.5810105","Orientacyjna lokalizacja skrzyżowania. Nie określa strony ulicy ani dokładnego miejsca pojemnika.","https://s-trojmiasto.pl/download/pojemniki-pomorskie.pdf#page=6"
"Olimpijska 56","Olimpijska 56, Gdańsk, Polska","Gdańsk","Gdańsk","17-Orunia","401","1","adres","54.3088381","18.5902136","Dopasowano adres w OpenStreetMap. Punkt odnosi się do budynku/adresu, a nie do zweryfikowanej pozycji pojemnika.","https://s-trojmiasto.pl/download/pojemniki-pomorskie.pdf#page=6"
"Piotrkowska /Nowosądecka","Piotrkowska / Nowosądecka, Gdańsk, Polska","Gdańsk","Gdańsk","17-Orunia","402","1","orientacyjnie","54.3283581","18.5798794","Orientacyjna lokalizacja skrzyżowania. Nie określa strony ulicy ani dokładnego miejsca pojemnika.","https://s-trojmiasto.pl/download/pojemniki-pomorskie.pdf#page=6"
"Platynowa 21","Platynowa 21, Gdańsk, Polska","Gdańsk","Gdańsk","17-Orunia","403","1","orientacyjnie","54.3258582","18.6245353","Nie znaleziono dokładnego oznaczenia budynku lub klatki. Pokazano adres o tym samym numerze podstawowym.","https://s-trojmiasto.pl/download/pojemniki-pomorskie.pdf#page=6"
"Przebiśniegowa 5","Przebiśniegowa 5, Gdańsk, Polska","Gdańsk","Gdańsk","17-Orunia","404","1","adres","54.3163035","18.591908","Dopasowano adres w OpenStreetMap. Punkt odnosi się do budynku/adresu, a nie do zweryfikowanej pozycji pojemnika.","https://s-trojmiasto.pl/download/pojemniki-pomorskie.pdf#page=6"
"Przyjemna/Urocza","Przyjemna / Urocza, Gdańsk, Polska","Gdańsk","Gdańsk","17-Orunia","405","1","orientacyjnie","54.3221786","18.6371216","Orientacyjna lokalizacja skrzyżowania. Nie określa strony ulicy ani dokładnego miejsca pojemnika.","https://s-trojmiasto.pl/download/pojemniki-pomorskie.pdf#page=6"
"Rozrażewskiego 4","Rozrażewskiego 4, Gdańsk, Polska","Gdańsk","Gdańsk","17-Orunia","406, 407","2","orientacyjnie","54.3255958","18.6215742","Nie znaleziono dokładnego oznaczenia budynku lub klatki. Pokazano adres o tym samym numerze podstawowym.","https://s-trojmiasto.pl/download/pojemniki-pomorskie.pdf#page=6"
"Równa 46","Równa 46, Gdańsk, Polska","Gdańsk","Gdańsk","17-Orunia","408","1","adres","54.3257463","18.6402308","Dopasowano adres w OpenStreetMap. Punkt odnosi się do budynku/adresu, a nie do zweryfikowanej pozycji pojemnika.","https://s-trojmiasto.pl/download/pojemniki-pomorskie.pdf#page=6"
"Serbska/Ubocze","Serbska / Ubocze, Gdańsk, Polska","Gdańsk","Gdańsk","17-Orunia","409","1","orientacyjnie","54.3292629","18.6376095","Orientacyjna lokalizacja skrzyżowania. Nie określa strony ulicy ani dokładnego miejsca pojemnika.","https://s-trojmiasto.pl/download/pojemniki-pomorskie.pdf#page=6"
"Smoleńska 20","Smoleńska 20, Gdańsk, Polska","Gdańsk","Gdańsk","17-Orunia","410","1","adres","54.317873","18.635239","Dopasowano adres w OpenStreetMap. Punkt odnosi się do budynku/adresu, a nie do zweryfikowanej pozycji pojemnika.","https://s-trojmiasto.pl/download/pojemniki-pomorskie.pdf#page=6"
"Srebrna 28","Srebrna 28, Gdańsk, Polska","Gdańsk","Gdańsk","17-Orunia","411","1","adres","54.3157477","18.6016084","Dopasowano adres w OpenStreetMap. Punkt odnosi się do budynku/adresu, a nie do zweryfikowanej pozycji pojemnika.","https://s-trojmiasto.pl/download/pojemniki-pomorskie.pdf#page=6"
"Trakt Sw Wojciecha 213","Trakt św. Wojciecha 213, Gdańsk, Polska","Gdańsk","Gdańsk","17-Orunia","412","1","adres","54.3156605","18.62984","Dopasowano adres w OpenStreetMap. Punkt odnosi się do budynku/adresu, a nie do zweryfikowanej pozycji pojemnika. Rozwinięto skrót i ujednolicono zapis nazwy ulicy.","https://s-trojmiasto.pl/download/pojemniki-pomorskie.pdf#page=6"
"Ubocze 24B","Ubocze 24B, Gdańsk, Polska","Gdańsk","Gdańsk","17-Orunia","413","1","adres","54.327822","18.6369113","Dopasowano adres w OpenStreetMap. Punkt odnosi się do budynku/adresu, a nie do zweryfikowanej pozycji pojemnika.","https://s-trojmiasto.pl/download/pojemniki-pomorskie.pdf#page=6"
"Ukośna 7","Ukośna 7, Gdańsk, Polska","Gdańsk","Gdańsk","17-Orunia","414","1","adres","54.3115279","18.6324244","Dopasowano adres w OpenStreetMap. Punkt odnosi się do budynku/adresu, a nie do zweryfikowanej pozycji pojemnika.","https://s-trojmiasto.pl/download/pojemniki-pomorskie.pdf#page=6"
"Uranowa 5","Uranowa 5, Gdańsk, Polska","Gdańsk","Gdańsk","17-Orunia","415","1","orientacyjnie","54.3268795","18.6198621","Nie znaleziono dokładnego oznaczenia budynku lub klatki. Pokazano adres o tym samym numerze podstawowym.","https://s-trojmiasto.pl/download/pojemniki-pomorskie.pdf#page=6"
"Warszawska 55","Warszawska 55, Gdańsk, Polska","Gdańsk","Gdańsk","17-Orunia","416","1","adres","54.3324525","18.5861989","Dopasowano adres w OpenStreetMap. Punkt odnosi się do budynku/adresu, a nie do zweryfikowanej pozycji pojemnika.","https://s-trojmiasto.pl/download/pojemniki-pomorskie.pdf#page=6"
"Warszawska 59","Warszawska 59, Gdańsk, Polska","Gdańsk","Gdańsk","17-Orunia","417","1","adres","54.332023","18.5839995","Dopasowano adres w OpenStreetMap. Punkt odnosi się do budynku/adresu, a nie do zweryfikowanej pozycji pojemnika.","https://s-trojmiasto.pl/download/pojemniki-pomorskie.pdf#page=6"
"Wawelska 4A","Wawelska 4A, Gdańsk, Polska","Gdańsk","Gdańsk","17-Orunia","418","1","adres","54.3285945","18.6125076","Dopasowano adres w OpenStreetMap. Punkt odnosi się do budynku/adresu, a nie do zweryfikowanej pozycji pojemnika.","https://s-trojmiasto.pl/download/pojemniki-pomorskie.pdf#page=6"
"Wielkopolska","Wielkopolska, Gdańsk, Polska","Gdańsk","Gdańsk","17-Orunia","419","1","orientacyjnie","54.3125591","18.590251","PDF podaje tylko nazwę ulicy, bez numeru. Znacznik opisuje ulicę, nie miejsce ustawienia pojemnika; po kliknięciu pokazano jej przebieg.","https://s-trojmiasto.pl/download/pojemniki-pomorskie.pdf#page=6"
"Żuławska 4","Żuławska 4, Gdańsk, Polska","Gdańsk","Gdańsk","17-Orunia","420","1","orientacyjnie","54.3231119","18.6368612","Nie znaleziono dokładnego oznaczenia budynku lub klatki. Pokazano adres o tym samym numerze podstawowym.","https://s-trojmiasto.pl/download/pojemniki-pomorskie.pdf#page=6"
"Bratki","Bratki, Gdańsk, Polska","Gdańsk","Gdańsk","18-Stogi","421","1","orientacyjnie","54.3368101","18.6680821","PDF podaje tylko nazwę ulicy, bez numeru. Znacznik opisuje ulicę, nie miejsce ustawienia pojemnika; po kliknięciu pokazano jej przebieg.","https://s-trojmiasto.pl/download/pojemniki-pomorskie.pdf#page=6"
"Jodłowa 6","Jodłowa 6, Gdańsk, Polska","Gdańsk","Gdańsk","18-Stogi","422","1","adres","54.3602722","18.7215209","Dopasowano adres w OpenStreetMap. Punkt odnosi się do budynku/adresu, a nie do zweryfikowanej pozycji pojemnika.","https://s-trojmiasto.pl/download/pojemniki-pomorskie.pdf#page=6"
"Kieturakisa","Kieturakisa, Gdańsk, Polska","Gdańsk","Gdańsk","18-Stogi","423","1","orientacyjnie","54.3407322","18.658801","PDF podaje tylko nazwę ulicy, bez numeru. Znacznik opisuje ulicę, nie miejsce ustawienia pojemnika; po kliknięciu pokazano jej przebieg.","https://s-trojmiasto.pl/download/pojemniki-pomorskie.pdf#page=6"
"Lenartowicza 10","Lenartowicza 10, Gdańsk, Polska","Gdańsk","Gdańsk","18-Stogi","424","1","orientacyjnie","54.3573809","18.686927","Nie znaleziono dokładnego oznaczenia budynku lub klatki. Pokazano adres o tym samym numerze podstawowym.","https://s-trojmiasto.pl/download/pojemniki-pomorskie.pdf#page=6"
"Niska 2 C","Niska 2C, Gdańsk, Polska","Gdańsk","Gdańsk","18-Stogi","425","1","adres","54.3623495","18.7081186","Dopasowano adres w OpenStreetMap. Punkt odnosi się do budynku/adresu, a nie do zweryfikowanej pozycji pojemnika.","https://s-trojmiasto.pl/download/pojemniki-pomorskie.pdf#page=7"
"Polonusa 11","Polonusa 11, Gdańsk, Polska","Gdańsk","Gdańsk","18-Stogi","426","1","adres","54.3587622","18.7075632","Dopasowano adres w OpenStreetMap. Punkt odnosi się do budynku/adresu, a nie do zweryfikowanej pozycji pojemnika.","https://s-trojmiasto.pl/download/pojemniki-pomorskie.pdf#page=7"
"Siennicka 10","Siennicka 10, Gdańsk, Polska","Gdańsk","Gdańsk","18-Stogi","427","1","adres","54.3559625","18.6799225","Dopasowano adres w OpenStreetMap. Punkt odnosi się do budynku/adresu, a nie do zweryfikowanej pozycji pojemnika.","https://s-trojmiasto.pl/download/pojemniki-pomorskie.pdf#page=7"
"Tamka 1","Tamka 1, Gdańsk, Polska","Gdańsk","Gdańsk","18-Stogi","428","1","adres","54.3585855","18.7042899","Dopasowano adres w OpenStreetMap. Punkt odnosi się do budynku/adresu, a nie do zweryfikowanej pozycji pojemnika.","https://s-trojmiasto.pl/download/pojemniki-pomorskie.pdf#page=7"
"Tamka 29","Tamka 29, Gdańsk, Polska","Gdańsk","Gdańsk","18-Stogi","429","1","orientacyjnie","54.3595427","18.7160371","Nie znaleziono dokładnego oznaczenia budynku lub klatki. Pokazano adres o tym samym numerze podstawowym.","https://s-trojmiasto.pl/download/pojemniki-pomorskie.pdf#page=7"
"Tamka 43","Tamka 43, Gdańsk, Polska","Gdańsk","Gdańsk","18-Stogi","430","1","adres","54.3594427","18.7186375","Dopasowano adres w OpenStreetMap. Punkt odnosi się do budynku/adresu, a nie do zweryfikowanej pozycji pojemnika.","https://s-trojmiasto.pl/download/pojemniki-pomorskie.pdf#page=7"
"Zalesie 10","Zalesie 10, Gdańsk, Polska","Gdańsk","Gdańsk","18-Stogi","431","1","adres","54.364381","18.7083175","Dopasowano adres w OpenStreetMap. Punkt odnosi się do budynku/adresu, a nie do zweryfikowanej pozycji pojemnika.","https://s-trojmiasto.pl/download/pojemniki-pomorskie.pdf#page=7"
"Zimna 2","Zimna 2, Gdańsk, Polska","Gdańsk","Gdańsk","18-Stogi","432","1","orientacyjnie","54.3592121","18.7079654","Nie znaleziono dokładnego oznaczenia budynku lub klatki. Pokazano adres o tym samym numerze podstawowym.","https://s-trojmiasto.pl/download/pojemniki-pomorskie.pdf#page=7"
"Bluszczowa 38","Bluszczowa 38, Gdańsk, Polska","Gdańsk","Gdańsk","19-Olszynka","433","1","orientacyjnie","54.3377151","18.6671894","Nie znaleziono numeru 38. Znacznik opisuje ulicę, nie miejsce ustawienia pojemnika; po kliknięciu pokazano jej przebieg.","https://s-trojmiasto.pl/download/pojemniki-pomorskie.pdf#page=7"
"Łanowa 37","Łanowa 37, Gdańsk, Polska","Gdańsk","Gdańsk","19-Olszynka","434","1","orientacyjnie","54.3288901","18.6696944","Nie znaleziono numeru 37. Znacznik opisuje ulicę, nie miejsce ustawienia pojemnika; po kliknięciu pokazano jej przebieg.","https://s-trojmiasto.pl/download/pojemniki-pomorskie.pdf#page=7"
"Miedzia 5","Miedzia 5, Gdańsk, Polska","Gdańsk","Gdańsk","19-Olszynka","435","1","brak","","","Brak danych pozwalających rozpoznać tę ulicę w Gdańsku.","https://s-trojmiasto.pl/download/pojemniki-pomorskie.pdf#page=7"
"Miedzia 6","Miedzia 6, Gdańsk, Polska","Gdańsk","Gdańsk","19-Olszynka","436","1","brak","","","Brak danych pozwalających rozpoznać tę ulicę w Gdańsku.","https://s-trojmiasto.pl/download/pojemniki-pomorskie.pdf#page=7"
"Osiedle 4","Osiedle 4, Gdańsk, Polska","Gdańsk","Gdańsk","19-Olszynka","437","1","adres","54.3448915","18.675063","Dopasowano adres w OpenStreetMap. Punkt odnosi się do budynku/adresu, a nie do zweryfikowanej pozycji pojemnika.","https://s-trojmiasto.pl/download/pojemniki-pomorskie.pdf#page=7"
"Damroki 18","Damroki 18, Gdańsk, Polska","Gdańsk","Gdańsk","23-Jasień-Ujeścisko","438","1","adres","54.3404127","18.5654706","Dopasowano adres w OpenStreetMap. Punkt odnosi się do budynku/adresu, a nie do zweryfikowanej pozycji pojemnika.","https://s-trojmiasto.pl/download/pojemniki-pomorskie.pdf#page=7"
"Damroki 1A","Damroki 1A, Gdańsk, Polska","Gdańsk","Gdańsk","23-Jasień-Ujeścisko","439","1","adres","54.3391366","18.5653384","Dopasowano adres w OpenStreetMap. Punkt odnosi się do budynku/adresu, a nie do zweryfikowanej pozycji pojemnika.","https://s-trojmiasto.pl/download/pojemniki-pomorskie.pdf#page=7"
"Kartuska 345","Kartuska 345, Gdańsk, Polska","Gdańsk","Gdańsk","23-Jasień-Ujeścisko","440","1","adres","54.338493","18.567091","Dopasowano adres w OpenStreetMap. Punkt odnosi się do budynku/adresu, a nie do zweryfikowanej pozycji pojemnika.","https://s-trojmiasto.pl/download/pojemniki-pomorskie.pdf#page=7"
"Myśliwska 100 Za Pepco","Myśliwska 100, Gdańsk, Polska","Gdańsk","Gdańsk","23-Jasień-Ujeścisko","441, 442","2","adres","54.3513645","18.556875","Dopasowano adres w OpenStreetMap. Punkt odnosi się do budynku/adresu, a nie do zweryfikowanej pozycji pojemnika.","https://s-trojmiasto.pl/download/pojemniki-pomorskie.pdf#page=7"
"Pólnicy 19","Pólnicy 19, Gdańsk, Polska","Gdańsk","Gdańsk","23-Jasień-Ujeścisko","443","1","adres","54.3425069","18.5633904","Dopasowano adres w OpenStreetMap. Punkt odnosi się do budynku/adresu, a nie do zweryfikowanej pozycji pojemnika.","https://s-trojmiasto.pl/download/pojemniki-pomorskie.pdf#page=7"
"Rycerza Blizbora 31","Rycerza Blizbora 31, Gdańsk, Polska","Gdańsk","Gdańsk","23-Jasień-Ujeścisko","444","1","adres","54.3401691","18.561624","Dopasowano adres w OpenStreetMap. Punkt odnosi się do budynku/adresu, a nie do zweryfikowanej pozycji pojemnika.","https://s-trojmiasto.pl/download/pojemniki-pomorskie.pdf#page=7"
"Stolema 54","Stolema 54, Gdańsk, Polska","Gdańsk","Gdańsk","23-Jasień-Ujeścisko","445","1","adres","54.3427222","18.5622923","Dopasowano adres w OpenStreetMap. Punkt odnosi się do budynku/adresu, a nie do zweryfikowanej pozycji pojemnika.","https://s-trojmiasto.pl/download/pojemniki-pomorskie.pdf#page=7"
"Centrum Sportowo Rekreacyjne","Centrum Sportowo Rekreacyjne, Długie Pole, gmina Cedry Wielkie, powiat Gdański, Polska","Długie Pole","Gdański","Cedry Wielkie","446","1","brak","","","Opis nie pozwala jednoznacznie wskazać miejsca. Nie zastąpiono go środkiem miejscowości.","https://s-trojmiasto.pl/download/pojemniki-pomorskie.pdf#page=7"
"Wiślana Świetlica Wiejska","Wiślana Świetlica Wiejska, Kiezmark, gmina Cedry Wielkie, powiat Gdański, Polska","Kiezmark","Gdański","Cedry Wielkie","447","1","orientacyjnie","54.255414","18.931363","Orientacyjny pobliski obiekt zgodny z opisem PDF. Znacznik nie wskazuje dokładnego miejsca pojemnika.","https://s-trojmiasto.pl/download/pojemniki-pomorskie.pdf#page=7"
"Lipowa/Kwiatowa","Lipowa/Kwiatowa, Koszwały, gmina Cedry Wielkie, powiat Gdański, Polska","Koszwały","Gdański","Cedry Wielkie","448","1","orientacyjnie","54.2943709","18.8077639","Orientacyjna lokalizacja skrzyżowania. Nie określa strony ulicy ani dokładnego miejsca pojemnika.","https://s-trojmiasto.pl/download/pojemniki-pomorskie.pdf#page=7"
"Plac Zabaw","Plac Zabaw, Miłocin, gmina Cedry Wielkie, powiat Gdański, Polska","Miłocin","Gdański","Cedry Wielkie","449","1","brak","","","Opis nie pozwala jednoznacznie wskazać miejsca. Nie zastąpiono go środkiem miejscowości.","https://s-trojmiasto.pl/download/pojemniki-pomorskie.pdf#page=7"
"Boisko Sportowe","Boisko Sportowe, Stanisławowo, gmina Cedry Wielkie, powiat Gdański, Polska","Stanisławowo","Gdański","Cedry Wielkie","450","1","brak","","","Opis nie pozwala jednoznacznie wskazać miejsca. Nie zastąpiono go środkiem miejscowości.","https://s-trojmiasto.pl/download/pojemniki-pomorskie.pdf#page=7"
"Plac Zabaw","Plac Zabaw, Bąkowo, gmina Kolbudy, powiat Gdański, Polska","Bąkowo","Gdański","Kolbudy","451","1","brak","","","Kilka odległych obiektów pasuje do opisu. Nie wskazano zgadywanej pozycji.","https://s-trojmiasto.pl/download/pojemniki-pomorskie.pdf#page=7"
"Spacerowa 3","Spacerowa 3, Kolbudy, gmina Kolbudy, powiat Gdański, Polska","Kolbudy","Gdański","Kolbudy","452","1","adres","54.276082","18.4746021","Dopasowano adres w OpenStreetMap. Punkt odnosi się do budynku/adresu, a nie do zweryfikowanej pozycji pojemnika.","https://s-trojmiasto.pl/download/pojemniki-pomorskie.pdf#page=7"
"Heliosa/Apolina","Heliosa/Apolina, Kowale, gmina Kolbudy, powiat Gdański, Polska","Kowale","Gdański","Kolbudy","453","1","brak","","","Nie rozpoznano obu ulic skrzyżowania.","https://s-trojmiasto.pl/download/pojemniki-pomorskie.pdf#page=7"
"Pszok","Pszok, Będzieszyn, gmina Pruszcz Gdański, powiat Gdański, Polska","Będzieszyn","Gdański","Pruszcz Gdański","454, 455, 456","3","brak","","","Opis nie pozwala jednoznacznie wskazać miejsca. Nie zastąpiono go środkiem miejscowości.","https://s-trojmiasto.pl/download/pojemniki-pomorskie.pdf#page=7"
"Akacjowa 11F","Akacjowa 11F, Borkowo, gmina Pruszcz Gdański, powiat Gdański, Polska","Borkowo","Gdański","Pruszcz Gdański","457","1","orientacyjnie","54.2991988","18.5996587","Nie znaleziono dokładnego oznaczenia budynku lub klatki. Pokazano adres o tym samym numerze podstawowym.","https://s-trojmiasto.pl/download/pojemniki-pomorskie.pdf#page=7"
"1 Maja 2","1 Maja 2, Pruszcz Gdański, gmina Pruszcz Gdański, powiat Gdański, Polska","Pruszcz Gdański","Gdański","Pruszcz Gdański","458","1","adres","54.2594546","18.6325645","Dopasowano adres w OpenStreetMap. Punkt odnosi się do budynku/adresu, a nie do zweryfikowanej pozycji pojemnika.","https://s-trojmiasto.pl/download/pojemniki-pomorskie.pdf#page=7"
"Chełmońskiego 20A","Chełmońskiego 20A, Pruszcz Gdański, gmina Pruszcz Gdański, powiat Gdański, Polska","Pruszcz Gdański","Gdański","Pruszcz Gdański","459","1","orientacyjnie","54.2563858","18.6384019","Nie znaleziono dokładnego oznaczenia budynku lub klatki. Pokazano adres o tym samym numerze podstawowym.","https://s-trojmiasto.pl/download/pojemniki-pomorskie.pdf#page=7"
"Fantazego/Beniowskiego","Fantazego/Beniowskiego, Pruszcz Gdański, gmina Pruszcz Gdański, powiat Gdański, Polska","Pruszcz Gdański","Gdański","Pruszcz Gdański","460","1","orientacyjnie","54.2661841","18.6602991","Orientacyjna lokalizacja skrzyżowania. Nie określa strony ulicy ani dokładnego miejsca pojemnika.","https://s-trojmiasto.pl/download/pojemniki-pomorskie.pdf#page=7"
"Gałczyńskiego 16 Poczta.","Gałczyńskiego 16 Poczta., Pruszcz Gdański, gmina Pruszcz Gdański, powiat Gdański, Polska","Pruszcz Gdański","Gdański","Pruszcz Gdański","461, 462","2","orientacyjnie","54.2591818","18.6735589","Nie znaleziono numeru 16. Znacznik opisuje ulicę, nie miejsce ustawienia pojemnika; po kliknięciu pokazano jej przebieg.","https://s-trojmiasto.pl/download/pojemniki-pomorskie.pdf#page=7"
"Jana Z Kolna 1","Jana Z Kolna 1, Pruszcz Gdański, gmina Pruszcz Gdański, powiat Gdański, Polska","Pruszcz Gdański","Gdański","Pruszcz Gdański","463, 464","2","adres","54.2691168","18.6275516","Dopasowano adres w OpenStreetMap. Punkt odnosi się do budynku/adresu, a nie do zweryfikowanej pozycji pojemnika.","https://s-trojmiasto.pl/download/pojemniki-pomorskie.pdf#page=7"
"Słoneczna 8","Słoneczna 8, Pruszcz Gdański, gmina Pruszcz Gdański, powiat Gdański, Polska","Pruszcz Gdański","Gdański","Pruszcz Gdański","465","1","adres","54.258455","18.655981","Dopasowano adres w OpenStreetMap. Punkt odnosi się do budynku/adresu, a nie do zweryfikowanej pozycji pojemnika.","https://s-trojmiasto.pl/download/pojemniki-pomorskie.pdf#page=7"
"Tysiąclecia Pcpr","Tysiąclecia Pcpr, Pruszcz Gdański, gmina Pruszcz Gdański, powiat Gdański, Polska","Pruszcz Gdański","Gdański","Pruszcz Gdański","466","1","orientacyjnie","54.2609037","18.6292833","PDF podaje tylko nazwę ulicy, bez numeru. Znacznik opisuje ulicę, nie miejsce ustawienia pojemnika; po kliknięciu pokazano jej przebieg.","https://s-trojmiasto.pl/download/pojemniki-pomorskie.pdf#page=7"
"Tysiąclecia/Niepodległości","Tysiąclecia/Niepodległości, Pruszcz Gdański, gmina Pruszcz Gdański, powiat Gdański, Polska","Pruszcz Gdański","Gdański","Pruszcz Gdański","467, 468","2","orientacyjnie","54.2606028","18.6319389","Orientacyjna lokalizacja skrzyżowania. Nie określa strony ulicy ani dokładnego miejsca pojemnika.","https://s-trojmiasto.pl/download/pojemniki-pomorskie.pdf#page=7"
"Faustyny/Gerberowa","Faustyny/Gerberowa, Rotmanka, gmina Pruszcz Gdański, powiat Gdański, Polska","Rotmanka","Gdański","Pruszcz Gdański","469","1","orientacyjnie","54.2736279","18.6080351","Orientacyjna lokalizacja skrzyżowania. Nie określa strony ulicy ani dokładnego miejsca pojemnika.","https://s-trojmiasto.pl/download/pojemniki-pomorskie.pdf#page=7"
"Gpszok","Gpszok, Wiślina, gmina Pruszcz Gdański, powiat Gdański, Polska","Wiślina","Gdański","Pruszcz Gdański","470","1","brak","","","Opis nie pozwala jednoznacznie wskazać miejsca. Nie zastąpiono go środkiem miejscowości.","https://s-trojmiasto.pl/download/pojemniki-pomorskie.pdf#page=7"
"Pszok","Pszok, Wiślina, gmina Pruszcz Gdański, powiat Gdański, Polska","Wiślina","Gdański","Pruszcz Gdański","471","1","brak","","","Opis nie pozwala jednoznacznie wskazać miejsca. Nie zastąpiono go środkiem miejscowości.","https://s-trojmiasto.pl/download/pojemniki-pomorskie.pdf#page=7"
"Cisowa Parking","Cisowa Parking, Przywidz, gmina Przywidz, powiat Gdański, Polska","Przywidz","Gdański","Przywidz","472","1","orientacyjnie","54.1929243","18.3198561","PDF podaje tylko nazwę ulicy, bez numeru. Znacznik opisuje ulicę, nie miejsce ustawienia pojemnika; po kliknięciu pokazano jej przebieg.","https://s-trojmiasto.pl/download/pojemniki-pomorskie.pdf#page=7"
"Gdańska 7","Gdańska 7, Przywidz, gmina Przywidz, powiat Gdański, Polska","Przywidz","Gdański","Przywidz","473","1","adres","54.1979901","18.3275346","Dopasowano adres w OpenStreetMap. Punkt odnosi się do budynku/adresu, a nie do zweryfikowanej pozycji pojemnika.","https://s-trojmiasto.pl/download/pojemniki-pomorskie.pdf#page=7"
"Jesionowa Eco","Jesionowa Eco, Przywidz, gmina Przywidz, powiat Gdański, Polska","Przywidz","Gdański","Przywidz","474","1","orientacyjnie","54.1911928","18.3123062","PDF podaje tylko nazwę ulicy, bez numeru. Znacznik opisuje ulicę, nie miejsce ustawienia pojemnika; po kliknięciu pokazano jej przebieg.","https://s-trojmiasto.pl/download/pojemniki-pomorskie.pdf#page=7"
"9C Koło Sklepu","9C Koło Sklepu, Błotnia, gmina Trąbki Wielkie, powiat Gdański, Polska","Błotnia","Gdański","Trąbki Wielkie","475","1","adres","54.175","18.40031","Dopasowano numer posesji w podanej miejscowości. To adres odniesienia, nie potwierdzona pozycja pojemnika.","https://s-trojmiasto.pl/download/pojemniki-pomorskie.pdf#page=7"
"Przy Przystanku","Przy Przystanku, Czastkowo, gmina Trąbki Wielkie, powiat Gdański, Polska","Czastkowo","Gdański","Trąbki Wielkie","476","1","brak","","","Opis nie pozwala jednoznacznie wskazać miejsca. Nie zastąpiono go środkiem miejscowości.","https://s-trojmiasto.pl/download/pojemniki-pomorskie.pdf#page=7"
"Droga Główna","Droga Główna, Czerniewo, gmina Trąbki Wielkie, powiat Gdański, Polska","Czerniewo","Gdański","Trąbki Wielkie","477","1","brak","","","Opis nie pozwala jednoznacznie wskazać miejsca. Nie zastąpiono go środkiem miejscowości.","https://s-trojmiasto.pl/download/pojemniki-pomorskie.pdf#page=7"
"Blok 17","Blok 17, Domachowo, gmina Trąbki Wielkie, powiat Gdański, Polska","Domachowo","Gdański","Trąbki Wielkie","478","1","adres","54.207267","18.461482","Dopasowano numer posesji w podanej miejscowości. To adres odniesienia, nie potwierdzona pozycja pojemnika.","https://s-trojmiasto.pl/download/pojemniki-pomorskie.pdf#page=7"
"Krzyżówka","Krzyżówka, Drzewina, gmina Trąbki Wielkie, powiat Gdański, Polska","Drzewina","Gdański","Trąbki Wielkie","479","1","brak","","","Opis nie pozwala jednoznacznie wskazać miejsca. Nie zastąpiono go środkiem miejscowości.","https://s-trojmiasto.pl/download/pojemniki-pomorskie.pdf#page=7"
"Asfaltowa 4","Asfaltowa 4, Ełganowo, gmina Trąbki Wielkie, powiat Gdański, Polska","Ełganowo","Gdański","Trąbki Wielkie","480","1","orientacyjnie","54.1529319","18.4893218","Nie znaleziono numeru 4. Znacznik opisuje ulicę, nie miejsce ustawienia pojemnika; po kliknięciu pokazano jej przebieg.","https://s-trojmiasto.pl/download/pojemniki-pomorskie.pdf#page=7"
"Świetlica 39","Świetlica 39, Gołębiewko, gmina Trąbki Wielkie, powiat Gdański, Polska","Gołębiewko","Gdański","Trąbki Wielkie","481","1","brak","","","Nie dopasowano nazwy ulicy ani numeru posesji.","https://s-trojmiasto.pl/download/pojemniki-pomorskie.pdf#page=7"
"Lawendowa","Lawendowa, Gołębiewo Srednie, gmina Trąbki Wielkie, powiat Gdański, Polska","Gołębiewo Srednie","Gdański","Trąbki Wielkie","482","1","orientacyjnie","54.1362924","18.5394427","PDF podaje tylko nazwę ulicy, bez numeru. Znacznik opisuje ulicę, nie miejsce ustawienia pojemnika; po kliknięciu pokazano jej przebieg.","https://s-trojmiasto.pl/download/pojemniki-pomorskie.pdf#page=7"
"Konwaliowa","Konwaliowa, Gołębiewo Wielkie, gmina Trąbki Wielkie, powiat Gdański, Polska","Gołębiewo Wielkie","Gdański","Trąbki Wielkie","483","1","orientacyjnie","54.145795","18.5510698","PDF podaje tylko nazwę ulicy, bez numeru. Znacznik opisuje ulicę, nie miejsce ustawienia pojemnika; po kliknięciu pokazano jej przebieg.","https://s-trojmiasto.pl/download/pojemniki-pomorskie.pdf#page=7"
"Jarzębinowa 1","Jarzębinowa 1, Graniczna Wieś, gmina Trąbki Wielkie, powiat Gdański, Polska","Graniczna Wieś","Gdański","Trąbki Wielkie","484","1","adres","54.16044","18.45582","Dopasowano adres w OpenStreetMap. Punkt odnosi się do budynku/adresu, a nie do zweryfikowanej pozycji pojemnika.","https://s-trojmiasto.pl/download/pojemniki-pomorskie.pdf#page=7"
"Przystanek","Przystanek, Kaczki, gmina Trąbki Wielkie, powiat Gdański, Polska","Kaczki","Gdański","Trąbki Wielkie","485","1","brak","","","Opis nie pozwala jednoznacznie wskazać miejsca. Nie zastąpiono go środkiem miejscowości.","https://s-trojmiasto.pl/download/pojemniki-pomorskie.pdf#page=7"
"Szkolna Szkarszewska","Szkolna Szkarszewska, Kleszczewo, gmina Trąbki Wielkie, powiat Gdański, Polska","Kleszczewo","Gdański","Trąbki Wielkie","486","1","orientacyjnie","54.1972886","18.5123635","PDF podaje tylko nazwę ulicy, bez numeru. Znacznik opisuje ulicę, nie miejsce ustawienia pojemnika; po kliknięciu pokazano jej przebieg.","https://s-trojmiasto.pl/download/pojemniki-pomorskie.pdf#page=7"
"Gdańska Szkolna","Gdańska Szkolna, Kłodawa, gmina Trąbki Wielkie, powiat Gdański, Polska","Kłodawa","Gdański","Trąbki Wielkie","487","1","orientacyjnie","54.1987047","18.5868061","PDF podaje tylko nazwę ulicy, bez numeru. Znacznik opisuje ulicę, nie miejsce ustawienia pojemnika; po kliknięciu pokazano jej przebieg.","https://s-trojmiasto.pl/download/pojemniki-pomorskie.pdf#page=7"
"Kasztanowa 2","Kasztanowa 2, Mierzeszyn, gmina Trąbki Wielkie, powiat Gdański, Polska","Mierzeszyn","Gdański","Trąbki Wielkie","488","1","adres","54.2005","18.41975","Dopasowano adres w OpenStreetMap. Punkt odnosi się do budynku/adresu, a nie do zweryfikowanej pozycji pojemnika.","https://s-trojmiasto.pl/download/pojemniki-pomorskie.pdf#page=7"
"Wolności 35","Wolności 35, Mierzeszyn, gmina Trąbki Wielkie, powiat Gdański, Polska","Mierzeszyn","Gdański","Trąbki Wielkie","489","1","adres","54.19708","18.42255","Dopasowano adres w OpenStreetMap. Punkt odnosi się do budynku/adresu, a nie do zweryfikowanej pozycji pojemnika.","https://s-trojmiasto.pl/download/pojemniki-pomorskie.pdf#page=7"
"Nr Domu 21","Nr Domu 21, Pawłowo, gmina Trąbki Wielkie, powiat Gdański, Polska","Pawłowo","Gdański","Trąbki Wielkie","490","1","adres","54.134","18.4078","Dopasowano numer posesji w podanej miejscowości. To adres odniesienia, nie potwierdzona pozycja pojemnika.","https://s-trojmiasto.pl/download/pojemniki-pomorskie.pdf#page=7"
"Przy Skrzyżowaniu","Przy Skrzyżowaniu, Postolowo, gmina Trąbki Wielkie, powiat Gdański, Polska","Postolowo","Gdański","Trąbki Wielkie","491","1","brak","","","Opis nie pozwala jednoznacznie wskazać miejsca. Nie zastąpiono go środkiem miejscowości.","https://s-trojmiasto.pl/download/pojemniki-pomorskie.pdf#page=7"
"Przystanek","Przystanek, Postołowo, gmina Trąbki Wielkie, powiat Gdański, Polska","Postołowo","Gdański","Trąbki Wielkie","492","1","brak","","","Opis nie pozwala jednoznacznie wskazać miejsca. Nie zastąpiono go środkiem miejscowości.","https://s-trojmiasto.pl/download/pojemniki-pomorskie.pdf#page=7"
"Kościuszki 20","Kościuszki 20, Sobowidz, gmina Trąbki Wielkie, powiat Gdański, Polska","Sobowidz","Gdański","Trąbki Wielkie","493","1","adres","54.14459","18.60276","Dopasowano adres w OpenStreetMap. Punkt odnosi się do budynku/adresu, a nie do zweryfikowanej pozycji pojemnika.","https://s-trojmiasto.pl/download/pojemniki-pomorskie.pdf#page=7"
"Morenowa 4","Morenowa 4, Sobowidz, gmina Trąbki Wielkie, powiat Gdański, Polska","Sobowidz","Gdański","Trąbki Wielkie","494","1","adres","54.14506","18.5914","Dopasowano adres w OpenStreetMap. Punkt odnosi się do budynku/adresu, a nie do zweryfikowanej pozycji pojemnika.","https://s-trojmiasto.pl/download/pojemniki-pomorskie.pdf#page=7"
"Kwiatowa Przystanek","Kwiatowa Przystanek, Trąbki Małe, gmina Trąbki Wielkie, powiat Gdański, Polska","Trąbki Małe","Gdański","Trąbki Wielkie","495","1","orientacyjnie","54.1841687","18.5688641","PDF podaje tylko nazwę ulicy, bez numeru. Znacznik opisuje ulicę, nie miejsce ustawienia pojemnika; po kliknięciu pokazano jej przebieg.","https://s-trojmiasto.pl/download/pojemniki-pomorskie.pdf#page=7"
"Akacjowa Plac Zabaw","Akacjowa Plac Zabaw, Trąbki Wielkie, gmina Trąbki Wielkie, powiat Gdański, Polska","Trąbki Wielkie","Gdański","Trąbki Wielkie","496","1","orientacyjnie","54.1716749","18.5228811","Orientacyjny pobliski obiekt zgodny z opisem PDF. Znacznik nie wskazuje dokładnego miejsca pojemnika.","https://s-trojmiasto.pl/download/pojemniki-pomorskie.pdf#page=8"
"Parkowa Słup Trafo","Parkowa Słup Trafo, Trąbki Wielkie, gmina Trąbki Wielkie, powiat Gdański, Polska","Trąbki Wielkie","Gdański","Trąbki Wielkie","497","1","orientacyjnie","54.1706418","18.5354464","PDF podaje tylko nazwę ulicy, bez numeru. Znacznik opisuje ulicę, nie miejsce ustawienia pojemnika; po kliknięciu pokazano jej przebieg.","https://s-trojmiasto.pl/download/pojemniki-pomorskie.pdf#page=8"
"Pawłowskiej Kaplica","Pawłowskiej Kaplica, Trąbki Wielkie, gmina Trąbki Wielkie, powiat Gdański, Polska","Trąbki Wielkie","Gdański","Trąbki Wielkie","498","1","orientacyjnie","54.1710369","18.5327615","PDF podaje tylko nazwę ulicy, bez numeru. Znacznik opisuje ulicę, nie miejsce ustawienia pojemnika; po kliknięciu pokazano jej przebieg.","https://s-trojmiasto.pl/download/pojemniki-pomorskie.pdf#page=8"
"Sportowa Parking","Sportowa Parking, Trąbki Wielkie, gmina Trąbki Wielkie, powiat Gdański, Polska","Trąbki Wielkie","Gdański","Trąbki Wielkie","499","1","orientacyjnie","54.1722524","18.5386542","PDF podaje tylko nazwę ulicy, bez numeru. Znacznik opisuje ulicę, nie miejsce ustawienia pojemnika; po kliknięciu pokazano jej przebieg.","https://s-trojmiasto.pl/download/pojemniki-pomorskie.pdf#page=8"
"Sportowa Szkoła","Sportowa Szkoła, Trąbki Wielkie, gmina Trąbki Wielkie, powiat Gdański, Polska","Trąbki Wielkie","Gdański","Trąbki Wielkie","500","1","orientacyjnie","54.1728323","18.5398908","Orientacyjny pobliski obiekt zgodny z opisem PDF. Znacznik nie wskazuje dokładnego miejsca pojemnika.","https://s-trojmiasto.pl/download/pojemniki-pomorskie.pdf#page=8"
"Przy Budynku 15A","Przy Budynku 15A, Warcz, gmina Trąbki Wielkie, powiat Gdański, Polska","Warcz","Gdański","Trąbki Wielkie","501","1","adres","54.2064933","18.4823891","Dopasowano numer posesji w podanej miejscowości. To adres odniesienia, nie potwierdzona pozycja pojemnika.","https://s-trojmiasto.pl/download/pojemniki-pomorskie.pdf#page=8"
"Koło Przystanku","Koło Przystanku, Zaskoczyn, gmina Trąbki Wielkie, powiat Gdański, Polska","Zaskoczyn","Gdański","Trąbki Wielkie","502","1","brak","","","Opis nie pozwala jednoznacznie wskazać miejsca. Nie zastąpiono go środkiem miejscowości.","https://s-trojmiasto.pl/download/pojemniki-pomorskie.pdf#page=8"
"Przystanek Trafo","Przystanek Trafo, Zła Wieś, gmina Trąbki Wielkie, powiat Gdański, Polska","Zła Wieś","Gdański","Trąbki Wielkie","503","1","brak","","","Opis nie pozwala jednoznacznie wskazać miejsca. Nie zastąpiono go środkiem miejscowości.","https://s-trojmiasto.pl/download/pojemniki-pomorskie.pdf#page=8"
"Jantarowa 78(Parking)","Jantarowa 78(Parking), Gdynia, gmina Gdynia, powiat Gdynia, Polska","Gdynia","Gdynia","Gdynia","504, 505","2","orientacyjnie","54.5549748","18.510579","Nie znaleziono numeru 78. Znacznik opisuje ulicę, nie miejsce ustawienia pojemnika; po kliknięciu pokazano jej przebieg.","https://s-trojmiasto.pl/download/pojemniki-pomorskie.pdf#page=8"
"Perłowa 18(Garaże)","Perłowa 18(Garaże), Gdynia, gmina Gdynia, powiat Gdynia, Polska","Gdynia","Gdynia","Gdynia","506","1","adres","54.5551472","18.50848","Dopasowano adres w OpenStreetMap. Punkt odnosi się do budynku/adresu, a nie do zweryfikowanej pozycji pojemnika.","https://s-trojmiasto.pl/download/pojemniki-pomorskie.pdf#page=8"
"Perłowa 20","Perłowa 20, Gdynia, gmina Gdynia, powiat Gdynia, Polska","Gdynia","Gdynia","Gdynia","507","1","adres","54.5555892","18.5084393","Dopasowano adres w OpenStreetMap. Punkt odnosi się do budynku/adresu, a nie do zweryfikowanej pozycji pojemnika.","https://s-trojmiasto.pl/download/pojemniki-pomorskie.pdf#page=8"
"Perłowa 6","Perłowa 6, Gdynia, gmina Gdynia, powiat Gdynia, Polska","Gdynia","Gdynia","Gdynia","508","1","adres","54.5540482","18.5102234","Dopasowano adres w OpenStreetMap. Punkt odnosi się do budynku/adresu, a nie do zweryfikowanej pozycji pojemnika.","https://s-trojmiasto.pl/download/pojemniki-pomorskie.pdf#page=8"
"Limbowa 31","Limbowa 31, Gdynia, gmina Gdynia Południe, powiat Gdynia, Polska","Gdynia","Gdynia","Gdynia Południe","509","1","orientacyjnie","54.4823045","18.5447085","Nie znaleziono dokładnego oznaczenia budynku lub klatki. Pokazano adres o tym samym numerze podstawowym.","https://s-trojmiasto.pl/download/pojemniki-pomorskie.pdf#page=8"
"Biskupa Jana Dantyszka 2E","Biskupa Jana Dantyszka 2E, Gdynia, gmina Gdynia Północ, powiat Gdynia, Polska","Gdynia","Gdynia","Gdynia Północ","510","1","brak","","","Nie dopasowano nazwy ulicy ani numeru posesji.","https://s-trojmiasto.pl/download/pojemniki-pomorskie.pdf#page=8"
"Biskupa Jana Dantyszka 4E","Biskupa Jana Dantyszka 4E, Gdynia, gmina Gdynia Północ, powiat Gdynia, Polska","Gdynia","Gdynia","Gdynia Północ","511","1","brak","","","Nie dopasowano nazwy ulicy ani numeru posesji.","https://s-trojmiasto.pl/download/pojemniki-pomorskie.pdf#page=8"
"Horyda 32 ( Wiata Śmietnikowa )","Horyda 32 ( Wiata Śmietnikowa ), Gdynia, gmina Gdynia Północ, powiat Gdynia, Polska","Gdynia","Gdynia","Gdynia Północ","512","1","adres","54.5612363","18.4845713","Dopasowano adres w OpenStreetMap. Punkt odnosi się do budynku/adresu, a nie do zweryfikowanej pozycji pojemnika.","https://s-trojmiasto.pl/download/pojemniki-pomorskie.pdf#page=8"
"Joachima Lelewela 9B","Joachima Lelewela 9B, Gdynia, gmina Gdynia Północ, powiat Gdynia, Polska","Gdynia","Gdynia","Gdynia Północ","513","1","adres","54.5208929","18.5224996","Dopasowano adres w OpenStreetMap. Punkt odnosi się do budynku/adresu, a nie do zweryfikowanej pozycji pojemnika.","https://s-trojmiasto.pl/download/pojemniki-pomorskie.pdf#page=8"
"Porębskiego 13","Porębskiego 13, Gdynia, gmina Gdynia Północ, powiat Gdynia, Polska","Gdynia","Gdynia","Gdynia Północ","514","1","adres","54.5608322","18.4895122","Dopasowano adres w OpenStreetMap. Punkt odnosi się do budynku/adresu, a nie do zweryfikowanej pozycji pojemnika.","https://s-trojmiasto.pl/download/pojemniki-pomorskie.pdf#page=8"
"Porębskiego 15 ( Wiata Śmietnikowa )","Porębskiego 15 ( Wiata Śmietnikowa ), Gdynia, gmina Gdynia Północ, powiat Gdynia, Polska","Gdynia","Gdynia","Gdynia Północ","515","1","adres","54.5606382","18.4899643","Dopasowano adres w OpenStreetMap. Punkt odnosi się do budynku/adresu, a nie do zweryfikowanej pozycji pojemnika.","https://s-trojmiasto.pl/download/pojemniki-pomorskie.pdf#page=8"
"Romanowskiego 36","Romanowskiego 36, Gdynia, gmina Gdynia Północ, powiat Gdynia, Polska","Gdynia","Gdynia","Gdynia Północ","516","1","adres","54.5625819","18.4948634","Dopasowano adres w OpenStreetMap. Punkt odnosi się do budynku/adresu, a nie do zweryfikowanej pozycji pojemnika.","https://s-trojmiasto.pl/download/pojemniki-pomorskie.pdf#page=8"
"Romanowskiego 42/44","Romanowskiego 42/44, Gdynia, gmina Gdynia Północ, powiat Gdynia, Polska","Gdynia","Gdynia","Gdynia Północ","517","1","orientacyjnie","54.5625637","18.4965202","Dopasowano adres w OpenStreetMap. Punkt odnosi się do budynku/adresu, a nie do zweryfikowanej pozycji pojemnika.","https://s-trojmiasto.pl/download/pojemniki-pomorskie.pdf#page=8"
"Steyera 7 ( Wiata Śmietnikowa )","Steyera 7 ( Wiata Śmietnikowa ), Gdynia, gmina Gdynia Północ, powiat Gdynia, Polska","Gdynia","Gdynia","Gdynia Północ","518","1","adres","54.5607345","18.4875286","Dopasowano adres w OpenStreetMap. Punkt odnosi się do budynku/adresu, a nie do zweryfikowanej pozycji pojemnika.","https://s-trojmiasto.pl/download/pojemniki-pomorskie.pdf#page=8"
"Steyera 9","Steyera 9, Gdynia, gmina Gdynia Północ, powiat Gdynia, Polska","Gdynia","Gdynia","Gdynia Północ","519","1","adres","54.56059","18.4871071","Dopasowano adres w OpenStreetMap. Punkt odnosi się do budynku/adresu, a nie do zweryfikowanej pozycji pojemnika.","https://s-trojmiasto.pl/download/pojemniki-pomorskie.pdf#page=8"
"Szpunara 3","Szpunara 3, Gdynia, gmina Gdynia Północ, powiat Gdynia, Polska","Gdynia","Gdynia","Gdynia Północ","520","1","adres","54.5617783","18.4812065","Dopasowano adres w OpenStreetMap. Punkt odnosi się do budynku/adresu, a nie do zweryfikowanej pozycji pojemnika.","https://s-trojmiasto.pl/download/pojemniki-pomorskie.pdf#page=8"
"Żeliwna 10-12","Żeliwna 10-12, Gdynia, gmina Gdynia Północ, powiat Gdynia, Polska","Gdynia","Gdynia","Gdynia Północ","521","1","orientacyjnie","54.5552421","18.4936049","Nie znaleziono całego zapisu numeru. Pokazano jeden z adresów należących do podanego zakresu; sprawdź opis z PDF.","https://s-trojmiasto.pl/download/pojemniki-pomorskie.pdf#page=8"
"Żeliwna 5 ( Wiata Śmietnikowa )","Żeliwna 5 ( Wiata Śmietnikowa ), Gdynia, gmina Gdynia Północ, powiat Gdynia, Polska","Gdynia","Gdynia","Gdynia Północ","522","1","adres","54.5561677","18.4934698","Dopasowano adres w OpenStreetMap. Punkt odnosi się do budynku/adresu, a nie do zweryfikowanej pozycji pojemnika.","https://s-trojmiasto.pl/download/pojemniki-pomorskie.pdf#page=8"
"Kartuska 6","Kartuska 6, Garcz, gmina Chmielno, powiat Kartuski, Polska","Garcz","Kartuski","Chmielno","523","1","adres","54.3461904","18.111733","Dopasowano adres w OpenStreetMap. Punkt odnosi się do budynku/adresu, a nie do zweryfikowanej pozycji pojemnika.","https://s-trojmiasto.pl/download/pojemniki-pomorskie.pdf#page=8"
"Szkolna 8","Szkolna 8, Miechucino, gmina Chmielno, powiat Kartuski, Polska","Miechucino","Kartuski","Chmielno","524","1","orientacyjnie","54.3390974","18.0178753","Nie znaleziono dokładnego oznaczenia budynku lub klatki. Pokazano adres o tym samym numerze podstawowym.","https://s-trojmiasto.pl/download/pojemniki-pomorskie.pdf#page=8"
"Osp","Osp, Dzierzazno, gmina Kartuzy, powiat Kartuski, Polska","Dzierzazno","Kartuski","Kartuzy","525","1","orientacyjnie","54.3154204","18.2727315","Orientacyjny pobliski obiekt zgodny z opisem PDF. Znacznik nie wskazuje dokładnego miejsca pojemnika.","https://s-trojmiasto.pl/download/pojemniki-pomorskie.pdf#page=8"
"Osp","Osp, Lapalice Osp, gmina Kartuzy, powiat Kartuski, Polska","Lapalice Osp","Kartuski","Kartuzy","526","1","orientacyjnie","54.3441182","18.1283016","Orientacyjny pobliski obiekt zgodny z opisem PDF. Znacznik nie wskazuje dokładnego miejsca pojemnika. Do dopasowania użyto nazwy Łapalice z OSM; zapis PDF zachowano.","https://s-trojmiasto.pl/download/pojemniki-pomorskie.pdf#page=8"
"Kartuska 2","Kartuska 2, Brodnica Górna, gmina Kartuzy, powiat Kartuski, Polska","Brodnica Górna","Kartuski","Kartuzy","527","1","adres","54.2710857","18.0834515","Dopasowano adres w OpenStreetMap. Punkt odnosi się do budynku/adresu, a nie do zweryfikowanej pozycji pojemnika.","https://s-trojmiasto.pl/download/pojemniki-pomorskie.pdf#page=8"
"Osp","Osp, Brodnica Grna, gmina Kartuzy, powiat Kartuski, Polska","Brodnica Grna","Kartuski","Kartuzy","528","1","orientacyjnie","54.2695433","18.0820642","Orientacyjny pobliski obiekt zgodny z opisem PDF. Znacznik nie wskazuje dokładnego miejsca pojemnika. Do dopasowania użyto nazwy Brodnica Górna z OSM; zapis PDF zachowano.","https://s-trojmiasto.pl/download/pojemniki-pomorskie.pdf#page=8"
"Derdowskiego 2","Derdowskiego 2, Kartuzy, gmina Kartuzy, powiat Kartuski, Polska","Kartuzy","Kartuski","Kartuzy","529","1","adres","54.3285196","18.1998704","Dopasowano adres w OpenStreetMap. Punkt odnosi się do budynku/adresu, a nie do zweryfikowanej pozycji pojemnika.","https://s-trojmiasto.pl/download/pojemniki-pomorskie.pdf#page=8"
"Derdowskiego 3A","Derdowskiego 3A, Kartuzy, gmina Kartuzy, powiat Kartuski, Polska","Kartuzy","Kartuski","Kartuzy","530","1","orientacyjnie","54.3267274","18.2007338","Nie znaleziono dokładnego oznaczenia budynku lub klatki. Pokazano adres o tym samym numerze podstawowym.","https://s-trojmiasto.pl/download/pojemniki-pomorskie.pdf#page=8"
"Derdowskiego 4","Derdowskiego 4, Kartuzy, gmina Kartuzy, powiat Kartuski, Polska","Kartuzy","Kartuski","Kartuzy","531","1","adres","54.3277632","18.2006013","Dopasowano adres w OpenStreetMap. Punkt odnosi się do budynku/adresu, a nie do zweryfikowanej pozycji pojemnika.","https://s-trojmiasto.pl/download/pojemniki-pomorskie.pdf#page=8"
"Derdowskiego3F","Derdowskiego3F, Kartuzy, gmina Kartuzy, powiat Kartuski, Polska","Kartuzy","Kartuski","Kartuzy","532","1","orientacyjnie","54.3267274","18.2007338","Nie znaleziono dokładnego oznaczenia budynku lub klatki. Pokazano adres o tym samym numerze podstawowym.","https://s-trojmiasto.pl/download/pojemniki-pomorskie.pdf#page=8"
"Krasickiego/Prokowska","Krasickiego/Prokowska, Kartuzy, gmina Kartuzy, powiat Kartuski, Polska","Kartuzy","Kartuski","Kartuzy","533","1","orientacyjnie","54.3410856","18.1873145","Orientacyjna lokalizacja skrzyżowania. Nie określa strony ulicy ani dokładnego miejsca pojemnika.","https://s-trojmiasto.pl/download/pojemniki-pomorskie.pdf#page=8"
"Nowe Osiedle 3","Nowe Osiedle 3, Kartuzy, gmina Kartuzy, powiat Kartuski, Polska","Kartuzy","Kartuski","Kartuzy","534","1","adres","54.3392018","18.1970312","Dopasowano adres w OpenStreetMap. Punkt odnosi się do budynku/adresu, a nie do zweryfikowanej pozycji pojemnika.","https://s-trojmiasto.pl/download/pojemniki-pomorskie.pdf#page=8"
"Osiedle Xx-Lecia Prl 10","Osiedle Xx-Lecia Prl 10, Kartuzy, gmina Kartuzy, powiat Kartuski, Polska","Kartuzy","Kartuski","Kartuzy","535","1","orientacyjnie","54.3383769","18.1971469","Nie znaleziono numeru 10. Znacznik opisuje ulicę, nie miejsce ustawienia pojemnika; po kliknięciu pokazano jej przebieg.","https://s-trojmiasto.pl/download/pojemniki-pomorskie.pdf#page=8"
"Prokowska 27-29","Prokowska 27-29, Kartuzy, gmina Kartuzy, powiat Kartuski, Polska","Kartuzy","Kartuski","Kartuzy","536","1","orientacyjnie","54.3426915","18.1851307","Nie znaleziono całego zapisu numeru. Pokazano jeden z adresów należących do podanego zakresu; sprawdź opis z PDF.","https://s-trojmiasto.pl/download/pojemniki-pomorskie.pdf#page=8"
"Sędzickiego 24","Sędzickiego 24, Kartuzy, gmina Kartuzy, powiat Kartuski, Polska","Kartuzy","Kartuski","Kartuzy","537","1","adres","54.3268064","18.1984572","Dopasowano adres w OpenStreetMap. Punkt odnosi się do budynku/adresu, a nie do zweryfikowanej pozycji pojemnika.","https://s-trojmiasto.pl/download/pojemniki-pomorskie.pdf#page=8"
"Sędzickiego 6","Sędzickiego 6, Kartuzy, gmina Kartuzy, powiat Kartuski, Polska","Kartuzy","Kartuski","Kartuzy","538","1","adres","54.3291217","18.1976588","Dopasowano adres w OpenStreetMap. Punkt odnosi się do budynku/adresu, a nie do zweryfikowanej pozycji pojemnika.","https://s-trojmiasto.pl/download/pojemniki-pomorskie.pdf#page=8"
"Sędzickiego 7","Sędzickiego 7, Kartuzy, gmina Kartuzy, powiat Kartuski, Polska","Kartuzy","Kartuski","Kartuzy","539","1","adres","54.3278714","18.1996221","Dopasowano adres w OpenStreetMap. Punkt odnosi się do budynku/adresu, a nie do zweryfikowanej pozycji pojemnika.","https://s-trojmiasto.pl/download/pojemniki-pomorskie.pdf#page=8"
"Wybickiego 1","Wybickiego 1, Kartuzy, gmina Kartuzy, powiat Kartuski, Polska","Kartuzy","Kartuski","Kartuzy","540","1","adres","54.3279565","18.1956617","Dopasowano adres w OpenStreetMap. Punkt odnosi się do budynku/adresu, a nie do zweryfikowanej pozycji pojemnika.","https://s-trojmiasto.pl/download/pojemniki-pomorskie.pdf#page=8"
"Wybickiego 11","Wybickiego 11, Kartuzy, gmina Kartuzy, powiat Kartuski, Polska","Kartuzy","Kartuski","Kartuzy","541, 542","2","adres","54.3261843","18.1976587","Dopasowano adres w OpenStreetMap. Punkt odnosi się do budynku/adresu, a nie do zweryfikowanej pozycji pojemnika.","https://s-trojmiasto.pl/download/pojemniki-pomorskie.pdf#page=8"
"Wybickiego 11A","Wybickiego 11A, Kartuzy, gmina Kartuzy, powiat Kartuski, Polska","Kartuzy","Kartuski","Kartuzy","543","1","orientacyjnie","54.3261843","18.1976587","Nie znaleziono dokładnego oznaczenia budynku lub klatki. Pokazano adres o tym samym numerze podstawowym.","https://s-trojmiasto.pl/download/pojemniki-pomorskie.pdf#page=8"
"Wybickiego 16","Wybickiego 16, Kartuzy, gmina Kartuzy, powiat Kartuski, Polska","Kartuzy","Kartuski","Kartuzy","544","1","adres","54.3243233","18.1960802","Dopasowano adres w OpenStreetMap. Punkt odnosi się do budynku/adresu, a nie do zweryfikowanej pozycji pojemnika.","https://s-trojmiasto.pl/download/pojemniki-pomorskie.pdf#page=8"
"Wybickiego 20","Wybickiego 20, Kartuzy, gmina Kartuzy, powiat Kartuski, Polska","Kartuzy","Kartuski","Kartuzy","545","1","adres","54.3232822","18.1949476","Dopasowano adres w OpenStreetMap. Punkt odnosi się do budynku/adresu, a nie do zweryfikowanej pozycji pojemnika.","https://s-trojmiasto.pl/download/pojemniki-pomorskie.pdf#page=8"
"Wybickiego 23","Wybickiego 23, Kartuzy, gmina Kartuzy, powiat Kartuski, Polska","Kartuzy","Kartuski","Kartuzy","546","1","adres","54.3226081","18.1928915","Dopasowano adres w OpenStreetMap. Punkt odnosi się do budynku/adresu, a nie do zweryfikowanej pozycji pojemnika.","https://s-trojmiasto.pl/download/pojemniki-pomorskie.pdf#page=8"
"Wybickiego 28","Wybickiego 28, Kartuzy, gmina Kartuzy, powiat Kartuski, Polska","Kartuzy","Kartuski","Kartuzy","547, 548","2","adres","54.3242441","18.1921615","Dopasowano adres w OpenStreetMap. Punkt odnosi się do budynku/adresu, a nie do zweryfikowanej pozycji pojemnika.","https://s-trojmiasto.pl/download/pojemniki-pomorskie.pdf#page=8"
"Wybickiego 8","Wybickiego 8, Kartuzy, gmina Kartuzy, powiat Kartuski, Polska","Kartuzy","Kartuski","Kartuzy","549","1","adres","54.326399","18.194899","Dopasowano adres w OpenStreetMap. Punkt odnosi się do budynku/adresu, a nie do zweryfikowanej pozycji pojemnika.","https://s-trojmiasto.pl/download/pojemniki-pomorskie.pdf#page=8"
"Wzgorze Wolnosci Parking","Wzgorze Wolnosci Parking, Kartuzy, gmina Kartuzy, powiat Kartuski, Polska","Kartuzy","Kartuski","Kartuzy","550","1","orientacyjnie","54.3375054","18.1872482","PDF podaje tylko nazwę ulicy, bez numeru. Znacznik opisuje ulicę, nie miejsce ustawienia pojemnika; po kliknięciu pokazano jej przebieg.","https://s-trojmiasto.pl/download/pojemniki-pomorskie.pdf#page=8"
"Kolejowa","Kolejowa, Kartuzy, gmina Kartuzy, powiat Kartuski, Polska","Kartuzy","Kartuski","Kartuzy","551","1","orientacyjnie","54.3345911","18.2058235","PDF podaje tylko nazwę ulicy, bez numeru. Znacznik opisuje ulicę, nie miejsce ustawienia pojemnika; po kliknięciu pokazano jej przebieg.","https://s-trojmiasto.pl/download/pojemniki-pomorskie.pdf#page=8"
"Sikorskiego 4","Sikorskiego 4, Karyuzy, gmina Kartuzy, powiat Kartuski, Polska","Karyuzy","Kartuski","Kartuzy","552","1","adres","54.3303827","18.1991517","Dopasowano adres w OpenStreetMap. Punkt odnosi się do budynku/adresu, a nie do zweryfikowanej pozycji pojemnika. Do dopasowania użyto nazwy Kartuzy z OSM; zapis PDF zachowano.","https://s-trojmiasto.pl/download/pojemniki-pomorskie.pdf#page=8"
"Wybickiego 7","Wybickiego 7, Kaszuby, gmina Kartuzy, powiat Kartuski, Polska","Kaszuby","Kartuski","Kartuzy","553","1","brak","","","Nie rozpoznano miejscowości w pobranych danych OSM.","https://s-trojmiasto.pl/download/pojemniki-pomorskie.pdf#page=8"
"Swierkowa 1","Swierkowa 1, Kiepino, gmina Kartuzy, powiat Kartuski, Polska","Kiepino","Kartuski","Kartuzy","554","1","adres","54.2890516","18.2214401","Dopasowano adres w OpenStreetMap. Punkt odnosi się do budynku/adresu, a nie do zweryfikowanej pozycji pojemnika. Do dopasowania użyto nazwy Kiełpino z OSM; zapis PDF zachowano.","https://s-trojmiasto.pl/download/pojemniki-pomorskie.pdf#page=8"
"Wybickiego 5A","Wybickiego 5A, Krtuzy, gmina Kartuzy, powiat Kartuski, Polska","Krtuzy","Kartuski","Kartuzy","555","1","adres","54.3272587","18.1943075","Dopasowano adres w OpenStreetMap. Punkt odnosi się do budynku/adresu, a nie do zweryfikowanej pozycji pojemnika. Do dopasowania użyto nazwy Kartuzy z OSM; zapis PDF zachowano.","https://s-trojmiasto.pl/download/pojemniki-pomorskie.pdf#page=8"
"Osp","Osp, Mirachowo, gmina Kartuzy, powiat Kartuski, Polska","Mirachowo","Kartuski","Kartuzy","556","1","orientacyjnie","54.394008","18.028486","Orientacyjny pobliski obiekt zgodny z opisem PDF. Znacznik nie wskazuje dokładnego miejsca pojemnika.","https://s-trojmiasto.pl/download/pojemniki-pomorskie.pdf#page=8"
"Osp","Osp, Pomieczyska Huta, gmina Kartuzy, powiat Kartuski, Polska","Pomieczyska Huta","Kartuski","Kartuzy","557","1","orientacyjnie","54.3887703","18.1746264","Orientacyjny pobliski obiekt zgodny z opisem PDF. Znacznik nie wskazuje dokładnego miejsca pojemnika. Do dopasowania użyto nazwy Pomieczyńska Huta z OSM; zapis PDF zachowano.","https://s-trojmiasto.pl/download/pojemniki-pomorskie.pdf#page=8"
"Osp","Osp, Sianowska Huta, gmina Kartuzy, powiat Kartuski, Polska","Sianowska Huta","Kartuski","Kartuzy","558","1","orientacyjnie","54.3906313","18.1346427","Orientacyjny pobliski obiekt zgodny z opisem PDF. Znacznik nie wskazuje dokładnego miejsca pojemnika.","https://s-trojmiasto.pl/download/pojemniki-pomorskie.pdf#page=8"
"Wichrowe Wzgórze 1","Wichrowe Wzgórze 1, Sierakowice, gmina Kartuzy, powiat Kartuski, Polska","Sierakowice","Kartuski","Kartuzy","559","1","orientacyjnie","54.34258","17.88883","Nie znaleziono dokładnego oznaczenia budynku lub klatki. Pokazano adres o tym samym numerze podstawowym.","https://s-trojmiasto.pl/download/pojemniki-pomorskie.pdf#page=8"
"Osp","Osp, Staniszewo, gmina Kartuzy, powiat Kartuski, Polska","Staniszewo","Kartuski","Kartuzy","560","1","orientacyjnie","54.39491","18.0733303","Orientacyjny pobliski obiekt zgodny z opisem PDF. Znacznik nie wskazuje dokładnego miejsca pojemnika.","https://s-trojmiasto.pl/download/pojemniki-pomorskie.pdf#page=8"
"Osp","Osp, Stara Huta, gmina Kartuzy, powiat Kartuski, Polska","Stara Huta","Kartuski","Kartuzy","561","1","orientacyjnie","54.42529","18.05749","Orientacyjny pobliski obiekt zgodny z opisem PDF. Znacznik nie wskazuje dokładnego miejsca pojemnika.","https://s-trojmiasto.pl/download/pojemniki-pomorskie.pdf#page=8"
"Armi Krajowej 19A","Armi Krajowej 19A, Żukowo, gmina Kartuzy, powiat Kartuski, Polska","Żukowo","Kartuski","Kartuzy","562, 563","2","brak","","","Nie dopasowano nazwy ulicy ani numeru posesji.","https://s-trojmiasto.pl/download/pojemniki-pomorskie.pdf#page=8"
"Parking Kościół","Parking Kościół, Czeczewo, gmina Przodkowo, powiat Kartuski, Polska","Czeczewo","Kartuski","Przodkowo","564, 565, 566","3","orientacyjnie","54.4140818","18.3158623","Orientacyjny pobliski obiekt zgodny z opisem PDF. Znacznik nie wskazuje dokładnego miejsca pojemnika.","https://s-trojmiasto.pl/download/pojemniki-pomorskie.pdf#page=8"
"Plac Zabaw","Plac Zabaw, Kczewo, gmina Przodkowo, powiat Kartuski, Polska","Kczewo","Kartuski","Przodkowo","567","1","brak","","","Opis nie pozwala jednoznacznie wskazać miejsca. Nie zastąpiono go środkiem miejscowości.","https://s-trojmiasto.pl/download/pojemniki-pomorskie.pdf#page=9"
"Spacerowa","Spacerowa, Kłosowo, gmina Przodkowo, powiat Kartuski, Polska","Kłosowo","Kartuski","Przodkowo","568","1","orientacyjnie","54.4168217","18.2801641","PDF podaje tylko nazwę ulicy, bez numeru. Znacznik opisuje ulicę, nie miejsce ustawienia pojemnika; po kliknięciu pokazano jej przebieg.","https://s-trojmiasto.pl/download/pojemniki-pomorskie.pdf#page=9"
"Sklep","Sklep, Kobysewo, gmina Przodkowo, powiat Kartuski, Polska","Kobysewo","Kartuski","Przodkowo","569, 570","2","brak","","","Kilka odległych obiektów pasuje do opisu. Nie wskazano zgadywanej pozycji.","https://s-trojmiasto.pl/download/pojemniki-pomorskie.pdf#page=9"
"Sklep","Sklep, Kosowo, gmina Przodkowo, powiat Kartuski, Polska","Kosowo","Kartuski","Przodkowo","571","1","brak","","","Opis nie pozwala jednoznacznie wskazać miejsca. Nie zastąpiono go środkiem miejscowości.","https://s-trojmiasto.pl/download/pojemniki-pomorskie.pdf#page=9"
"Pks","Pks, Młynek, gmina Przodkowo, powiat Kartuski, Polska","Młynek","Kartuski","Przodkowo","572","1","brak","","","Opis nie pozwala jednoznacznie wskazać miejsca. Nie zastąpiono go środkiem miejscowości.","https://s-trojmiasto.pl/download/pojemniki-pomorskie.pdf#page=9"
"Przepompownia","Przepompownia, Nowe Tokary, gmina Przodkowo, powiat Kartuski, Polska","Nowe Tokary","Kartuski","Przodkowo","573","1","brak","","","Opis nie pozwala jednoznacznie wskazać miejsca. Nie zastąpiono go środkiem miejscowości.","https://s-trojmiasto.pl/download/pojemniki-pomorskie.pdf#page=9"
"Kościół","Kościół, Pomieczyno, gmina Przodkowo, powiat Kartuski, Polska","Pomieczyno","Kartuski","Przodkowo","574","1","orientacyjnie","54.4154051","18.2022432","Orientacyjny pobliski obiekt zgodny z opisem PDF. Znacznik nie wskazuje dokładnego miejsca pojemnika.","https://s-trojmiasto.pl/download/pojemniki-pomorskie.pdf#page=9"
"Spacerowa 6","Spacerowa 6, Pomieczyno, gmina Przodkowo, powiat Kartuski, Polska","Pomieczyno","Kartuski","Przodkowo","575","1","adres","54.4150785","18.203415","Dopasowano adres w OpenStreetMap. Punkt odnosi się do budynku/adresu, a nie do zweryfikowanej pozycji pojemnika.","https://s-trojmiasto.pl/download/pojemniki-pomorskie.pdf#page=9"
"Cmentarz","Cmentarz, Pomieczyno, gmina Przodkowo, powiat Kartuski, Polska","Pomieczyno","Kartuski","Przodkowo","576","1","orientacyjnie","54.4155666","18.1969122","Orientacyjny pobliski obiekt zgodny z opisem PDF. Znacznik nie wskazuje dokładnego miejsca pojemnika.","https://s-trojmiasto.pl/download/pojemniki-pomorskie.pdf#page=9"
"Majkowskiego Parking","Majkowskiego Parking, Przodkowo, gmina Przodkowo, powiat Kartuski, Polska","Przodkowo","Kartuski","Przodkowo","577","1","orientacyjnie","54.3798892","18.2957864","PDF podaje tylko nazwę ulicy, bez numeru. Znacznik opisuje ulicę, nie miejsce ustawienia pojemnika; po kliknięciu pokazano jej przebieg.","https://s-trojmiasto.pl/download/pojemniki-pomorskie.pdf#page=9"
"Parking Gminny","Parking Gminny, Przodkowo, gmina Przodkowo, powiat Kartuski, Polska","Przodkowo","Kartuski","Przodkowo","578, 579","2","brak","","","Opis nie pozwala jednoznacznie wskazać miejsca. Nie zastąpiono go środkiem miejscowości.","https://s-trojmiasto.pl/download/pojemniki-pomorskie.pdf#page=9"
"Szkoła Podstawowa","Szkoła Podstawowa, Przodkowo, gmina Przodkowo, powiat Kartuski, Polska","Przodkowo","Kartuski","Przodkowo","580","1","brak","","","Kilka odległych obiektów pasuje do opisu. Nie wskazano zgadywanej pozycji.","https://s-trojmiasto.pl/download/pojemniki-pomorskie.pdf#page=9"
"Za Strumykiem","Za Strumykiem, Przodkowo, gmina Przodkowo, powiat Kartuski, Polska","Przodkowo","Kartuski","Przodkowo","581","1","orientacyjnie","54.3798817","18.2980864","PDF podaje tylko nazwę ulicy, bez numeru. Znacznik opisuje ulicę, nie miejsce ustawienia pojemnika; po kliknięciu pokazano jej przebieg.","https://s-trojmiasto.pl/download/pojemniki-pomorskie.pdf#page=9"
"Przy Przedszkolu","Przy Przedszkolu, Rąb, gmina Przodkowo, powiat Kartuski, Polska","Rąb","Kartuski","Przodkowo","582","1","brak","","","Opis nie pozwala jednoznacznie wskazać miejsca. Nie zastąpiono go środkiem miejscowości.","https://s-trojmiasto.pl/download/pojemniki-pomorskie.pdf#page=9"
"Osp","Osp, Smądzino, gmina Przodkowo, powiat Kartuski, Polska","Smądzino","Kartuski","Przodkowo","583","1","brak","","","Nie rozpoznano miejscowości w pobranych danych OSM.","https://s-trojmiasto.pl/download/pojemniki-pomorskie.pdf#page=9"
"Szkoła","Szkoła, Szarłata, gmina Przodkowo, powiat Kartuski, Polska","Szarłata","Kartuski","Przodkowo","584","1","orientacyjnie","54.3831082","18.2187485","Orientacyjny pobliski obiekt zgodny z opisem PDF. Znacznik nie wskazuje dokładnego miejsca pojemnika.","https://s-trojmiasto.pl/download/pojemniki-pomorskie.pdf#page=9"
"Osp","Osp, Tokary, gmina Przodkowo, powiat Kartuski, Polska","Tokary","Kartuski","Przodkowo","585","1","orientacyjnie","54.4001508","18.3319609","Orientacyjny pobliski obiekt zgodny z opisem PDF. Znacznik nie wskazuje dokładnego miejsca pojemnika.","https://s-trojmiasto.pl/download/pojemniki-pomorskie.pdf#page=9"
"Skrzyżowanie Obok Krzyża","Skrzyżowanie Obok Krzyża, Trzy Rzeki, gmina Przodkowo, powiat Kartuski, Polska","Trzy Rzeki","Kartuski","Przodkowo","586","1","brak","","","Opis nie pozwala jednoznacznie wskazać miejsca. Nie zastąpiono go środkiem miejscowości.","https://s-trojmiasto.pl/download/pojemniki-pomorskie.pdf#page=9"
"Boisko","Boisko, Warzenko, gmina Przodkowo, powiat Kartuski, Polska","Warzenko","Kartuski","Przodkowo","587","1","brak","","","Kilka odległych obiektów pasuje do opisu. Nie wskazano zgadywanej pozycji.","https://s-trojmiasto.pl/download/pojemniki-pomorskie.pdf#page=9"
"Parking","Parking, Warzenko, gmina Przodkowo, powiat Kartuski, Polska","Warzenko","Kartuski","Przodkowo","588","1","brak","","","Opis nie pozwala jednoznacznie wskazać miejsca. Nie zastąpiono go środkiem miejscowości.","https://s-trojmiasto.pl/download/pojemniki-pomorskie.pdf#page=9"
"Szkoła","Szkoła, Wilalowo, gmina Przodkowo, powiat Kartuski, Polska","Wilalowo","Kartuski","Przodkowo","589","1","brak","","","Nie rozpoznano miejscowości w pobranych danych OSM.","https://s-trojmiasto.pl/download/pojemniki-pomorskie.pdf#page=9"
"Pks","Pks, Załęże, gmina Przodkowo, powiat Kartuski, Polska","Załęże","Kartuski","Przodkowo","590","1","brak","","","Opis nie pozwala jednoznacznie wskazać miejsca. Nie zastąpiono go środkiem miejscowości.","https://s-trojmiasto.pl/download/pojemniki-pomorskie.pdf#page=9"
"Sklep Abc Parking","Sklep Abc Parking, Egiertowo, gmina Somonino, powiat Kartuski, Polska","Egiertowo","Kartuski","Somonino","591","1","brak","","","Kilka odległych obiektów pasuje do opisu. Nie wskazano zgadywanej pozycji.","https://s-trojmiasto.pl/download/pojemniki-pomorskie.pdf#page=9"
"Koło Osp","Koło Osp, Szymbrak, gmina Stężyca, powiat Kartuski, Polska","Szymbrak","Kartuski","Stężyca","592","1","orientacyjnie","54.2184093","18.1000162","Orientacyjny pobliski obiekt zgodny z opisem PDF. Znacznik nie wskazuje dokładnego miejsca pojemnika. Do dopasowania użyto nazwy Szymbark z OSM; zapis PDF zachowano.","https://s-trojmiasto.pl/download/pojemniki-pomorskie.pdf#page=9"
"Babi Dół 22","Babi Dół 22, Babi Dół, gmina Żukowo, powiat Kartuski, Polska","Babi Dół","Kartuski","Żukowo","593","1","adres","54.2981486","18.310491","Dopasowano numer posesji w podanej miejscowości. To adres odniesienia, nie potwierdzona pozycja pojemnika.","https://s-trojmiasto.pl/download/pojemniki-pomorskie.pdf#page=9"
"Szmaragdowa 1","Szmaragdowa 1, Lniska, gmina Żukowo, powiat Kartuski, Polska","Lniska","Kartuski","Żukowo","594","1","orientacyjnie","54.3404831","18.412752","Nie znaleziono numeru 1. Znacznik opisuje ulicę, nie miejsce ustawienia pojemnika; po kliknięciu pokazano jej przebieg.","https://s-trojmiasto.pl/download/pojemniki-pomorskie.pdf#page=9"
"Raduńska 78","Raduńska 78, Niestępowo, gmina Żukowo, powiat Kartuski, Polska","Niestępowo","Kartuski","Żukowo","595","1","adres","54.31579","18.44472","Dopasowano adres w OpenStreetMap. Punkt odnosi się do budynku/adresu, a nie do zweryfikowanej pozycji pojemnika.","https://s-trojmiasto.pl/download/pojemniki-pomorskie.pdf#page=9"
"Raduńska 85","Raduńska 85, Niestępowo, gmina Żukowo, powiat Kartuski, Polska","Niestępowo","Kartuski","Żukowo","596","1","adres","54.3160591","18.4444271","Dopasowano adres w OpenStreetMap. Punkt odnosi się do budynku/adresu, a nie do zweryfikowanej pozycji pojemnika.","https://s-trojmiasto.pl/download/pojemniki-pomorskie.pdf#page=9"
"Raduńska/Jesionowa","Raduńska/Jesionowa, Niestępowo, gmina Żukowo, powiat Kartuski, Polska","Niestępowo","Kartuski","Żukowo","597","1","orientacyjnie","54.3229605","18.4170028","Orientacyjna lokalizacja skrzyżowania. Nie określa strony ulicy ani dokładnego miejsca pojemnika.","https://s-trojmiasto.pl/download/pojemniki-pomorskie.pdf#page=9"
"Mickiewicza 4","Mickiewicza 4, Żukowo, gmina Żukowo, powiat Kartuski, Polska","Żukowo","Kartuski","Żukowo","598, 599","2","adres","54.343713","18.3499349","Dopasowano adres w OpenStreetMap. Punkt odnosi się do budynku/adresu, a nie do zweryfikowanej pozycji pojemnika.","https://s-trojmiasto.pl/download/pojemniki-pomorskie.pdf#page=9"
"1000-Leci 5","1000-Leci 5, Kościerzyna, gmina Kościerzyna, powiat Kościerski, Polska","Kościerzyna","Kościerski","Kościerzyna","600","1","brak","","","Nie dopasowano nazwy ulicy ani numeru posesji.","https://s-trojmiasto.pl/download/pojemniki-pomorskie.pdf#page=9"
"1000-Lecia 13","1000-Lecia 13, Kościerzyna, gmina Kościerzyna, powiat Kościerski, Polska","Kościerzyna","Kościerski","Kościerzyna","601","1","adres","54.1287964","17.9761835","Dopasowano adres w OpenStreetMap. Punkt odnosi się do budynku/adresu, a nie do zweryfikowanej pozycji pojemnika.","https://s-trojmiasto.pl/download/pojemniki-pomorskie.pdf#page=9"
"8-Go Marca 47/48","8-Go Marca 47/48, Kościerzyna, gmina Kościerzyna, powiat Kościerski, Polska","Kościerzyna","Kościerski","Kościerzyna","602","1","brak","","","Nie dopasowano nazwy ulicy ani numeru posesji.","https://s-trojmiasto.pl/download/pojemniki-pomorskie.pdf#page=9"
"Curie-Skłodowskiej 2","Curie-Skłodowskiej 2, Kościerzyna, gmina Kościerzyna, powiat Kościerski, Polska","Kościerzyna","Kościerski","Kościerzyna","603","1","adres","54.1234622","17.9733671","Dopasowano adres w OpenStreetMap. Punkt odnosi się do budynku/adresu, a nie do zweryfikowanej pozycji pojemnika.","https://s-trojmiasto.pl/download/pojemniki-pomorskie.pdf#page=9"
"Długa 14/14A","Długa 14/14A, Kościerzyna, gmina Kościerzyna, powiat Kościerski, Polska","Kościerzyna","Kościerski","Kościerzyna","604","1","orientacyjnie","54.1210203","17.9754391","Nie znaleziono dokładnego oznaczenia budynku lub klatki. Pokazano adres o tym samym numerze podstawowym.","https://s-trojmiasto.pl/download/pojemniki-pomorskie.pdf#page=9"
"Drogowców 4","Drogowców 4, Kościerzyna, gmina Kościerzyna, powiat Kościerski, Polska","Kościerzyna","Kościerski","Kościerzyna","605","1","adres","54.1276561","17.9958956","Dopasowano adres w OpenStreetMap. Punkt odnosi się do budynku/adresu, a nie do zweryfikowanej pozycji pojemnika.","https://s-trojmiasto.pl/download/pojemniki-pomorskie.pdf#page=9"
"Drogowców 6","Drogowców 6, Kościerzyna, gmina Kościerzyna, powiat Kościerski, Polska","Kościerzyna","Kościerski","Kościerzyna","606","1","adres","54.1280264","17.9964067","Dopasowano adres w OpenStreetMap. Punkt odnosi się do budynku/adresu, a nie do zweryfikowanej pozycji pojemnika.","https://s-trojmiasto.pl/download/pojemniki-pomorskie.pdf#page=9"
"Dworcowa 25","Dworcowa 25, Kościerzyna, gmina Kościerzyna, powiat Kościerski, Polska","Kościerzyna","Kościerski","Kościerzyna","607","1","orientacyjnie","54.1213844","17.9907509","Nie znaleziono numeru 25. Znacznik opisuje ulicę, nie miejsce ustawienia pojemnika; po kliknięciu pokazano jej przebieg.","https://s-trojmiasto.pl/download/pojemniki-pomorskie.pdf#page=9"
"Dworcowa 6:Parking","Dworcowa 6:Parking, Kościerzyna, gmina Kościerzyna, powiat Kościerski, Polska","Kościerzyna","Kościerski","Kościerzyna","608, 609","2","adres","54.122014","17.9890324","Dopasowano adres w OpenStreetMap. Punkt odnosi się do budynku/adresu, a nie do zweryfikowanej pozycji pojemnika.","https://s-trojmiasto.pl/download/pojemniki-pomorskie.pdf#page=9"
"Jeziorna 12","Jeziorna 12, Kościerzyna, gmina Kościerzyna, powiat Kościerski, Polska","Kościerzyna","Kościerski","Kościerzyna","610","1","brak","","","Nie dopasowano nazwy ulicy ani numeru posesji. Opis adresu wskazuje miejscowość Jeziorna; kolumnę miejscowości z PDF zachowano bez zmian.","https://s-trojmiasto.pl/download/pojemniki-pomorskie.pdf#page=9"
"Jeziorna 3","Jeziorna 3, Kościerzyna, gmina Kościerzyna, powiat Kościerski, Polska","Kościerzyna","Kościerski","Kościerzyna","611","1","adres","53.9567622","17.9162216","Dopasowano numer posesji w podanej miejscowości. To adres odniesienia, nie potwierdzona pozycja pojemnika. Opis adresu wskazuje miejscowość Jeziorna; kolumnę miejscowości z PDF zachowano bez zmian.","https://s-trojmiasto.pl/download/pojemniki-pomorskie.pdf#page=9"
"Kartuska 9","Kartuska 9, Kościerzyna, gmina Kościerzyna, powiat Kościerski, Polska","Kościerzyna","Kościerski","Kościerzyna","612","1","adres","54.1264955","17.9782266","Dopasowano adres w OpenStreetMap. Punkt odnosi się do budynku/adresu, a nie do zweryfikowanej pozycji pojemnika.","https://s-trojmiasto.pl/download/pojemniki-pomorskie.pdf#page=9"
"Lipowa 3","Lipowa 3, Kościerzyna, gmina Kościerzyna, powiat Kościerski, Polska","Kościerzyna","Kościerski","Kościerzyna","613","1","adres","54.1268649","17.9721172","Dopasowano adres w OpenStreetMap. Punkt odnosi się do budynku/adresu, a nie do zweryfikowanej pozycji pojemnika.","https://s-trojmiasto.pl/download/pojemniki-pomorskie.pdf#page=9"
"Małcużyńskiego 8","Małcużyńskiego 8, Kościerzyna, gmina Kościerzyna, powiat Kościerski, Polska","Kościerzyna","Kościerski","Kościerzyna","614","1","adres","54.1210756","17.9559847","Dopasowano adres w OpenStreetMap. Punkt odnosi się do budynku/adresu, a nie do zweryfikowanej pozycji pojemnika.","https://s-trojmiasto.pl/download/pojemniki-pomorskie.pdf#page=9"
"Młyńska 6","Młyńska 6, Kościerzyna, gmina Kościerzyna, powiat Kościerski, Polska","Kościerzyna","Kościerski","Kościerzyna","615","1","adres","54.119735","17.9802264","Dopasowano adres w OpenStreetMap. Punkt odnosi się do budynku/adresu, a nie do zweryfikowanej pozycji pojemnika.","https://s-trojmiasto.pl/download/pojemniki-pomorskie.pdf#page=9"
"Tkaczyka 3","Tkaczyka 3, Kościerzyna, gmina Kościerzyna, powiat Kościerski, Polska","Kościerzyna","Kościerski","Kościerzyna","616","1","adres","54.1218628","17.9760999","Dopasowano adres w OpenStreetMap. Punkt odnosi się do budynku/adresu, a nie do zweryfikowanej pozycji pojemnika.","https://s-trojmiasto.pl/download/pojemniki-pomorskie.pdf#page=9"
"Traugutta 4","Traugutta 4, Kościerzyna, gmina Kościerzyna, powiat Kościerski, Polska","Kościerzyna","Kościerski","Kościerzyna","617","1","adres","54.1255357","17.9756229","Dopasowano adres w OpenStreetMap. Punkt odnosi się do budynku/adresu, a nie do zweryfikowanej pozycji pojemnika.","https://s-trojmiasto.pl/download/pojemniki-pomorskie.pdf#page=9"
"Targowa 3","Targowa 3, Lipusz, gmina Lipusz, powiat Kościerski, Polska","Lipusz","Kościerski","Lipusz","618, 619","2","orientacyjnie","54.0983353","17.7817994","Nie znaleziono numeru 3. Znacznik opisuje ulicę, nie miejsce ustawienia pojemnika; po kliknięciu pokazano jej przebieg.","https://s-trojmiasto.pl/download/pojemniki-pomorskie.pdf#page=9"
"Wyzwolenia 14","Wyzwolenia 14, Stara Kiszewa, gmina Stara Kiszewa, powiat Kościerski, Polska","Stara Kiszewa","Kościerski","Stara Kiszewa","620","1","orientacyjnie","53.9838585","18.1724661","Nie znaleziono dokładnego oznaczenia budynku lub klatki. Pokazano adres o tym samym numerze podstawowym.","https://s-trojmiasto.pl/download/pojemniki-pomorskie.pdf#page=9"
"Wyzwolenia 17","Wyzwolenia 17, Stara Kiszewa, gmina Stara Kiszewa, powiat Kościerski, Polska","Stara Kiszewa","Kościerski","Stara Kiszewa","621, 622","2","orientacyjnie","53.9831961","18.1718289","Nie znaleziono dokładnego oznaczenia budynku lub klatki. Pokazano adres o tym samym numerze podstawowym.","https://s-trojmiasto.pl/download/pojemniki-pomorskie.pdf#page=9"
"1000-Lecia 17","1000-Lecia 17, Czarne Dolne, gmina Gardeja, powiat Kwidzyński, Polska","Czarne Dolne","Kwidzyński","Gardeja","623","1","adres","53.61588","19.06474","Dopasowano adres w OpenStreetMap. Punkt odnosi się do budynku/adresu, a nie do zweryfikowanej pozycji pojemnika.","https://s-trojmiasto.pl/download/pojemniki-pomorskie.pdf#page=9"
"Chełmińska","Chełmińska, Gardeja, gmina Gardeja, powiat Kwidzyński, Polska","Gardeja","Kwidzyński","Gardeja","624","1","orientacyjnie","53.6095452","18.9442628","PDF podaje tylko nazwę ulicy, bez numeru. Znacznik opisuje ulicę, nie miejsce ustawienia pojemnika; po kliknięciu pokazano jej przebieg.","https://s-trojmiasto.pl/download/pojemniki-pomorskie.pdf#page=9"
"Modrzewiowa/Sportowa","Modrzewiowa/Sportowa, Gardeja, gmina Gardeja, powiat Kwidzyński, Polska","Gardeja","Kwidzyński","Gardeja","625","1","orientacyjnie","53.6137253","18.9508401","Orientacyjna lokalizacja skrzyżowania. Nie określa strony ulicy ani dokładnego miejsca pojemnika.","https://s-trojmiasto.pl/download/pojemniki-pomorskie.pdf#page=9"
"Wodna 2","Wodna 2, Gardeja, gmina Gardeja, powiat Kwidzyński, Polska","Gardeja","Kwidzyński","Gardeja","626","1","orientacyjnie","53.6102905","18.94342","Nie znaleziono numeru 2. Znacznik opisuje ulicę, nie miejsce ustawienia pojemnika; po kliknięciu pokazano jej przebieg.","https://s-trojmiasto.pl/download/pojemniki-pomorskie.pdf#page=9"
"Otłowiec 21B","Otłowiec 21B, Otłowiec, gmina Gardeja, powiat Kwidzyński, Polska","Otłowiec","Kwidzyński","Gardeja","627","1","adres","53.645346","18.955072","Dopasowano numer posesji w podanej miejscowości. To adres odniesienia, nie potwierdzona pozycja pojemnika.","https://s-trojmiasto.pl/download/pojemniki-pomorskie.pdf#page=9"
"Chrobrego 2","Chrobrego 2, Kwidzyn, gmina Kwidzyn, powiat Kwidzyński, Polska","Kwidzyn","Kwidzyński","Kwidzyn","628","1","adres","53.7380424","18.9445093","Dopasowano adres w OpenStreetMap. Punkt odnosi się do budynku/adresu, a nie do zweryfikowanej pozycji pojemnika.","https://s-trojmiasto.pl/download/pojemniki-pomorskie.pdf#page=9"
"Chrobrego 6","Chrobrego 6, Kwidzyn, gmina Kwidzyn, powiat Kwidzyński, Polska","Kwidzyn","Kwidzyński","Kwidzyn","629","1","adres","53.7371706","18.9474036","Dopasowano adres w OpenStreetMap. Punkt odnosi się do budynku/adresu, a nie do zweryfikowanej pozycji pojemnika.","https://s-trojmiasto.pl/download/pojemniki-pomorskie.pdf#page=9"
"Graniczn","Graniczn, Kwidzyn, gmina Kwidzyn, powiat Kwidzyński, Polska","Kwidzyn","Kwidzyński","Kwidzyn","630","1","brak","","","Opis nie pozwala jednoznacznie wskazać miejsca. Nie zastąpiono go środkiem miejscowości.","https://s-trojmiasto.pl/download/pojemniki-pomorskie.pdf#page=9"
"Mickiewicza 13","Mickiewicza 13, Kwidzyn, gmina Kwidzyn, powiat Kwidzyński, Polska","Kwidzyn","Kwidzyński","Kwidzyn","631","1","adres","53.7315477","18.9443536","Dopasowano adres w OpenStreetMap. Punkt odnosi się do budynku/adresu, a nie do zweryfikowanej pozycji pojemnika.","https://s-trojmiasto.pl/download/pojemniki-pomorskie.pdf#page=9"
"Mickiewicza 9","Mickiewicza 9, Kwidzyn, gmina Kwidzyn, powiat Kwidzyński, Polska","Kwidzyn","Kwidzyński","Kwidzyn","632","1","adres","53.73192","18.9432866","Dopasowano adres w OpenStreetMap. Punkt odnosi się do budynku/adresu, a nie do zweryfikowanej pozycji pojemnika.","https://s-trojmiasto.pl/download/pojemniki-pomorskie.pdf#page=9"
"Mlynarska 2","Mlynarska 2, Kwidzyn, gmina Kwidzyn, powiat Kwidzyński, Polska","Kwidzyn","Kwidzyński","Kwidzyn","633","1","adres","53.7196029","18.9438","Dopasowano adres w OpenStreetMap. Punkt odnosi się do budynku/adresu, a nie do zweryfikowanej pozycji pojemnika.","https://s-trojmiasto.pl/download/pojemniki-pomorskie.pdf#page=9"
"Staszica 26","Staszica 26, Kwidzyn, gmina Kwidzyn, powiat Kwidzyński, Polska","Kwidzyn","Kwidzyński","Kwidzyn","634","1","adres","53.7329463","18.9426845","Dopasowano adres w OpenStreetMap. Punkt odnosi się do budynku/adresu, a nie do zweryfikowanej pozycji pojemnika.","https://s-trojmiasto.pl/download/pojemniki-pomorskie.pdf#page=9"
"Staszica 32","Staszica 32, Kwidzyn, gmina Kwidzyn, powiat Kwidzyński, Polska","Kwidzyn","Kwidzyński","Kwidzyn","635","1","adres","53.7324298","18.9449263","Dopasowano adres w OpenStreetMap. Punkt odnosi się do budynku/adresu, a nie do zweryfikowanej pozycji pojemnika.","https://s-trojmiasto.pl/download/pojemniki-pomorskie.pdf#page=9"
"Warszawska 47","Warszawska 47, Kwidzyn, gmina Kwidzyn, powiat Kwidzyński, Polska","Kwidzyn","Kwidzyński","Kwidzyn","636","1","adres","53.737559","18.9441164","Dopasowano adres w OpenStreetMap. Punkt odnosi się do budynku/adresu, a nie do zweryfikowanej pozycji pojemnika.","https://s-trojmiasto.pl/download/pojemniki-pomorskie.pdf#page=9"
"Baczyńskiego 2A","Baczyńskiego 2A, Kwidzyń, gmina Kwidzyn, powiat Kwidzyński, Polska","Kwidzyń","Kwidzyński","Kwidzyn","637","1","orientacyjnie","53.7290831","18.9482133","Nie znaleziono dokładnego oznaczenia budynku lub klatki. Pokazano adres o tym samym numerze podstawowym.","https://s-trojmiasto.pl/download/pojemniki-pomorskie.pdf#page=9"
"Broniewskiego 1","Broniewskiego 1, Kwidzyń, gmina Kwidzyn, powiat Kwidzyński, Polska","Kwidzyń","Kwidzyński","Kwidzyn","638","1","adres","53.7263535","18.9422919","Dopasowano adres w OpenStreetMap. Punkt odnosi się do budynku/adresu, a nie do zweryfikowanej pozycji pojemnika.","https://s-trojmiasto.pl/download/pojemniki-pomorskie.pdf#page=10"
"Gębika 3(Hallera)","Gębika 3(Hallera), Kwidzyń, gmina Kwidzyn, powiat Kwidzyński, Polska","Kwidzyń","Kwidzyński","Kwidzyn","639","1","orientacyjnie","53.7233946","18.936723","PDF podaje tylko nazwę ulicy, bez numeru. Znacznik opisuje ulicę, nie miejsce ustawienia pojemnika; po kliknięciu pokazano jej przebieg.","https://s-trojmiasto.pl/download/pojemniki-pomorskie.pdf#page=10"
"Graniczna 4","Graniczna 4, Kwidzyń, gmina Kwidzyn, powiat Kwidzyński, Polska","Kwidzyń","Kwidzyński","Kwidzyn","640","1","adres","53.7389503","18.9297414","Dopasowano adres w OpenStreetMap. Punkt odnosi się do budynku/adresu, a nie do zweryfikowanej pozycji pojemnika.","https://s-trojmiasto.pl/download/pojemniki-pomorskie.pdf#page=10"
"Krańcowa 14A","Krańcowa 14A, Kwidzyń, gmina Kwidzyn, powiat Kwidzyński, Polska","Kwidzyń","Kwidzyński","Kwidzyn","641","1","adres","53.7289852","18.9434914","Dopasowano adres w OpenStreetMap. Punkt odnosi się do budynku/adresu, a nie do zweryfikowanej pozycji pojemnika.","https://s-trojmiasto.pl/download/pojemniki-pomorskie.pdf#page=10"
"Makuszyńskiego 15","Makuszyńskiego 15, Kwidzyń, gmina Kwidzyn, powiat Kwidzyński, Polska","Kwidzyń","Kwidzyński","Kwidzyn","642","1","adres","53.749471","18.9488456","Dopasowano adres w OpenStreetMap. Punkt odnosi się do budynku/adresu, a nie do zweryfikowanej pozycji pojemnika.","https://s-trojmiasto.pl/download/pojemniki-pomorskie.pdf#page=10"
"Nadrzeczna 5","Nadrzeczna 5, Kwidzyń, gmina Kwidzyn, powiat Kwidzyński, Polska","Kwidzyń","Kwidzyński","Kwidzyn","643","1","brak","","","Nie dopasowano nazwy ulicy ani numeru posesji.","https://s-trojmiasto.pl/download/pojemniki-pomorskie.pdf#page=10"
"Piastowska 23","Piastowska 23, Kwidzyń, gmina Kwidzyn, powiat Kwidzyński, Polska","Kwidzyń","Kwidzyński","Kwidzyn","644","1","adres","53.7416402","18.9479642","Dopasowano adres w OpenStreetMap. Punkt odnosi się do budynku/adresu, a nie do zweryfikowanej pozycji pojemnika.","https://s-trojmiasto.pl/download/pojemniki-pomorskie.pdf#page=10"
"Sokola 1","Sokola 1, Kwidzyń, gmina Kwidzyn, powiat Kwidzyński, Polska","Kwidzyń","Kwidzyński","Kwidzyn","645","1","adres","53.7364538","18.9482138","Dopasowano adres w OpenStreetMap. Punkt odnosi się do budynku/adresu, a nie do zweryfikowanej pozycji pojemnika.","https://s-trojmiasto.pl/download/pojemniki-pomorskie.pdf#page=10"
"Spółdzielcza 14","Spółdzielcza 14, Kwidzyń, gmina Kwidzyn, powiat Kwidzyński, Polska","Kwidzyń","Kwidzyński","Kwidzyn","646","1","adres","53.7359441","18.9341728","Dopasowano adres w OpenStreetMap. Punkt odnosi się do budynku/adresu, a nie do zweryfikowanej pozycji pojemnika.","https://s-trojmiasto.pl/download/pojemniki-pomorskie.pdf#page=10"
"Śliska 2","Śliska 2, Kwidzyń, gmina Kwidzyn, powiat Kwidzyński, Polska","Kwidzyń","Kwidzyński","Kwidzyn","647, 648","2","adres","53.7379133","18.9362544","Dopasowano adres w OpenStreetMap. Punkt odnosi się do budynku/adresu, a nie do zweryfikowanej pozycji pojemnika.","https://s-trojmiasto.pl/download/pojemniki-pomorskie.pdf#page=10"
"Toruńska 14","Toruńska 14, Kwidzyń, gmina Kwidzyn, powiat Kwidzyński, Polska","Kwidzyń","Kwidzyński","Kwidzyn","649","1","adres","53.7254346","18.9265868","Dopasowano adres w OpenStreetMap. Punkt odnosi się do budynku/adresu, a nie do zweryfikowanej pozycji pojemnika.","https://s-trojmiasto.pl/download/pojemniki-pomorskie.pdf#page=10"
"Wiślana","Wiślana, Kwidzyń, gmina Kwidzyn, powiat Kwidzyński, Polska","Kwidzyń","Kwidzyński","Kwidzyn","650","1","orientacyjnie","53.7345429","18.9182534","PDF podaje tylko nazwę ulicy, bez numeru. Znacznik opisuje ulicę, nie miejsce ustawienia pojemnika; po kliknięciu pokazano jej przebieg.","https://s-trojmiasto.pl/download/pojemniki-pomorskie.pdf#page=10"
"Wschodnia 3A","Wschodnia 3A, Kwidzyń, gmina Kwidzyn, powiat Kwidzyński, Polska","Kwidzyń","Kwidzyński","Kwidzyn","651","1","adres","53.7286144","18.9467679","Dopasowano adres w OpenStreetMap. Punkt odnosi się do budynku/adresu, a nie do zweryfikowanej pozycji pojemnika.","https://s-trojmiasto.pl/download/pojemniki-pomorskie.pdf#page=10"
"Kościół","Kościół, Białachowo, gmina Prabuty, powiat Kwidzyński, Polska","Białachowo","Kwidzyński","Prabuty","652","1","brak","","","Nie rozpoznano miejscowości w pobranych danych OSM.","https://s-trojmiasto.pl/download/pojemniki-pomorskie.pdf#page=10"
"Przystanek Pks","Przystanek Pks, Nebrowo, gmina Prabuty, powiat Kwidzyński, Polska","Nebrowo","Kwidzyński","Prabuty","653","1","brak","","","Nie rozpoznano miejscowości w pobranych danych OSM.","https://s-trojmiasto.pl/download/pojemniki-pomorskie.pdf#page=10"
"Sklep","Sklep, Okrągła Łąka, gmina Prabuty, powiat Kwidzyński, Polska","Okrągła Łąka","Kwidzyński","Prabuty","654","1","brak","","","Opis nie pozwala jednoznacznie wskazać miejsca. Nie zastąpiono go środkiem miejscowości.","https://s-trojmiasto.pl/download/pojemniki-pomorskie.pdf#page=10"
"Rozpędziny","Rozpędziny, Rozpędziny, gmina Prabuty, powiat Kwidzyński, Polska","Rozpędziny","Kwidzyński","Prabuty","655","1","brak","","","Opis nie pozwala jednoznacznie wskazać miejsca. Nie zastąpiono go środkiem miejscowości.","https://s-trojmiasto.pl/download/pojemniki-pomorskie.pdf#page=10"
"Jarzębina 14","Jarzębina 14, Jarzębina, gmina Ryjewo, powiat Kwidzyński, Polska","Jarzębina","Kwidzyński","Ryjewo","656","1","adres","53.8537483","18.8923427","Dopasowano numer posesji w podanej miejscowości. To adres odniesienia, nie potwierdzona pozycja pojemnika.","https://s-trojmiasto.pl/download/pojemniki-pomorskie.pdf#page=10"
"Ryjewo","Ryjewo, Ryjewo, gmina Ryjewo, powiat Kwidzyński, Polska","Ryjewo","Kwidzyński","Ryjewo","657, 658, 659","3","brak","","","Opis nie pozwala jednoznacznie wskazać miejsca. Nie zastąpiono go środkiem miejscowości.","https://s-trojmiasto.pl/download/pojemniki-pomorskie.pdf#page=10"
"Straszewo","Straszewo, Ryjewo, gmina Ryjewo, powiat Kwidzyński, Polska","Ryjewo","Kwidzyński","Ryjewo","660","1","brak","","","Opis nie pozwala jednoznacznie wskazać miejsca. Nie zastąpiono go środkiem miejscowości. Opis adresu wskazuje miejscowość Straszewo; kolumnę miejscowości z PDF zachowano bez zmian.","https://s-trojmiasto.pl/download/pojemniki-pomorskie.pdf#page=10"
"nr 12","nr 12, Watkowice Małe, gmina Ryjewo, powiat Kwidzyński, Polska","Watkowice Małe","Kwidzyński","Ryjewo","661","1","brak","","","Nie dopasowano nazwy ulicy ani numeru posesji.","https://s-trojmiasto.pl/download/pojemniki-pomorskie.pdf#page=10"
"Świetlica","Świetlica, Grabowo, gmina Sadlinki, powiat Kwidzyński, Polska","Grabowo","Kwidzyński","Sadlinki","662","1","brak","","","Opis nie pozwala jednoznacznie wskazać miejsca. Nie zastąpiono go środkiem miejscowości.","https://s-trojmiasto.pl/download/pojemniki-pomorskie.pdf#page=10"
"Przyst","Przyst, Nebrowo Wielkie, gmina Sadlinki, powiat Kwidzyński, Polska","Nebrowo Wielkie","Kwidzyński","Sadlinki","663","1","brak","","","Opis nie pozwala jednoznacznie wskazać miejsca. Nie zastąpiono go środkiem miejscowości.","https://s-trojmiasto.pl/download/pojemniki-pomorskie.pdf#page=10"
"Szkolna","Szkolna, Nebrowo Wielkie, gmina Sadlinki, powiat Kwidzyński, Polska","Nebrowo Wielkie","Kwidzyński","Sadlinki","664","1","orientacyjnie","53.6485084","18.7556264","Orientacyjny pobliski obiekt zgodny z opisem PDF. Znacznik nie wskazuje dokładnego miejsca pojemnika.","https://s-trojmiasto.pl/download/pojemniki-pomorskie.pdf#page=10"
"Sklep Abc","Sklep Abc, Okrągła Łąka, gmina Sadlinki, powiat Kwidzyński, Polska","Okrągła Łąka","Kwidzyński","Sadlinki","665","1","brak","","","Opis nie pozwala jednoznacznie wskazać miejsca. Nie zastąpiono go środkiem miejscowości.","https://s-trojmiasto.pl/download/pojemniki-pomorskie.pdf#page=10"
"Brzozowa 21","Brzozowa 21, Sadlinki, gmina Sadlinki, powiat Kwidzyński, Polska","Sadlinki","Kwidzyński","Sadlinki","666","1","adres","53.661717","18.8629745","Dopasowano adres w OpenStreetMap. Punkt odnosi się do budynku/adresu, a nie do zweryfikowanej pozycji pojemnika.","https://s-trojmiasto.pl/download/pojemniki-pomorskie.pdf#page=10"
"Kwidzyńska 21","Kwidzyńska 21, Sadlinki, gmina Sadlinki, powiat Kwidzyński, Polska","Sadlinki","Kwidzyński","Sadlinki","667","1","adres","53.6661146","18.8748015","Dopasowano adres w OpenStreetMap. Punkt odnosi się do budynku/adresu, a nie do zweryfikowanej pozycji pojemnika.","https://s-trojmiasto.pl/download/pojemniki-pomorskie.pdf#page=10"
"Juliana Węgrzynowicza 14","Juliana Węgrzynowicza 14, Cewice, gmina Cewice, powiat Lęborski, Polska","Cewice","Lęborski","Cewice","668","1","adres","54.4373418","17.7398067","Dopasowano adres w OpenStreetMap. Punkt odnosi się do budynku/adresu, a nie do zweryfikowanej pozycji pojemnika.","https://s-trojmiasto.pl/download/pojemniki-pomorskie.pdf#page=10"
"Oś.40-Lecia Prl 14(Traffo)","Oś.40-Lecia Prl 14(Traffo), Cewice, gmina Cewice, powiat Lęborski, Polska","Cewice","Lęborski","Cewice","669","1","orientacyjnie","54.4323909","17.7304366","PDF podaje tylko nazwę ulicy, bez numeru. Znacznik opisuje ulicę, nie miejsce ustawienia pojemnika; po kliknięciu pokazano jej przebieg.","https://s-trojmiasto.pl/download/pojemniki-pomorskie.pdf#page=10"
"Oś.40-Lecia Prl 2(Eco)","Oś.40-Lecia Prl 2(Eco), Cewice, gmina Cewice, powiat Lęborski, Polska","Cewice","Lęborski","Cewice","670","1","orientacyjnie","54.4323909","17.7304366","Nie znaleziono numeru 2. Znacznik opisuje ulicę, nie miejsce ustawienia pojemnika; po kliknięciu pokazano jej przebieg.","https://s-trojmiasto.pl/download/pojemniki-pomorskie.pdf#page=10"
"Oś.40-Lecia Prl 32(Eco)","Oś.40-Lecia Prl 32(Eco), Cewice, gmina Cewice, powiat Lęborski, Polska","Cewice","Lęborski","Cewice","671","1","orientacyjnie","54.4323909","17.7304366","Nie znaleziono numeru 32. Znacznik opisuje ulicę, nie miejsce ustawienia pojemnika; po kliknięciu pokazano jej przebieg.","https://s-trojmiasto.pl/download/pojemniki-pomorskie.pdf#page=10"
"Oś.40-Lecia Prl 4(Eco)","Oś.40-Lecia Prl 4(Eco), Cewice, gmina Cewice, powiat Lęborski, Polska","Cewice","Lęborski","Cewice","672","1","orientacyjnie","54.4323909","17.7304366","Nie znaleziono numeru 4. Znacznik opisuje ulicę, nie miejsce ustawienia pojemnika; po kliknięciu pokazano jej przebieg.","https://s-trojmiasto.pl/download/pojemniki-pomorskie.pdf#page=10"
"Pkwn ( Przystanek Pks )","Pkwn ( Przystanek Pks ), Cewice, gmina Cewice, powiat Lęborski, Polska","Cewice","Lęborski","Cewice","673","1","orientacyjnie","54.439419","17.7312873","PDF podaje tylko nazwę ulicy, bez numeru. Znacznik opisuje ulicę, nie miejsce ustawienia pojemnika; po kliknięciu pokazano jej przebieg.","https://s-trojmiasto.pl/download/pojemniki-pomorskie.pdf#page=10"
"Pkwn 2","Pkwn 2, Cewice, gmina Cewice, powiat Lęborski, Polska","Cewice","Lęborski","Cewice","674","1","orientacyjnie","54.439419","17.7312873","Nie znaleziono numeru 2. Znacznik opisuje ulicę, nie miejsce ustawienia pojemnika; po kliknięciu pokazano jej przebieg.","https://s-trojmiasto.pl/download/pojemniki-pomorskie.pdf#page=10"
"Przy Cmentarzu","Przy Cmentarzu, Cewice, gmina Cewice, powiat Lęborski, Polska","Cewice","Lęborski","Cewice","675, 676","2","brak","","","Kilka odległych obiektów pasuje do opisu. Nie wskazano zgadywanej pozycji.","https://s-trojmiasto.pl/download/pojemniki-pomorskie.pdf#page=10"
"Witosa 18","Witosa 18, Cewice, gmina Cewice, powiat Lęborski, Polska","Cewice","Lęborski","Cewice","677","1","adres","54.4354165","17.7352289","Dopasowano adres w OpenStreetMap. Punkt odnosi się do budynku/adresu, a nie do zweryfikowanej pozycji pojemnika.","https://s-trojmiasto.pl/download/pojemniki-pomorskie.pdf#page=10"
"Witosa 23","Witosa 23, Cewice, gmina Cewice, powiat Lęborski, Polska","Cewice","Lęborski","Cewice","678","1","adres","54.4329391","17.7347956","Dopasowano adres w OpenStreetMap. Punkt odnosi się do budynku/adresu, a nie do zweryfikowanej pozycji pojemnika.","https://s-trojmiasto.pl/download/pojemniki-pomorskie.pdf#page=10"
"Drewniana 19","Drewniana 19, Maszewo Lęborskie, gmina Cewice, powiat Lęborski, Polska","Maszewo Lęborskie","Lęborski","Cewice","679","1","adres","54.4690925","17.7319495","Dopasowano adres w OpenStreetMap. Punkt odnosi się do budynku/adresu, a nie do zweryfikowanej pozycji pojemnika.","https://s-trojmiasto.pl/download/pojemniki-pomorskie.pdf#page=10"
"Osowo Lęborskie ( Przystanek )","Osowo Lęborskie ( Przystanek ), Osowo Lęborskie, gmina Cewice, powiat Lęborski, Polska","Osowo Lęborskie","Lęborski","Cewice","680","1","brak","","","Opis nie pozwala jednoznacznie wskazać miejsca. Nie zastąpiono go środkiem miejscowości.","https://s-trojmiasto.pl/download/pojemniki-pomorskie.pdf#page=10"
"Oś. Na Skarpie (Wiata Śmietnikowa)","Oś. Na Skarpie (Wiata Śmietnikowa), Siemirowice, gmina Cewice, powiat Lęborski, Polska","Siemirowice","Lęborski","Cewice","681","1","orientacyjnie","54.4008729","17.7575301","PDF podaje tylko nazwę ulicy, bez numeru. Znacznik opisuje ulicę, nie miejsce ustawienia pojemnika; po kliknięciu pokazano jej przebieg.","https://s-trojmiasto.pl/download/pojemniki-pomorskie.pdf#page=10"
"Oś. Na Skarpie 13","Oś. Na Skarpie 13, Siemirowice, gmina Cewice, powiat Lęborski, Polska","Siemirowice","Lęborski","Cewice","682","1","adres","54.400671","17.7574976","Dopasowano adres w OpenStreetMap. Punkt odnosi się do budynku/adresu, a nie do zweryfikowanej pozycji pojemnika.","https://s-trojmiasto.pl/download/pojemniki-pomorskie.pdf#page=10"
"Oś. Na Skarpie 3","Oś. Na Skarpie 3, Siemirowice, gmina Cewice, powiat Lęborski, Polska","Siemirowice","Lęborski","Cewice","683","1","adres","54.4011706","17.7573111","Dopasowano adres w OpenStreetMap. Punkt odnosi się do budynku/adresu, a nie do zweryfikowanej pozycji pojemnika.","https://s-trojmiasto.pl/download/pojemniki-pomorskie.pdf#page=10"
"Leonida Teligi 16(Garaże)","Leonida Teligi 16(Garaże), Lębork, gmina Lębork, powiat Lęborski, Polska","Lębork","Lęborski","Lębork","684","1","adres","54.5284372","17.7476452","Dopasowano adres w OpenStreetMap. Punkt odnosi się do budynku/adresu, a nie do zweryfikowanej pozycji pojemnika.","https://s-trojmiasto.pl/download/pojemniki-pomorskie.pdf#page=10"
"Teligi/Łaska(Garaże)","Teligi/Łaska(Garaże), Lębork, gmina Lębork, powiat Lęborski, Polska","Lębork","Lęborski","Lębork","685","1","brak","","","Nie rozpoznano obu ulic skrzyżowania.","https://s-trojmiasto.pl/download/pojemniki-pomorskie.pdf#page=10"
"Bąsewice 3 ( Przystanek )","Bąsewice 3 ( Przystanek ), Bąsewice, gmina Nowa Wieś Lęborska, powiat Lęborski, Polska","Bąsewice","Lęborski","Nowa Wieś Lęborska","686","1","adres","54.66515","17.78567","Dopasowano numer posesji w podanej miejscowości. To adres odniesienia, nie potwierdzona pozycja pojemnika.","https://s-trojmiasto.pl/download/pojemniki-pomorskie.pdf#page=10"
"Darżewo 20 ( Bloki )","Darżewo 20 ( Bloki ), Darżewo, gmina Nowa Wieś Lęborska, powiat Lęborski, Polska","Darżewo","Lęborski","Nowa Wieś Lęborska","687","1","orientacyjnie","54.4932411","17.5785163","Nie znaleziono numeru 20. Znacznik opisuje ulicę, nie miejsce ustawienia pojemnika; po kliknięciu pokazano jej przebieg.","https://s-trojmiasto.pl/download/pojemniki-pomorskie.pdf#page=10"
"Dziechlino ( Przystanek )","Dziechlino ( Przystanek ), Dziechlino, gmina Nowa Wieś Lęborska, powiat Lęborski, Polska","Dziechlino","Lęborski","Nowa Wieś Lęborska","688","1","brak","","","Opis nie pozwala jednoznacznie wskazać miejsca. Nie zastąpiono go środkiem miejscowości.","https://s-trojmiasto.pl/download/pojemniki-pomorskie.pdf#page=10"
"Garczegorze 2 ( Sklep )","Garczegorze 2 ( Sklep ), Garczegorze, gmina Nowa Wieś Lęborska, powiat Lęborski, Polska","Garczegorze","Lęborski","Nowa Wieś Lęborska","689","1","adres","54.59619","17.72211","Dopasowano numer posesji w podanej miejscowości. To adres odniesienia, nie potwierdzona pozycja pojemnika.","https://s-trojmiasto.pl/download/pojemniki-pomorskie.pdf#page=10"
"Janowice ( Na Przeciw Kościoła )","Janowice ( Na Przeciw Kościoła ), Janowice, gmina Nowa Wieś Lęborska, powiat Lęborski, Polska","Janowice","Lęborski","Nowa Wieś Lęborska","690","1","orientacyjnie","54.6032297","17.6423884","Orientacyjny pobliski obiekt zgodny z opisem PDF. Znacznik nie wskazuje dokładnego miejsca pojemnika.","https://s-trojmiasto.pl/download/pojemniki-pomorskie.pdf#page=10"
"Janowiczki ( Przystanek )","Janowiczki ( Przystanek ), Janowiczki, gmina Nowa Wieś Lęborska, powiat Lęborski, Polska","Janowiczki","Lęborski","Nowa Wieś Lęborska","691","1","brak","","","Opis nie pozwala jednoznacznie wskazać miejsca. Nie zastąpiono go środkiem miejscowości.","https://s-trojmiasto.pl/download/pojemniki-pomorskie.pdf#page=10"
"Karlikowo Lęborskie ( Świetlica )","Karlikowo Lęborskie ( Świetlica ), Karlikowo Lęborskie, gmina Nowa Wieś Lęborska, powiat Lęborski, Polska","Karlikowo Lęborskie","Lęborski","Nowa Wieś Lęborska","692","1","brak","","","Opis nie pozwala jednoznacznie wskazać miejsca. Nie zastąpiono go środkiem miejscowości.","https://s-trojmiasto.pl/download/pojemniki-pomorskie.pdf#page=10"
"Kębłowo Nowowiejskie ( Droga Za Przystankiem )","Kębłowo Nowowiejskie ( Droga Za Przystankiem ), Kębłowo Nowowiejskie, gmina Nowa Wieś Lęborska, powiat Lęborski, Polska","Kębłowo Nowowiejskie","Lęborski","Nowa Wieś Lęborska","693","1","orientacyjnie","54.5746779","17.7725413","PDF podaje tylko nazwę ulicy, bez numeru. Znacznik opisuje ulicę, nie miejsce ustawienia pojemnika; po kliknięciu pokazano jej przebieg.","https://s-trojmiasto.pl/download/pojemniki-pomorskie.pdf#page=10"
"Kębłowo Nowowiejskie 26 ( Sklep )","Kębłowo Nowowiejskie 26 ( Sklep ), Kębłowo Nowowiejskie, gmina Nowa Wieś Lęborska, powiat Lęborski, Polska","Kębłowo Nowowiejskie","Lęborski","Nowa Wieś Lęborska","694","1","adres","54.5767975","17.7837145","Dopasowano numer posesji w podanej miejscowości. To adres odniesienia, nie potwierdzona pozycja pojemnika.","https://s-trojmiasto.pl/download/pojemniki-pomorskie.pdf#page=10"
"Krępa Kaszubska 64 ( Boisko )","Krępa Kaszubska 64 ( Boisko ), Krępa Kaszubska, gmina Nowa Wieś Lęborska, powiat Lęborski, Polska","Krępa Kaszubska","Lęborski","Nowa Wieś Lęborska","695, 696","2","brak","","","Nie dopasowano nazwy ulicy ani numeru posesji.","https://s-trojmiasto.pl/download/pojemniki-pomorskie.pdf#page=10"
"Leśnice 1 ( Bloki )","Leśnice 1 ( Bloki ), Leśnice, gmina Nowa Wieś Lęborska, powiat Lęborski, Polska","Leśnice","Lęborski","Nowa Wieś Lęborska","697","1","adres","54.5137865","17.6604889","Dopasowano numer posesji w podanej miejscowości. To adres odniesienia, nie potwierdzona pozycja pojemnika.","https://s-trojmiasto.pl/download/pojemniki-pomorskie.pdf#page=10"
"Leśnice 22 ( Bloki )","Leśnice 22 ( Bloki ), Leśnice, gmina Nowa Wieś Lęborska, powiat Lęborski, Polska","Leśnice","Lęborski","Nowa Wieś Lęborska","698","1","adres","54.5130751","17.6768428","Dopasowano numer posesji w podanej miejscowości. To adres odniesienia, nie potwierdzona pozycja pojemnika.","https://s-trojmiasto.pl/download/pojemniki-pomorskie.pdf#page=10"
"Lędziechowo 17 ( Przystanek )","Lędziechowo 17 ( Przystanek ), Lędziechowo, gmina Nowa Wieś Lęborska, powiat Lęborski, Polska","Lędziechowo","Lęborski","Nowa Wieś Lęborska","699","1","adres","54.64726","17.68428","Dopasowano numer posesji w podanej miejscowości. To adres odniesienia, nie potwierdzona pozycja pojemnika.","https://s-trojmiasto.pl/download/pojemniki-pomorskie.pdf#page=10"
"Lubowidz ( Pętla Autobusowa )","Lubowidz ( Pętla Autobusowa ), Lubowidz, gmina Nowa Wieś Lęborska, powiat Lęborski, Polska","Lubowidz","Lęborski","Nowa Wieś Lęborska","700, 701","2","orientacyjnie","54.5420215","17.8115947","PDF podaje tylko nazwę ulicy, bez numeru. Znacznik opisuje ulicę, nie miejsce ustawienia pojemnika; po kliknięciu pokazano jej przebieg.","https://s-trojmiasto.pl/download/pojemniki-pomorskie.pdf#page=10"
"Łebień 97 ( Osiedle )","Łebień 97 ( Osiedle ), Łebień, gmina Nowa Wieś Lęborska, powiat Lęborski, Polska","Łebień","Lęborski","Nowa Wieś Lęborska","702, 703","2","adres","54.65139","17.71528","Dopasowano numer posesji w podanej miejscowości. To adres odniesienia, nie potwierdzona pozycja pojemnika.","https://s-trojmiasto.pl/download/pojemniki-pomorskie.pdf#page=10"
"Długa ( Pętla Autobusowa )","Długa ( Pętla Autobusowa ), Mosty, gmina Nowa Wieś Lęborska, powiat Lęborski, Polska","Mosty","Lęborski","Nowa Wieś Lęborska","704","1","orientacyjnie","54.5483044","17.7825023","PDF podaje tylko nazwę ulicy, bez numeru. Znacznik opisuje ulicę, nie miejsce ustawienia pojemnika; po kliknięciu pokazano jej przebieg.","https://s-trojmiasto.pl/download/pojemniki-pomorskie.pdf#page=10"
"Kolejowa 26 ( Traffo )","Kolejowa 26 ( Traffo ), Mosty, gmina Nowa Wieś Lęborska, powiat Lęborski, Polska","Mosty","Lęborski","Nowa Wieś Lęborska","705","1","orientacyjnie","54.5461011","17.7837737","PDF podaje tylko nazwę ulicy, bez numeru. Znacznik opisuje ulicę, nie miejsce ustawienia pojemnika; po kliknięciu pokazano jej przebieg.","https://s-trojmiasto.pl/download/pojemniki-pomorskie.pdf#page=10"
"Niebędzino ( Przystanek )","Niebędzino ( Przystanek ), Niebędzino, gmina Nowa Wieś Lęborska, powiat Lęborski, Polska","Niebędzino","Lęborski","Nowa Wieś Lęborska","706","1","brak","","","Opis nie pozwala jednoznacznie wskazać miejsca. Nie zastąpiono go środkiem miejscowości.","https://s-trojmiasto.pl/download/pojemniki-pomorskie.pdf#page=10"
"Grunwaldzka 36 ( Przystanek )","Grunwaldzka 36 ( Przystanek ), Nowa Wieś Lęborska, gmina Nowa Wieś Lęborska, powiat Lęborski, Polska","Nowa Wieś Lęborska","Lęborski","Nowa Wieś Lęborska","707","1","adres","54.568568","17.7352621","Dopasowano adres w OpenStreetMap. Punkt odnosi się do budynku/adresu, a nie do zweryfikowanej pozycji pojemnika.","https://s-trojmiasto.pl/download/pojemniki-pomorskie.pdf#page=10"
"Mostowa 27A(Warsztat)","Mostowa 27A(Warsztat), Nowa Wieś Lęborska, gmina Nowa Wieś Lęborska, powiat Lęborski, Polska","Nowa Wieś Lęborska","Lęborski","Nowa Wieś Lęborska","708","1","orientacyjnie","54.5589031","17.71663","PDF podaje tylko nazwę ulicy, bez numeru. Znacznik opisuje ulicę, nie miejsce ustawienia pojemnika; po kliknięciu pokazano jej przebieg.","https://s-trojmiasto.pl/download/pojemniki-pomorskie.pdf#page=10"
"Polna 2A - Przy Kontenerach Na Odpady Komunalne","Polna 2A - Przy Kontenerach Na Odpady Komunalne, Nowa Wieś Lęborska, gmina Nowa Wieś Lęborska, powiat Lęborski, Polska","Nowa Wieś Lęborska","Lęborski","Nowa Wieś Lęborska","709","1","adres","54.5612931","17.7358895","Dopasowano adres w OpenStreetMap. Punkt odnosi się do budynku/adresu, a nie do zweryfikowanej pozycji pojemnika. Opis adresu znajduje się na stronie 29 PDF.","https://s-trojmiasto.pl/download/pojemniki-pomorskie.pdf#page=11"
"Witosa 20","Witosa 20, Nowa Wieś Lęborska, gmina Nowa Wieś Lęborska, powiat Lęborski, Polska","Nowa Wieś Lęborska","Lęborski","Nowa Wieś Lęborska","710","1","adres","54.5619612","17.7305406","Dopasowano adres w OpenStreetMap. Punkt odnosi się do budynku/adresu, a nie do zweryfikowanej pozycji pojemnika.","https://s-trojmiasto.pl/download/pojemniki-pomorskie.pdf#page=11"
"Obliwice ( Przystanek )","Obliwice ( Przystanek ), Obliwice, gmina Nowa Wieś Lęborska, powiat Lęborski, Polska","Obliwice","Lęborski","Nowa Wieś Lęborska","711","1","brak","","","Opis nie pozwala jednoznacznie wskazać miejsca. Nie zastąpiono go środkiem miejscowości.","https://s-trojmiasto.pl/download/pojemniki-pomorskie.pdf#page=11"
"Pogorzelice ( Przystanek )","Pogorzelice ( Przystanek ), Pogorzelice, gmina Nowa Wieś Lęborska, powiat Lęborski, Polska","Pogorzelice","Lęborski","Nowa Wieś Lęborska","712","1","brak","","","Opis nie pozwala jednoznacznie wskazać miejsca. Nie zastąpiono go środkiem miejscowości.","https://s-trojmiasto.pl/download/pojemniki-pomorskie.pdf#page=11"
"Rękowo Lęborskie 20 ( Sklep )","Rękowo Lęborskie 20 ( Sklep ), Rękowo Lęborskie, gmina Nowa Wieś Lęborska, powiat Lęborski, Polska","Rękowo Lęborskie","Lęborski","Nowa Wieś Lęborska","713","1","adres","54.62558","17.79019","Dopasowano numer posesji w podanej miejscowości. To adres odniesienia, nie potwierdzona pozycja pojemnika.","https://s-trojmiasto.pl/download/pojemniki-pomorskie.pdf#page=11"
"Tawęcino 10","Tawęcino 10, Tawęcino, gmina Nowa Wieś Lęborska, powiat Lęborski, Polska","Tawęcino","Lęborski","Nowa Wieś Lęborska","714","1","adres","54.65554","17.79493","Dopasowano numer posesji w podanej miejscowości. To adres odniesienia, nie potwierdzona pozycja pojemnika.","https://s-trojmiasto.pl/download/pojemniki-pomorskie.pdf#page=11"
"Wilkowo Nowowiejskie 13 ( Droga Do Tartaku )","Wilkowo Nowowiejskie 13 ( Droga Do Tartaku ), Wilkowo Nowowiejskie, gmina Nowa Wieś Lęborska, powiat Lęborski, Polska","Wilkowo Nowowiejskie","Lęborski","Nowa Wieś Lęborska","715","1","brak","","","Opis nie pozwala jednoznacznie wskazać miejsca. Nie zastąpiono go środkiem miejscowości.","https://s-trojmiasto.pl/download/pojemniki-pomorskie.pdf#page=11"
"Żelazkowo ( Droga Do Sondex );","Żelazkowo ( Droga Do Sondex );, Żelazkowo, gmina Nowa Wieś Lęborska, powiat Lęborski, Polska","Żelazkowo","Lęborski","Nowa Wieś Lęborska","716","1","brak","","","Opis nie pozwala jednoznacznie wskazać miejsca. Nie zastąpiono go środkiem miejscowości.","https://s-trojmiasto.pl/download/pojemniki-pomorskie.pdf#page=11"
"W Polizu Krzyza- Pck","W Polizu Krzyza- Pck, Bargędzino, gmina Wicko, powiat Lęborski, Polska","Bargędzino","Lęborski","Wicko","717","1","brak","","","Opis nie pozwala jednoznacznie wskazać miejsca. Nie zastąpiono go środkiem miejscowości.","https://s-trojmiasto.pl/download/pojemniki-pomorskie.pdf#page=11"
"Liliowa 1 Pck","Liliowa 1 Pck, Charrowo, gmina Wicko, powiat Lęborski, Polska","Charrowo","Lęborski","Wicko","718","1","adres","54.67589","17.60215","Dopasowano adres w OpenStreetMap. Punkt odnosi się do budynku/adresu, a nie do zweryfikowanej pozycji pojemnika. Do dopasowania użyto nazwy Charbrowo z OSM; zapis PDF zachowano.","https://s-trojmiasto.pl/download/pojemniki-pomorskie.pdf#page=11"
"Dzwonki(Smietniki) Pck","Dzwonki(Smietniki) Pck, Gęś, gmina Wicko, powiat Lęborski, Polska","Gęś","Lęborski","Wicko","719","1","brak","","","Opis nie pozwala jednoznacznie wskazać miejsca. Nie zastąpiono go środkiem miejscowości.","https://s-trojmiasto.pl/download/pojemniki-pomorskie.pdf#page=11"
"Posesja Nr 44-Dzwonki Pck","Posesja Nr 44-Dzwonki Pck, Łebieniec, gmina Wicko, powiat Lęborski, Polska","Łebieniec","Lęborski","Wicko","720","1","adres","54.71967","17.60733","Dopasowano numer posesji w podanej miejscowości. To adres odniesienia, nie potwierdzona pozycja pojemnika.","https://s-trojmiasto.pl/download/pojemniki-pomorskie.pdf#page=11"
"Sklep Spozywczy-Dzwonki Pck","Sklep Spozywczy-Dzwonki Pck, Maszewko, gmina Wicko, powiat Lęborski, Polska","Maszewko","Lęborski","Wicko","721","1","brak","","","Opis nie pozwala jednoznacznie wskazać miejsca. Nie zastąpiono go środkiem miejscowości.","https://s-trojmiasto.pl/download/pojemniki-pomorskie.pdf#page=11"
"Szkola Podstawowa-Parking Pck","Szkola Podstawowa-Parking Pck, Wicko, gmina Wicko, powiat Lęborski, Polska","Wicko","Lęborski","Wicko","722","1","orientacyjnie","54.6725523","17.6193832","Orientacyjny pobliski obiekt zgodny z opisem PDF. Znacznik nie wskazuje dokładnego miejsca pojemnika.","https://s-trojmiasto.pl/download/pojemniki-pomorskie.pdf#page=11"
"Obok Bloku 22-Pck","Obok Bloku 22-Pck, Zdrzewno, gmina Wicko, powiat Lęborski, Polska","Zdrzewno","Lęborski","Wicko","723","1","brak","","","Nie dopasowano nazwy ulicy ani numeru posesji.","https://s-trojmiasto.pl/download/pojemniki-pomorskie.pdf#page=11"
"Sklep","Sklep, Dąbrowa, gmina Lichnowy, powiat Malborski, Polska","Dąbrowa","Malborski","Lichnowy","724","1","orientacyjnie","54.1153118","18.8696207","Orientacyjny pobliski obiekt zgodny z opisem PDF. Znacznik nie wskazuje dokładnego miejsca pojemnika.","https://s-trojmiasto.pl/download/pojemniki-pomorskie.pdf#page=11"
"Lachowicza Krzyżówka","Lachowicza Krzyżówka, Lichnowy, gmina Lichnowy, powiat Malborski, Polska","Lichnowy","Malborski","Lichnowy","725","1","orientacyjnie","54.1153325","18.9144223","PDF podaje tylko nazwę ulicy, bez numeru. Znacznik opisuje ulicę, nie miejsce ustawienia pojemnika; po kliknięciu pokazano jej przebieg.","https://s-trojmiasto.pl/download/pojemniki-pomorskie.pdf#page=11"
"Pojemniki Eco","Pojemniki Eco, Lichnówki, gmina Lichnowy, powiat Malborski, Polska","Lichnówki","Malborski","Lichnowy","726","1","brak","","","Opis nie pozwala jednoznacznie wskazać miejsca. Nie zastąpiono go środkiem miejscowości.","https://s-trojmiasto.pl/download/pojemniki-pomorskie.pdf#page=11"
"Braterska 2 Bloki","Braterska 2 Bloki, Lisewo Malborskie, gmina Lichnowy, powiat Malborski, Polska","Lisewo Malborskie","Malborski","Lichnowy","727","1","adres","54.0957382","18.8300119","Dopasowano adres w OpenStreetMap. Punkt odnosi się do budynku/adresu, a nie do zweryfikowanej pozycji pojemnika.","https://s-trojmiasto.pl/download/pojemniki-pomorskie.pdf#page=11"
"Bohaterów Września 1939 Obok Szkoły","Bohaterów Września 1939 Obok Szkoły, Szymankowo, gmina Lichnowy, powiat Malborski, Polska","Szymankowo","Malborski","Lichnowy","728","1","brak","","","Nie dopasowano nazwy ulicy ani numeru posesji.","https://s-trojmiasto.pl/download/pojemniki-pomorskie.pdf#page=11"
"Armi Krajowej","Armi Krajowej, Malbork, gmina Malbork, powiat Malborski, Polska","Malbork","Malborski","Malbork","729","1","brak","","","Opis nie pozwala jednoznacznie wskazać miejsca. Nie zastąpiono go środkiem miejscowości.","https://s-trojmiasto.pl/download/pojemniki-pomorskie.pdf#page=11"
"Batorego","Batorego, Malbork, gmina Malbork, powiat Malborski, Polska","Malbork","Malborski","Malbork","730","1","orientacyjnie","54.0235469","19.0214076","PDF podaje tylko nazwę ulicy, bez numeru. Znacznik opisuje ulicę, nie miejsce ustawienia pojemnika; po kliknięciu pokazano jej przebieg.","https://s-trojmiasto.pl/download/pojemniki-pomorskie.pdf#page=11"
"Brukowa 12","Brukowa 12, Malbork, gmina Malbork, powiat Malborski, Polska","Malbork","Malborski","Malbork","731","1","adres","54.0424155","19.021295","Dopasowano adres w OpenStreetMap. Punkt odnosi się do budynku/adresu, a nie do zweryfikowanej pozycji pojemnika.","https://s-trojmiasto.pl/download/pojemniki-pomorskie.pdf#page=11"
"Dębowa 8","Dębowa 8, Malbork, gmina Malbork, powiat Malborski, Polska","Malbork","Malborski","Malbork","732","1","adres","54.0428928","19.0100551","Dopasowano adres w OpenStreetMap. Punkt odnosi się do budynku/adresu, a nie do zweryfikowanej pozycji pojemnika.","https://s-trojmiasto.pl/download/pojemniki-pomorskie.pdf#page=11"
"Działkowa 1","Działkowa 1, Malbork, gmina Malbork, powiat Malborski, Polska","Malbork","Malborski","Malbork","733","1","adres","54.0455251","19.0207793","Dopasowano adres w OpenStreetMap. Punkt odnosi się do budynku/adresu, a nie do zweryfikowanej pozycji pojemnika.","https://s-trojmiasto.pl/download/pojemniki-pomorskie.pdf#page=11"
"Francuska/Jasna","Francuska/Jasna, Malbork, gmina Malbork, powiat Malborski, Polska","Malbork","Malborski","Malbork","734","1","orientacyjnie","54.0340188","19.0336677","Orientacyjna lokalizacja skrzyżowania. Nie określa strony ulicy ani dokładnego miejsca pojemnika.","https://s-trojmiasto.pl/download/pojemniki-pomorskie.pdf#page=11"
"Grudziądzka 27A","Grudziądzka 27A, Malbork, gmina Malbork, powiat Malborski, Polska","Malbork","Malborski","Malbork","735","1","orientacyjnie","54.037834","19.0471058","Nie znaleziono dokładnego oznaczenia budynku lub klatki. Pokazano adres o tym samym numerze podstawowym.","https://s-trojmiasto.pl/download/pojemniki-pomorskie.pdf#page=11"
"Jagiellońska 111","Jagiellońska 111, Malbork, gmina Malbork, powiat Malborski, Polska","Malbork","Malborski","Malbork","736","1","orientacyjnie","54.0308545","19.0292473","Nie znaleziono numeru 111. Znacznik opisuje ulicę, nie miejsce ustawienia pojemnika; po kliknięciu pokazano jej przebieg.","https://s-trojmiasto.pl/download/pojemniki-pomorskie.pdf#page=11"
"Kotarbińskiego 3","Kotarbińskiego 3, Malbork, gmina Malbork, powiat Malborski, Polska","Malbork","Malborski","Malbork","737","1","adres","54.0237933","19.0384358","Dopasowano adres w OpenStreetMap. Punkt odnosi się do budynku/adresu, a nie do zweryfikowanej pozycji pojemnika.","https://s-trojmiasto.pl/download/pojemniki-pomorskie.pdf#page=11"
"Malinowskiego 1","Malinowskiego 1, Malbork, gmina Malbork, powiat Malborski, Polska","Malbork","Malborski","Malbork","738","1","orientacyjnie","54.0175069","19.0228019","Nie znaleziono numeru 1. Znacznik opisuje ulicę, nie miejsce ustawienia pojemnika; po kliknięciu pokazano jej przebieg.","https://s-trojmiasto.pl/download/pojemniki-pomorskie.pdf#page=11"
"Nogatowa 94","Nogatowa 94, Malbork, gmina Malbork, powiat Malborski, Polska","Malbork","Malborski","Malbork","739","1","adres","54.0375273","19.0628248","Dopasowano adres w OpenStreetMap. Punkt odnosi się do budynku/adresu, a nie do zweryfikowanej pozycji pojemnika.","https://s-trojmiasto.pl/download/pojemniki-pomorskie.pdf#page=11"
"Reymonta 4","Reymonta 4, Malbork, gmina Malbork, powiat Malborski, Polska","Malbork","Malborski","Malbork","740","1","orientacyjnie","54.0323658","19.0368134","Nie znaleziono numeru 4. Znacznik opisuje ulicę, nie miejsce ustawienia pojemnika; po kliknięciu pokazano jej przebieg.","https://s-trojmiasto.pl/download/pojemniki-pomorskie.pdf#page=11"
"Skłodowskiej-Curie 7","Skłodowskiej-Curie 7, Malbork, gmina Malbork, powiat Malborski, Polska","Malbork","Malborski","Malbork","741","1","orientacyjnie","54.0327021","19.0379514","Nie znaleziono numeru 7. Znacznik opisuje ulicę, nie miejsce ustawienia pojemnika; po kliknięciu pokazano jej przebieg.","https://s-trojmiasto.pl/download/pojemniki-pomorskie.pdf#page=11"
"Słowackiego 42","Słowackiego 42, Malbork, gmina Malbork, powiat Malborski, Polska","Malbork","Malborski","Malbork","742","1","adres","54.0263127","19.0236785","Dopasowano adres w OpenStreetMap. Punkt odnosi się do budynku/adresu, a nie do zweryfikowanej pozycji pojemnika.","https://s-trojmiasto.pl/download/pojemniki-pomorskie.pdf#page=11"
"Sobieskiego/Starego","Sobieskiego/Starego, Malbork, gmina Malbork, powiat Malborski, Polska","Malbork","Malborski","Malbork","743, 744","2","orientacyjnie","54.021538","19.0229098","Orientacyjna lokalizacja skrzyżowania. Nie określa strony ulicy ani dokładnego miejsca pojemnika.","https://s-trojmiasto.pl/download/pojemniki-pomorskie.pdf#page=11"
"Sprzymierzonych 130","Sprzymierzonych 130, Malbork, gmina Malbork, powiat Malborski, Polska","Malbork","Malborski","Malbork","745","1","adres","54.0250867","19.0228446","Dopasowano adres w OpenStreetMap. Punkt odnosi się do budynku/adresu, a nie do zweryfikowanej pozycji pojemnika.","https://s-trojmiasto.pl/download/pojemniki-pomorskie.pdf#page=11"
"Stare Miasto 5","Stare Miasto 5, Malbork, gmina Malbork, powiat Malborski, Polska","Malbork","Malborski","Malbork","746","1","adres","54.0374667","19.0279849","Dopasowano adres w OpenStreetMap. Punkt odnosi się do budynku/adresu, a nie do zweryfikowanej pozycji pojemnika.","https://s-trojmiasto.pl/download/pojemniki-pomorskie.pdf#page=11"
"Stare Miasto 6","Stare Miasto 6, Malbork, gmina Malbork, powiat Malborski, Polska","Malbork","Malborski","Malbork","747","1","adres","54.0382129","19.0283387","Dopasowano adres w OpenStreetMap. Punkt odnosi się do budynku/adresu, a nie do zweryfikowanej pozycji pojemnika.","https://s-trojmiasto.pl/download/pojemniki-pomorskie.pdf#page=11"
"Żeromskiego 16","Żeromskiego 16, Malbork, gmina Malbork, powiat Malborski, Polska","Malbork","Malborski","Malbork","748","1","adres","54.0335668","19.0286992","Dopasowano adres w OpenStreetMap. Punkt odnosi się do budynku/adresu, a nie do zweryfikowanej pozycji pojemnika.","https://s-trojmiasto.pl/download/pojemniki-pomorskie.pdf#page=11"
"Żeromskiego Parking","Żeromskiego Parking, Malbork, gmina Malbork, powiat Malborski, Polska","Malbork","Malborski","Malbork","749","1","orientacyjnie","54.0336389","19.0280203","PDF podaje tylko nazwę ulicy, bez numeru. Znacznik opisuje ulicę, nie miejsce ustawienia pojemnika; po kliknięciu pokazano jej przebieg.","https://s-trojmiasto.pl/download/pojemniki-pomorskie.pdf#page=11"
"Żeromskiego/Kasprowicza","Żeromskiego/Kasprowicza, Malbork, gmina Malbork, powiat Malborski, Polska","Malbork","Malborski","Malbork","750","1","orientacyjnie","54.0336286","19.0263108","Orientacyjna lokalizacja skrzyżowania. Nie określa strony ulicy ani dokładnego miejsca pojemnika.","https://s-trojmiasto.pl/download/pojemniki-pomorskie.pdf#page=11"
"Żuławska/Brzozowa","Żuławska/Brzozowa, Malbork, gmina Malbork, powiat Malborski, Polska","Malbork","Malborski","Malbork","751","1","orientacyjnie","54.0395005","19.0190719","Orientacyjna lokalizacja skrzyżowania. Nie określa strony ulicy ani dokładnego miejsca pojemnika.","https://s-trojmiasto.pl/download/pojemniki-pomorskie.pdf#page=11"
"Kościół","Kościół, Gnojewo, gmina Miłoradz, powiat Malborski, Polska","Gnojewo","Malborski","Miłoradz","752","1","orientacyjnie","54.0533111","18.9082059","Orientacyjny pobliski obiekt zgodny z opisem PDF. Znacznik nie wskazuje dokładnego miejsca pojemnika.","https://s-trojmiasto.pl/download/pojemniki-pomorskie.pdf#page=11"
"Krzyżówka","Krzyżówka, Mątowy Wielkie, gmina Miłoradz, powiat Malborski, Polska","Mątowy Wielkie","Malborski","Miłoradz","753","1","brak","","","Opis nie pozwala jednoznacznie wskazać miejsca. Nie zastąpiono go środkiem miejscowości.","https://s-trojmiasto.pl/download/pojemniki-pomorskie.pdf#page=11"
"Główna/Osiedlowa","Główna/Osiedlowa, Miłoradź, gmina Miłoradz, powiat Malborski, Polska","Miłoradź","Malborski","Miłoradz","754","1","orientacyjnie","54.0137267","18.9219096","Orientacyjna lokalizacja skrzyżowania. Nie określa strony ulicy ani dokładnego miejsca pojemnika. Do dopasowania użyto nazwy Miłoradz z OSM; zapis PDF zachowano.","https://s-trojmiasto.pl/download/pojemniki-pomorskie.pdf#page=11"
"Przystanek","Przystanek, Stara Kościelnica, gmina Miłoradz, powiat Malborski, Polska","Stara Kościelnica","Malborski","Miłoradz","755","1","brak","","","Opis nie pozwala jednoznacznie wskazać miejsca. Nie zastąpiono go środkiem miejscowości.","https://s-trojmiasto.pl/download/pojemniki-pomorskie.pdf#page=11"
"Bloki","Bloki, Lipinka, gmina Nowy Staw, powiat Malborski, Polska","Lipinka","Malborski","Nowy Staw","756","1","brak","","","Opis nie pozwala jednoznacznie wskazać miejsca. Nie zastąpiono go środkiem miejscowości.","https://s-trojmiasto.pl/download/pojemniki-pomorskie.pdf#page=11"
"B. Prusa 6","B. Prusa 6, Nowy Staw, gmina Nowy Staw, powiat Malborski, Polska","Nowy Staw","Malborski","Nowy Staw","757","1","adres","54.1319576","19.0009914","Dopasowano adres w OpenStreetMap. Punkt odnosi się do budynku/adresu, a nie do zweryfikowanej pozycji pojemnika.","https://s-trojmiasto.pl/download/pojemniki-pomorskie.pdf#page=11"
"Bankowa 2","Bankowa 2, Nowy Staw, gmina Nowy Staw, powiat Malborski, Polska","Nowy Staw","Malborski","Nowy Staw","758","1","adres","54.1331975","19.0162905","Dopasowano adres w OpenStreetMap. Punkt odnosi się do budynku/adresu, a nie do zweryfikowanej pozycji pojemnika.","https://s-trojmiasto.pl/download/pojemniki-pomorskie.pdf#page=11"
"Gdańska 38","Gdańska 38, Nowy Staw, gmina Nowy Staw, powiat Malborski, Polska","Nowy Staw","Malborski","Nowy Staw","759","1","adres","54.1348341","19.0045106","Dopasowano adres w OpenStreetMap. Punkt odnosi się do budynku/adresu, a nie do zweryfikowanej pozycji pojemnika.","https://s-trojmiasto.pl/download/pojemniki-pomorskie.pdf#page=11"
"Grunwaldzka 3","Grunwaldzka 3, Nowy Staw, gmina Nowy Staw, powiat Malborski, Polska","Nowy Staw","Malborski","Nowy Staw","760","1","adres","54.1371118","19.0113367","Dopasowano adres w OpenStreetMap. Punkt odnosi się do budynku/adresu, a nie do zweryfikowanej pozycji pojemnika.","https://s-trojmiasto.pl/download/pojemniki-pomorskie.pdf#page=11"
"Kopernika 50","Kopernika 50, Nowy Staw, gmina Nowy Staw, powiat Malborski, Polska","Nowy Staw","Malborski","Nowy Staw","761, 762","2","orientacyjnie","54.1366385","19.0078602","Nie znaleziono numeru 50. Znacznik opisuje ulicę, nie miejsce ustawienia pojemnika; po kliknięciu pokazano jej przebieg.","https://s-trojmiasto.pl/download/pojemniki-pomorskie.pdf#page=11"
"Kościuszki 11A","Kościuszki 11A, Nowy Staw, gmina Nowy Staw, powiat Malborski, Polska","Nowy Staw","Malborski","Nowy Staw","763","1","adres","54.1349983","19.0078069","Dopasowano adres w OpenStreetMap. Punkt odnosi się do budynku/adresu, a nie do zweryfikowanej pozycji pojemnika.","https://s-trojmiasto.pl/download/pojemniki-pomorskie.pdf#page=11"
"Młyńska/Matejki","Młyńska/Matejki, Nowy Staw, gmina Nowy Staw, powiat Malborski, Polska","Nowy Staw","Malborski","Nowy Staw","764","1","orientacyjnie","54.1319091","19.0023284","Orientacyjna lokalizacja skrzyżowania. Nie określa strony ulicy ani dokładnego miejsca pojemnika.","https://s-trojmiasto.pl/download/pojemniki-pomorskie.pdf#page=11"
"Żuławska 8 Bloki","Żuławska 8 Bloki, Nowy Staw, gmina Nowy Staw, powiat Malborski, Polska","Nowy Staw","Malborski","Nowy Staw","765","1","adres","54.1456472","19.0134907","Dopasowano adres w OpenStreetMap. Punkt odnosi się do budynku/adresu, a nie do zweryfikowanej pozycji pojemnika.","https://s-trojmiasto.pl/download/pojemniki-pomorskie.pdf#page=11"
"Kościół","Kościół, Królewo, gmina Stare Pole, powiat Malborski, Polska","Królewo","Malborski","Stare Pole","766","1","brak","","","Kilka odległych obiektów pasuje do opisu. Nie wskazano zgadywanej pozycji.","https://s-trojmiasto.pl/download/pojemniki-pomorskie.pdf#page=11"
"Kościół","Kościół, Krzyżanowo, gmina Stare Pole, powiat Malborski, Polska","Krzyżanowo","Malborski","Stare Pole","767","1","orientacyjnie","54.0465301","19.2059017","Orientacyjny pobliski obiekt zgodny z opisem PDF. Znacznik nie wskazuje dokładnego miejsca pojemnika.","https://s-trojmiasto.pl/download/pojemniki-pomorskie.pdf#page=11"
"Grunwaldzka 10","Grunwaldzka 10, Stare Pole, gmina Stare Pole, powiat Malborski, Polska","Stare Pole","Malborski","Stare Pole","768","1","adres","54.0567876","19.2002967","Dopasowano adres w OpenStreetMap. Punkt odnosi się do budynku/adresu, a nie do zweryfikowanej pozycji pojemnika.","https://s-trojmiasto.pl/download/pojemniki-pomorskie.pdf#page=11"
"Osp","Osp, Ząbrowo, gmina Stare Pole, powiat Malborski, Polska","Ząbrowo","Malborski","Stare Pole","769","1","orientacyjnie","54.0903008","19.2171957","Orientacyjny pobliski obiekt zgodny z opisem PDF. Znacznik nie wskazuje dokładnego miejsca pojemnika.","https://s-trojmiasto.pl/download/pojemniki-pomorskie.pdf#page=11"
"Górników 15","Górników 15, Krynica Morska, gmina Krynica Morska, powiat Nowodworski (gdański), Polska","Krynica Morska","Nowodworski (gdański)","Krynica Morska","770","1","adres","54.3828936","19.4458081","Dopasowano adres w OpenStreetMap. Punkt odnosi się do budynku/adresu, a nie do zweryfikowanej pozycji pojemnika.","https://s-trojmiasto.pl/download/pojemniki-pomorskie.pdf#page=11"
"Sikorskiego Eco","Sikorskiego Eco, Nowy Dwór Gdański, gmina Nowy Dwór Gdański, powiat Nowodworski (gdański), Polska","Nowy Dwór Gdański","Nowodworski (gdański)","Nowy Dwór Gdański","771","1","orientacyjnie","54.2139423","19.1145495","PDF podaje tylko nazwę ulicy, bez numeru. Znacznik opisuje ulicę, nie miejsce ustawienia pojemnika; po kliknięciu pokazano jej przebieg.","https://s-trojmiasto.pl/download/pojemniki-pomorskie.pdf#page=11"
"Rybacka 27","Rybacka 27, Jantar, gmina Stegna, powiat Nowodworski (gdański), Polska","Jantar","Nowodworski (gdański)","Stegna","772","1","adres","54.3357","19.02931","Dopasowano adres w OpenStreetMap. Punkt odnosi się do budynku/adresu, a nie do zweryfikowanej pozycji pojemnika.","https://s-trojmiasto.pl/download/pojemniki-pomorskie.pdf#page=11"
"Gdańska Dworzec Pks","Gdańska Dworzec Pks, Stegna, gmina Stegna, powiat Nowodworski (gdański), Polska","Stegna","Nowodworski (gdański)","Stegna","773","1","orientacyjnie","54.3262041","19.1204666","PDF podaje tylko nazwę ulicy, bez numeru. Znacznik opisuje ulicę, nie miejsce ustawienia pojemnika; po kliknięciu pokazano jej przebieg.","https://s-trojmiasto.pl/download/pojemniki-pomorskie.pdf#page=11"
"Gdańska/Sikorskiego","Gdańska/Sikorskiego, Stegna, gmina Stegna, powiat Nowodworski (gdański), Polska","Stegna","Nowodworski (gdański)","Stegna","774","1","orientacyjnie","54.3263483","19.1142578","Orientacyjna lokalizacja skrzyżowania. Nie określa strony ulicy ani dokładnego miejsca pojemnika.","https://s-trojmiasto.pl/download/pojemniki-pomorskie.pdf#page=11"
"Grunwaldzka/Wojska Polskiego","Grunwaldzka/Wojska Polskiego, Stegna, gmina Stegna, powiat Nowodworski (gdański), Polska","Stegna","Nowodworski (gdański)","Stegna","775","1","orientacyjnie","54.33116420000001","19.1224258","Orientacyjna lokalizacja skrzyżowania. Nie określa strony ulicy ani dokładnego miejsca pojemnika.","https://s-trojmiasto.pl/download/pojemniki-pomorskie.pdf#page=11"
"Lipowa 2","Lipowa 2, Stegna, gmina Stegna, powiat Nowodworski (gdański), Polska","Stegna","Nowodworski (gdański)","Stegna","776","1","adres","54.327513","19.1123885","Dopasowano adres w OpenStreetMap. Punkt odnosi się do budynku/adresu, a nie do zweryfikowanej pozycji pojemnika.","https://s-trojmiasto.pl/download/pojemniki-pomorskie.pdf#page=11"
"Rybacka 39","Rybacka 39, Kąty Rybackie, gmina Sztutowo, powiat Nowodworski (gdański), Polska","Kąty Rybackie","Nowodworski (gdański)","Sztutowo","777","1","orientacyjnie","54.3399115","19.2315726","Nie znaleziono numeru 39. Znacznik opisuje ulicę, nie miejsce ustawienia pojemnika; po kliknięciu pokazano jej przebieg.","https://s-trojmiasto.pl/download/pojemniki-pomorskie.pdf#page=11"
"Urząd Gminy","Urząd Gminy, Sztutowo, gmina Sztutowo, powiat Nowodworski (gdański), Polska","Sztutowo","Nowodworski (gdański)","Sztutowo","778","1","brak","","","Opis nie pozwala jednoznacznie wskazać miejsca. Nie zastąpiono go środkiem miejscowości.","https://s-trojmiasto.pl/download/pojemniki-pomorskie.pdf#page=11"
"Zalewowa 10 B","Zalewowa 10 B, Sztutowo, gmina Sztutowo, powiat Nowodworski (gdański), Polska","Sztutowo","Nowodworski (gdański)","Sztutowo","779","1","adres","54.3298334","19.1793831","Dopasowano adres w OpenStreetMap. Punkt odnosi się do budynku/adresu, a nie do zweryfikowanej pozycji pojemnika.","https://s-trojmiasto.pl/download/pojemniki-pomorskie.pdf#page=11"
"Sikorskiego Pszok","Sikorskiego Pszok, Hel, gmina Hel, powiat Pucki, Polska","Hel","Pucki","Hel","780, 781","2","orientacyjnie","54.6132567","18.7926349","PDF podaje tylko nazwę ulicy, bez numeru. Znacznik opisuje ulicę, nie miejsce ustawienia pojemnika; po kliknięciu pokazano jej przebieg.","https://s-trojmiasto.pl/download/pojemniki-pomorskie.pdf#page=12"
"Mickiewicza Pszok","Mickiewicza Pszok, Jastarnia, gmina Jastarnia, powiat Pucki, Polska","Jastarnia","Pucki","Jastarnia","782, 783","2","orientacyjnie","54.6967964","18.676947","PDF podaje tylko nazwę ulicy, bez numeru. Znacznik opisuje ulicę, nie miejsce ustawienia pojemnika; po kliknięciu pokazano jej przebieg.","https://s-trojmiasto.pl/download/pojemniki-pomorskie.pdf#page=12"
"Ogrodowa 58","Ogrodowa 58, Jastarnia, gmina Jastarnia, powiat Pucki, Polska","Jastarnia","Pucki","Jastarnia","784","1","adres","54.704581","18.6687019","Dopasowano adres w OpenStreetMap. Punkt odnosi się do budynku/adresu, a nie do zweryfikowanej pozycji pojemnika.","https://s-trojmiasto.pl/download/pojemniki-pomorskie.pdf#page=12"
"Ogrodowa 64","Ogrodowa 64, Jastarnia, gmina Jastarnia, powiat Pucki, Polska","Jastarnia","Pucki","Jastarnia","785","1","adres","54.7040873","18.6686549","Dopasowano adres w OpenStreetMap. Punkt odnosi się do budynku/adresu, a nie do zweryfikowanej pozycji pojemnika.","https://s-trojmiasto.pl/download/pojemniki-pomorskie.pdf#page=12"
"Szynelewskiego 7","Szynelewskiego 7, Kuźnica, gmina Jastarnia, powiat Pucki, Polska","Kuźnica","Pucki","Jastarnia","786","1","brak","","","Nie dopasowano nazwy ulicy ani numeru posesji.","https://s-trojmiasto.pl/download/pojemniki-pomorskie.pdf#page=12"
"Władysławowska","Władysławowska, Chłapowo, gmina Władysławowo, powiat Pucki, Polska","Chłapowo","Pucki","Władysławowo","787","1","orientacyjnie","54.8041478","18.3710082","PDF podaje tylko nazwę ulicy, bez numeru. Znacznik opisuje ulicę, nie miejsce ustawienia pojemnika; po kliknięciu pokazano jej przebieg.","https://s-trojmiasto.pl/download/pojemniki-pomorskie.pdf#page=12"
"Obrońców Westerplatte/Pucka","Obrońców Westerplatte/Pucka, Jastrzębia Góra, gmina Władysławowo, powiat Pucki, Polska","Jastrzębia Góra","Pucki","Władysławowo","788","1","orientacyjnie","54.830681","18.2998958","Orientacyjna lokalizacja skrzyżowania. Nie określa strony ulicy ani dokładnego miejsca pojemnika.","https://s-trojmiasto.pl/download/pojemniki-pomorskie.pdf#page=12"
"Kolorowa 8","Kolorowa 8, Karwia, gmina Władysławowo, powiat Pucki, Polska","Karwia","Pucki","Władysławowo","789","1","adres","54.8287651","18.212772","Dopasowano adres w OpenStreetMap. Punkt odnosi się do budynku/adresu, a nie do zweryfikowanej pozycji pojemnika.","https://s-trojmiasto.pl/download/pojemniki-pomorskie.pdf#page=12"
"Karwieńska 5","Karwieńska 5, Ostrowo, gmina Władysławowo, powiat Pucki, Polska","Ostrowo","Pucki","Władysławowo","790","1","adres","54.824301","18.2411746","Dopasowano adres w OpenStreetMap. Punkt odnosi się do budynku/adresu, a nie do zweryfikowanej pozycji pojemnika.","https://s-trojmiasto.pl/download/pojemniki-pomorskie.pdf#page=12"
"1000- Lecia13","1000- Lecia13, Władysławowo, gmina Władysławowo, powiat Pucki, Polska","Władysławowo","Pucki","Władysławowo","791, 792","2","brak","","","Nie dopasowano nazwy ulicy ani numeru posesji.","https://s-trojmiasto.pl/download/pojemniki-pomorskie.pdf#page=12"
"Harcerska 20","Harcerska 20, Władysławowo, gmina Władysławowo, powiat Pucki, Polska","Władysławowo","Pucki","Władysławowo","793","1","orientacyjnie","54.7994202","18.3851695","Nie znaleziono numeru 20. Znacznik opisuje ulicę, nie miejsce ustawienia pojemnika; po kliknięciu pokazano jej przebieg.","https://s-trojmiasto.pl/download/pojemniki-pomorskie.pdf#page=12"
"Jachtowa 9","Jachtowa 9, Władysławowo, gmina Władysławowo, powiat Pucki, Polska","Władysławowo","Pucki","Władysławowo","794","1","adres","54.7963485","18.3859187","Dopasowano adres w OpenStreetMap. Punkt odnosi się do budynku/adresu, a nie do zweryfikowanej pozycji pojemnika.","https://s-trojmiasto.pl/download/pojemniki-pomorskie.pdf#page=12"
"Łąkowa 42","Łąkowa 42, Władysławowo, gmina Władysławowo, powiat Pucki, Polska","Władysławowo","Pucki","Władysławowo","795","1","adres","54.7834994","18.4132896","Dopasowano adres w OpenStreetMap. Punkt odnosi się do budynku/adresu, a nie do zweryfikowanej pozycji pojemnika.","https://s-trojmiasto.pl/download/pojemniki-pomorskie.pdf#page=12"
"Przemysłowa/Młyńska","Przemysłowa/Młyńska, Władysławowo, gmina Władysławowo, powiat Pucki, Polska","Władysławowo","Pucki","Władysławowo","796","1","brak","","","Nie rozpoznano jednoznacznie skrzyżowania tych ulic w danych mapowych.","https://s-trojmiasto.pl/download/pojemniki-pomorskie.pdf#page=12"
"Reja/Przybyszewskiego","Reja/Przybyszewskiego, Władysławowo, gmina Władysławowo, powiat Pucki, Polska","Władysławowo","Pucki","Władysławowo","797","1","orientacyjnie","54.7877876","18.397985","Orientacyjna lokalizacja skrzyżowania. Nie określa strony ulicy ani dokładnego miejsca pojemnika.","https://s-trojmiasto.pl/download/pojemniki-pomorskie.pdf#page=12"
"Róży Wiatrów 12","Róży Wiatrów 12, Władysławowo, gmina Władysławowo, powiat Pucki, Polska","Władysławowo","Pucki","Władysławowo","798","1","adres","54.7978531","18.3901311","Dopasowano adres w OpenStreetMap. Punkt odnosi się do budynku/adresu, a nie do zweryfikowanej pozycji pojemnika.","https://s-trojmiasto.pl/download/pojemniki-pomorskie.pdf#page=12"
"Rybacka 2","Rybacka 2, Władysławowo, gmina Władysławowo, powiat Pucki, Polska","Władysławowo","Pucki","Władysławowo","799, 800","2","adres","54.7948138","18.4078344","Dopasowano adres w OpenStreetMap. Punkt odnosi się do budynku/adresu, a nie do zweryfikowanej pozycji pojemnika.","https://s-trojmiasto.pl/download/pojemniki-pomorskie.pdf#page=12"
"Głobino 51A","Głobino 51A, Głobino, gmina Słupsk, powiat Słupsk, Polska","Głobino","Słupsk","Słupsk","801","1","brak","","","Nie dopasowano nazwy ulicy ani numeru posesji.","https://s-trojmiasto.pl/download/pojemniki-pomorskie.pdf#page=12"
"Główna 4","Główna 4, Jezierzyce, gmina Słupsk, powiat Słupsk, Polska","Jezierzyce","Słupsk","Słupsk","802","1","adres","54.50524","17.11643","Dopasowano adres w OpenStreetMap. Punkt odnosi się do budynku/adresu, a nie do zweryfikowanej pozycji pojemnika.","https://s-trojmiasto.pl/download/pojemniki-pomorskie.pdf#page=12"
"Andersa 12","Andersa 12, Słupsk, gmina Słupsk, powiat Słupsk, Polska","Słupsk","Słupsk","Słupsk","803","1","adres","54.4603969","16.9881811","Dopasowano adres w OpenStreetMap. Punkt odnosi się do budynku/adresu, a nie do zweryfikowanej pozycji pojemnika.","https://s-trojmiasto.pl/download/pojemniki-pomorskie.pdf#page=12"
"Cecorska 10","Cecorska 10, Słupsk, gmina Słupsk, powiat Słupsk, Polska","Słupsk","Słupsk","Słupsk","804","1","adres","54.452299","17.0158375","Dopasowano adres w OpenStreetMap. Punkt odnosi się do budynku/adresu, a nie do zweryfikowanej pozycji pojemnika.","https://s-trojmiasto.pl/download/pojemniki-pomorskie.pdf#page=12"
"Długosza 3","Długosza 3, Słupsk, gmina Słupsk, powiat Słupsk, Polska","Słupsk","Słupsk","Słupsk","805","1","adres","54.4692342","17.0352924","Dopasowano adres w OpenStreetMap. Punkt odnosi się do budynku/adresu, a nie do zweryfikowanej pozycji pojemnika.","https://s-trojmiasto.pl/download/pojemniki-pomorskie.pdf#page=12"
"Dmowskiego 2","Dmowskiego 2, Słupsk, gmina Słupsk, powiat Słupsk, Polska","Słupsk","Słupsk","Słupsk","806, 807","2","adres","54.456375","16.985115","Dopasowano adres w OpenStreetMap. Punkt odnosi się do budynku/adresu, a nie do zweryfikowanej pozycji pojemnika.","https://s-trojmiasto.pl/download/pojemniki-pomorskie.pdf#page=12"
"Frąckowskiego 1A","Frąckowskiego 1A, Słupsk, gmina Słupsk, powiat Słupsk, Polska","Słupsk","Słupsk","Słupsk","808","1","orientacyjnie","54.4651734","16.9920546","Nie znaleziono dokładnego oznaczenia budynku lub klatki. Pokazano adres o tym samym numerze podstawowym.","https://s-trojmiasto.pl/download/pojemniki-pomorskie.pdf#page=12"
"Grzybowa","Grzybowa, Słupsk, gmina Słupsk, powiat Słupsk, Polska","Słupsk","Słupsk","Słupsk","809","1","orientacyjnie","54.445698","17.0483895","PDF podaje tylko nazwę ulicy, bez numeru. Znacznik opisuje ulicę, nie miejsce ustawienia pojemnika; po kliknięciu pokazano jej przebieg.","https://s-trojmiasto.pl/download/pojemniki-pomorskie.pdf#page=12"
"Kołłątaja 21","Kołłątaja 21, Słupsk, gmina Słupsk, powiat Słupsk, Polska","Słupsk","Słupsk","Słupsk","810","1","adres","54.4711613","17.0194285","Dopasowano adres w OpenStreetMap. Punkt odnosi się do budynku/adresu, a nie do zweryfikowanej pozycji pojemnika.","https://s-trojmiasto.pl/download/pojemniki-pomorskie.pdf#page=12"
"Kołłtaja 47","Kołłtaja 47, Słupsk, gmina Słupsk, powiat Słupsk, Polska","Słupsk","Słupsk","Słupsk","811","1","brak","","","Nie dopasowano nazwy ulicy ani numeru posesji.","https://s-trojmiasto.pl/download/pojemniki-pomorskie.pdf#page=12"
"Konarskiego 12","Konarskiego 12, Słupsk, gmina Słupsk, powiat Słupsk, Polska","Słupsk","Słupsk","Słupsk","812","1","adres","54.4801088","17.0044097","Dopasowano adres w OpenStreetMap. Punkt odnosi się do budynku/adresu, a nie do zweryfikowanej pozycji pojemnika.","https://s-trojmiasto.pl/download/pojemniki-pomorskie.pdf#page=12"
"Koszalińska 2","Koszalińska 2, Słupsk, gmina Słupsk, powiat Słupsk, Polska","Słupsk","Słupsk","Słupsk","813","1","adres","54.457276","17.0045272","Dopasowano adres w OpenStreetMap. Punkt odnosi się do budynku/adresu, a nie do zweryfikowanej pozycji pojemnika.","https://s-trojmiasto.pl/download/pojemniki-pomorskie.pdf#page=12"
"Koszalińska 7","Koszalińska 7, Słupsk, gmina Słupsk, powiat Słupsk, Polska","Słupsk","Słupsk","Słupsk","814","1","adres","54.455252","16.9984442","Dopasowano adres w OpenStreetMap. Punkt odnosi się do budynku/adresu, a nie do zweryfikowanej pozycji pojemnika.","https://s-trojmiasto.pl/download/pojemniki-pomorskie.pdf#page=12"
"Królowej Jadwigii 2","Królowej Jadwigii 2, Słupsk, gmina Słupsk, powiat Słupsk, Polska","Słupsk","Słupsk","Słupsk","815","1","brak","","","Nie dopasowano nazwy ulicy ani numeru posesji.","https://s-trojmiasto.pl/download/pojemniki-pomorskie.pdf#page=12"
"Kulczyńskiego 1","Kulczyńskiego 1, Słupsk, gmina Słupsk, powiat Słupsk, Polska","Słupsk","Słupsk","Słupsk","816","1","brak","","","Nie dopasowano nazwy ulicy ani numeru posesji.","https://s-trojmiasto.pl/download/pojemniki-pomorskie.pdf#page=12"
"Lipowa 4","Lipowa 4, Słupsk, gmina Słupsk, powiat Słupsk, Polska","Słupsk","Słupsk","Słupsk","817","1","adres","54.4698313","17.0502005","Dopasowano adres w OpenStreetMap. Punkt odnosi się do budynku/adresu, a nie do zweryfikowanej pozycji pojemnika.","https://s-trojmiasto.pl/download/pojemniki-pomorskie.pdf#page=12"
"Mickiewicza 45","Mickiewicza 45, Słupsk, gmina Słupsk, powiat Słupsk, Polska","Słupsk","Słupsk","Słupsk","818","1","adres","54.4677364","17.0220166","Dopasowano adres w OpenStreetMap. Punkt odnosi się do budynku/adresu, a nie do zweryfikowanej pozycji pojemnika.","https://s-trojmiasto.pl/download/pojemniki-pomorskie.pdf#page=12"
"Mochnackiego 16","Mochnackiego 16, Słupsk, gmina Słupsk, powiat Słupsk, Polska","Słupsk","Słupsk","Słupsk","819, 820","2","adres","54.4807313","17.0027972","Dopasowano adres w OpenStreetMap. Punkt odnosi się do budynku/adresu, a nie do zweryfikowanej pozycji pojemnika.","https://s-trojmiasto.pl/download/pojemniki-pomorskie.pdf#page=12"
"Nad Śluzami 27","Nad Śluzami 27, Słupsk, gmina Słupsk, powiat Słupsk, Polska","Słupsk","Słupsk","Słupsk","821","1","adres","54.4612998","17.0412545","Dopasowano adres w OpenStreetMap. Punkt odnosi się do budynku/adresu, a nie do zweryfikowanej pozycji pojemnika.","https://s-trojmiasto.pl/download/pojemniki-pomorskie.pdf#page=12"
"Norwida 8","Norwida 8, Słupsk, gmina Słupsk, powiat Słupsk, Polska","Słupsk","Słupsk","Słupsk","822, 823, 824","3","adres","54.4645021","16.9960677","Dopasowano adres w OpenStreetMap. Punkt odnosi się do budynku/adresu, a nie do zweryfikowanej pozycji pojemnika.","https://s-trojmiasto.pl/download/pojemniki-pomorskie.pdf#page=12"
"Nowowiejska 1","Nowowiejska 1, Słupsk, gmina Słupsk, powiat Słupsk, Polska","Słupsk","Słupsk","Słupsk","825","1","adres","54.463048","17.0430174","Dopasowano adres w OpenStreetMap. Punkt odnosi się do budynku/adresu, a nie do zweryfikowanej pozycji pojemnika.","https://s-trojmiasto.pl/download/pojemniki-pomorskie.pdf#page=12"
"Puławskiego 9","Puławskiego 9, Słupsk, gmina Słupsk, powiat Słupsk, Polska","Słupsk","Słupsk","Słupsk","826","1","brak","","","Nie dopasowano nazwy ulicy ani numeru posesji.","https://s-trojmiasto.pl/download/pojemniki-pomorskie.pdf#page=12"
"Rejtana 18","Rejtana 18, Słupsk, gmina Słupsk, powiat Słupsk, Polska","Słupsk","Słupsk","Słupsk","827, 828","2","adres","54.4811436","17.0003439","Dopasowano adres w OpenStreetMap. Punkt odnosi się do budynku/adresu, a nie do zweryfikowanej pozycji pojemnika.","https://s-trojmiasto.pl/download/pojemniki-pomorskie.pdf#page=12"
"Romera 2","Romera 2, Słupsk, gmina Słupsk, powiat Słupsk, Polska","Słupsk","Słupsk","Słupsk","829","1","adres","54.4601258","16.9891914","Dopasowano adres w OpenStreetMap. Punkt odnosi się do budynku/adresu, a nie do zweryfikowanej pozycji pojemnika.","https://s-trojmiasto.pl/download/pojemniki-pomorskie.pdf#page=12"
"Roweckiego 5","Roweckiego 5, Słupsk, gmina Słupsk, powiat Słupsk, Polska","Słupsk","Słupsk","Słupsk","830","1","orientacyjnie","54.4589043","16.9850519","Nie znaleziono numeru 5. Znacznik opisuje ulicę, nie miejsce ustawienia pojemnika; po kliknięciu pokazano jej przebieg.","https://s-trojmiasto.pl/download/pojemniki-pomorskie.pdf#page=12"
"Słoneczna 2","Słoneczna 2, Słupsk, gmina Słupsk, powiat Słupsk, Polska","Słupsk","Słupsk","Słupsk","831","1","adres","54.4562263","17.030712","Dopasowano adres w OpenStreetMap. Punkt odnosi się do budynku/adresu, a nie do zweryfikowanej pozycji pojemnika.","https://s-trojmiasto.pl/download/pojemniki-pomorskie.pdf#page=12"
"Sobieskiego 7","Sobieskiego 7, Słupsk, gmina Słupsk, powiat Słupsk, Polska","Słupsk","Słupsk","Słupsk","832","1","adres","54.4679431","17.0115518","Dopasowano adres w OpenStreetMap. Punkt odnosi się do budynku/adresu, a nie do zweryfikowanej pozycji pojemnika.","https://s-trojmiasto.pl/download/pojemniki-pomorskie.pdf#page=12"
"Sobieskiego 9","Sobieskiego 9, Słupsk, gmina Słupsk, powiat Słupsk, Polska","Słupsk","Słupsk","Słupsk","833","1","adres","54.4702332","17.0120049","Dopasowano adres w OpenStreetMap. Punkt odnosi się do budynku/adresu, a nie do zweryfikowanej pozycji pojemnika.","https://s-trojmiasto.pl/download/pojemniki-pomorskie.pdf#page=12"
"Sołdka Stanisława 9","Sołdka Stanisława 9, Słupsk, gmina Słupsk, powiat Słupsk, Polska","Słupsk","Słupsk","Słupsk","834","1","brak","","","Nie dopasowano nazwy ulicy ani numeru posesji.","https://s-trojmiasto.pl/download/pojemniki-pomorskie.pdf#page=12"
"Szczecińska 55","Szczecińska 55, Słupsk, gmina Słupsk, powiat Słupsk, Polska","Słupsk","Słupsk","Słupsk","835","1","orientacyjnie","54.4593114","16.9975378","Nie znaleziono numeru 55. Znacznik opisuje ulicę, nie miejsce ustawienia pojemnika; po kliknięciu pokazano jej przebieg.","https://s-trojmiasto.pl/download/pojemniki-pomorskie.pdf#page=12"
"Szczecińska 61","Szczecińska 61, Słupsk, gmina Słupsk, powiat Słupsk, Polska","Słupsk","Słupsk","Słupsk","836","1","adres","54.4587034","16.9976709","Dopasowano adres w OpenStreetMap. Punkt odnosi się do budynku/adresu, a nie do zweryfikowanej pozycji pojemnika.","https://s-trojmiasto.pl/download/pojemniki-pomorskie.pdf#page=12"
"Wazów 3","Wazów 3, Słupsk, gmina Słupsk, powiat Słupsk, Polska","Słupsk","Słupsk","Słupsk","837","1","adres","54.4711214","17.0059201","Dopasowano adres w OpenStreetMap. Punkt odnosi się do budynku/adresu, a nie do zweryfikowanej pozycji pojemnika.","https://s-trojmiasto.pl/download/pojemniki-pomorskie.pdf#page=12"
"Witosa Wincentego 4","Witosa Wincentego 4, Słupsk, gmina Słupsk, powiat Słupsk, Polska","Słupsk","Słupsk","Słupsk","838","1","adres","54.4604974","16.9829986","Dopasowano adres w OpenStreetMap. Punkt odnosi się do budynku/adresu, a nie do zweryfikowanej pozycji pojemnika.","https://s-trojmiasto.pl/download/pojemniki-pomorskie.pdf#page=12"
"Władysława Iv 7","Władysława Iv 7, Słupsk, gmina Słupsk, powiat Słupsk, Polska","Słupsk","Słupsk","Słupsk","839","1","adres","54.4715145","17.0083627","Dopasowano adres w OpenStreetMap. Punkt odnosi się do budynku/adresu, a nie do zweryfikowanej pozycji pojemnika.","https://s-trojmiasto.pl/download/pojemniki-pomorskie.pdf#page=12"
"Wolności 3","Wolności 3, Słupsk, gmina Słupsk, powiat Słupsk, Polska","Słupsk","Słupsk","Słupsk","840","1","adres","54.4711294","17.0265737","Dopasowano adres w OpenStreetMap. Punkt odnosi się do budynku/adresu, a nie do zweryfikowanej pozycji pojemnika.","https://s-trojmiasto.pl/download/pojemniki-pomorskie.pdf#page=12"
"Zamborowskiej Marii 12","Zamborowskiej Marii 12, Słupsk, gmina Słupsk, powiat Słupsk, Polska","Słupsk","Słupsk","Słupsk","841, 842","2","brak","","","Nie dopasowano nazwy ulicy ani numeru posesji.","https://s-trojmiasto.pl/download/pojemniki-pomorskie.pdf#page=12"
"Bobrowniki 20","Bobrowniki 20, Bobrowniki, gmina Damnica, powiat Słupski, Polska","Bobrowniki","Słupski","Damnica","843","1","adres","54.5264454","17.3325656","Dopasowano numer posesji w podanej miejscowości. To adres odniesienia, nie potwierdzona pozycja pojemnika.","https://s-trojmiasto.pl/download/pojemniki-pomorskie.pdf#page=12"
"Lipowa","Lipowa, Damnica, gmina Damnica, powiat Słupski, Polska","Damnica","Słupski","Damnica","844","1","orientacyjnie","54.5033679","17.2690867","PDF podaje tylko nazwę ulicy, bez numeru. Znacznik opisuje ulicę, nie miejsce ustawienia pojemnika; po kliknięciu pokazano jej przebieg.","https://s-trojmiasto.pl/download/pojemniki-pomorskie.pdf#page=12"
"Parkowa 2","Parkowa 2, Damnica, gmina Damnica, powiat Słupski, Polska","Damnica","Słupski","Damnica","845","1","adres","54.5016957","17.2691301","Dopasowano adres w OpenStreetMap. Punkt odnosi się do budynku/adresu, a nie do zweryfikowanej pozycji pojemnika.","https://s-trojmiasto.pl/download/pojemniki-pomorskie.pdf#page=12"
"Damno 42F","Damno 42F, Damno, gmina Damnica, powiat Słupski, Polska","Damno","Słupski","Damnica","846","1","adres","54.5287332","17.3159236","Dopasowano numer posesji w podanej miejscowości. To adres odniesienia, nie potwierdzona pozycja pojemnika.","https://s-trojmiasto.pl/download/pojemniki-pomorskie.pdf#page=12"
"Mianowice 2D","Mianowice 2D, Mianowice, gmina Damnica, powiat Słupski, Polska","Mianowice","Słupski","Damnica","847","1","brak","","","Nie dopasowano nazwy ulicy ani numeru posesji.","https://s-trojmiasto.pl/download/pojemniki-pomorskie.pdf#page=12"
"Borzęcino 29","Borzęcino 29, Borzęcino, gmina Dębnica Kaszubska, powiat Słupski, Polska","Borzęcino","Słupski","Dębnica Kaszubska","848","1","orientacyjnie","54.4079856","17.2512338","Dopasowano historyczny numer posesji zapisany w OSM. Aktualny adres może być inny; sprawdź opis źródłowy.","https://s-trojmiasto.pl/download/pojemniki-pomorskie.pdf#page=12"
"Budowo 22","Budowo 22, Budowo, gmina Dębnica Kaszubska, powiat Słupski, Polska","Budowo","Słupski","Dębnica Kaszubska","849","1","orientacyjnie","54.3231944","17.3952379","Dopasowano historyczny numer posesji zapisany w OSM. Aktualny adres może być inny; sprawdź opis źródłowy.","https://s-trojmiasto.pl/download/pojemniki-pomorskie.pdf#page=12"
"Budowo 70","Budowo 70, Budowo, gmina Dębnica Kaszubska, powiat Słupski, Polska","Budowo","Słupski","Dębnica Kaszubska","850","1","orientacyjnie","54.3185034","17.3902746","Dopasowano historyczny numer posesji zapisany w OSM. Aktualny adres może być inny; sprawdź opis źródłowy.","https://s-trojmiasto.pl/download/pojemniki-pomorskie.pdf#page=12"
"Fabryczna 16","Fabryczna 16, Dębnica Kaszubska, gmina Dębnica Kaszubska, powiat Słupski, Polska","Dębnica Kaszubska","Słupski","Dębnica Kaszubska","851","1","adres","54.3727204","17.1562805","Dopasowano adres w OpenStreetMap. Punkt odnosi się do budynku/adresu, a nie do zweryfikowanej pozycji pojemnika.","https://s-trojmiasto.pl/download/pojemniki-pomorskie.pdf#page=13"
"Hanny Sawickiej 13","Hanny Sawickiej 13, Dębnica Kaszubska, gmina Dębnica Kaszubska, powiat Słupski, Polska","Dębnica Kaszubska","Słupski","Dębnica Kaszubska","852","1","orientacyjnie","54.3782767","17.1520998","Nie znaleziono numeru 13. Znacznik opisuje ulicę, nie miejsce ustawienia pojemnika; po kliknięciu pokazano jej przebieg.","https://s-trojmiasto.pl/download/pojemniki-pomorskie.pdf#page=13"
"Krótka 4","Krótka 4, Dębnica Kaszubska, gmina Dębnica Kaszubska, powiat Słupski, Polska","Dębnica Kaszubska","Słupski","Dębnica Kaszubska","853","1","adres","54.3724273","17.1846423","Dopasowano adres w OpenStreetMap. Punkt odnosi się do budynku/adresu, a nie do zweryfikowanej pozycji pojemnika.","https://s-trojmiasto.pl/download/pojemniki-pomorskie.pdf#page=13"
"Lipowa 15","Lipowa 15, Dębnica Kaszubska, gmina Dębnica Kaszubska, powiat Słupski, Polska","Dębnica Kaszubska","Słupski","Dębnica Kaszubska","854","1","adres","54.3825715","17.1612331","Dopasowano adres w OpenStreetMap. Punkt odnosi się do budynku/adresu, a nie do zweryfikowanej pozycji pojemnika.","https://s-trojmiasto.pl/download/pojemniki-pomorskie.pdf#page=13"
"Zjednoczenia","Zjednoczenia, Dębnica Kaszubska, gmina Dębnica Kaszubska, powiat Słupski, Polska","Dębnica Kaszubska","Słupski","Dębnica Kaszubska","855, 856","2","orientacyjnie","54.3753801","17.1612166","PDF podaje tylko nazwę ulicy, bez numeru. Znacznik opisuje ulicę, nie miejsce ustawienia pojemnika; po kliknięciu pokazano jej przebieg.","https://s-trojmiasto.pl/download/pojemniki-pomorskie.pdf#page=13"
"Zjednoczenia 48D","Zjednoczenia 48D, Dębnica Kaszubska, gmina Dębnica Kaszubska, powiat Słupski, Polska","Dębnica Kaszubska","Słupski","Dębnica Kaszubska","857, 858","2","orientacyjnie","54.3753801","17.1612166","Nie znaleziono numeru 48D. Znacznik opisuje ulicę, nie miejsce ustawienia pojemnika; po kliknięciu pokazano jej przebieg.","https://s-trojmiasto.pl/download/pojemniki-pomorskie.pdf#page=13"
"Słoneczna","Słoneczna, Dębnica Kaszubska, gmina Dębnica Kaszubska, powiat Słupski, Polska","Dębnica Kaszubska","Słupski","Dębnica Kaszubska","859","1","orientacyjnie","54.3701671","17.1806476","PDF podaje tylko nazwę ulicy, bez numeru. Znacznik opisuje ulicę, nie miejsce ustawienia pojemnika; po kliknięciu pokazano jej przebieg.","https://s-trojmiasto.pl/download/pojemniki-pomorskie.pdf#page=13"
"Dobieszewo 34.","Dobieszewo 34., Dobieszewo, gmina Dębnica Kaszubska, powiat Słupski, Polska","Dobieszewo","Słupski","Dębnica Kaszubska","860","1","orientacyjnie","54.3767308","17.2924593","Dopasowano historyczny numer posesji zapisany w OSM. Aktualny adres może być inny; sprawdź opis źródłowy.","https://s-trojmiasto.pl/download/pojemniki-pomorskie.pdf#page=13"
"Gałęziów 8","Gałęziów 8, Gałęziów, gmina Dębnica Kaszubska, powiat Słupski, Polska","Gałęziów","Słupski","Dębnica Kaszubska","861","1","brak","","","Nie rozpoznano miejscowości w pobranych danych OSM.","https://s-trojmiasto.pl/download/pojemniki-pomorskie.pdf#page=13"
"Gogolewo 39A","Gogolewo 39A, Gogolewo, gmina Dębnica Kaszubska, powiat Słupski, Polska","Gogolewo","Słupski","Dębnica Kaszubska","862","1","brak","","","Nie dopasowano nazwy ulicy ani numeru posesji.","https://s-trojmiasto.pl/download/pojemniki-pomorskie.pdf#page=13"
"Motarzyno 23","Motarzyno 23, Motarzyno, gmina Dębnica Kaszubska, powiat Słupski, Polska","Motarzyno","Słupski","Dębnica Kaszubska","863","1","orientacyjnie","54.3270762","17.3370061","Dopasowano historyczny numer posesji zapisany w OSM. Aktualny adres może być inny; sprawdź opis źródłowy.","https://s-trojmiasto.pl/download/pojemniki-pomorskie.pdf#page=13"
"Niepoględzie 27","Niepoględzie 27, Niepoględzie, gmina Dębnica Kaszubska, powiat Słupski, Polska","Niepoględzie","Słupski","Dębnica Kaszubska","864","1","adres","54.2954894","17.3705702","Dopasowano numer posesji w podanej miejscowości. To adres odniesienia, nie potwierdzona pozycja pojemnika.","https://s-trojmiasto.pl/download/pojemniki-pomorskie.pdf#page=13"
"Podole Małe 5","Podole Małe 5, Podole Małe, gmina Dębnica Kaszubska, powiat Słupski, Polska","Podole Małe","Słupski","Dębnica Kaszubska","865","1","brak","","","Nie dopasowano nazwy ulicy ani numeru posesji.","https://s-trojmiasto.pl/download/pojemniki-pomorskie.pdf#page=13"
"Cecenowo 26","Cecenowo 26, Cecenowo, gmina Główczyce, powiat Słupski, Polska","Cecenowo","Słupski","Główczyce","866","1","adres","54.64224","17.54514","Dopasowano numer posesji w podanej miejscowości. To adres odniesienia, nie potwierdzona pozycja pojemnika.","https://s-trojmiasto.pl/download/pojemniki-pomorskie.pdf#page=13"
"Słupska 2B","Słupska 2B, Główczyce, gmina Główczyce, powiat Słupski, Polska","Główczyce","Słupski","Główczyce","867","1","orientacyjnie","54.61102","17.36113","Nie znaleziono dokładnego oznaczenia budynku lub klatki. Pokazano adres o tym samym numerze podstawowym.","https://s-trojmiasto.pl/download/pojemniki-pomorskie.pdf#page=13"
"Izbica 5A","Izbica 5A, Izbica, gmina Główczyce, powiat Słupski, Polska","Izbica","Słupski","Główczyce","868","1","adres","54.679","17.43079","Dopasowano numer posesji w podanej miejscowości. To adres odniesienia, nie potwierdzona pozycja pojemnika.","https://s-trojmiasto.pl/download/pojemniki-pomorskie.pdf#page=13"
"Pobłocie 401/3","Pobłocie 401/3, Pobłocie, gmina Główczyce, powiat Słupski, Polska","Pobłocie","Słupski","Główczyce","869","1","brak","","","Nie dopasowano nazwy ulicy ani numeru posesji.","https://s-trojmiasto.pl/download/pojemniki-pomorskie.pdf#page=13"
"Pobłocie 96","Pobłocie 96, Pobłocie, gmina Główczyce, powiat Słupski, Polska","Pobłocie","Słupski","Główczyce","870","1","adres","54.63316","17.5127","Dopasowano numer posesji w podanej miejscowości. To adres odniesienia, nie potwierdzona pozycja pojemnika.","https://s-trojmiasto.pl/download/pojemniki-pomorskie.pdf#page=13"
"Wielka Wieś 6","Wielka Wieś 6, Wielka Wieś, gmina Główczyce, powiat Słupski, Polska","Wielka Wieś","Słupski","Główczyce","871","1","adres","54.56796","17.36059","Dopasowano numer posesji w podanej miejscowości. To adres odniesienia, nie potwierdzona pozycja pojemnika.","https://s-trojmiasto.pl/download/pojemniki-pomorskie.pdf#page=13"
"Żoruchowo 2","Żoruchowo 2, Żoruchowo, gmina Główczyce, powiat Słupski, Polska","Żoruchowo","Słupski","Główczyce","872","1","adres","54.57058","17.18906","Dopasowano numer posesji w podanej miejscowości. To adres odniesienia, nie potwierdzona pozycja pojemnika.","https://s-trojmiasto.pl/download/pojemniki-pomorskie.pdf#page=13"
"Żoruchowo 36","Żoruchowo 36, Żoruchowo, gmina Główczyce, powiat Słupski, Polska","Żoruchowo","Słupski","Główczyce","873","1","adres","54.57044","17.19197","Dopasowano numer posesji w podanej miejscowości. To adres odniesienia, nie potwierdzona pozycja pojemnika.","https://s-trojmiasto.pl/download/pojemniki-pomorskie.pdf#page=13"
"Barcino 46","Barcino 46, Barcino, gmina Kępice, powiat Słupski, Polska","Barcino","Słupski","Kępice","874","1","adres","54.27722","16.96389","Dopasowano numer posesji w podanej miejscowości. To adres odniesienia, nie potwierdzona pozycja pojemnika.","https://s-trojmiasto.pl/download/pojemniki-pomorskie.pdf#page=13"
"Barwino 6","Barwino 6, Barwino, gmina Kępice, powiat Słupski, Polska","Barwino","Słupski","Kępice","875","1","adres","54.28907","16.91431","Dopasowano numer posesji w podanej miejscowości. To adres odniesienia, nie potwierdzona pozycja pojemnika.","https://s-trojmiasto.pl/download/pojemniki-pomorskie.pdf#page=13"
"Biesowice 21","Biesowice 21, Biesowice, gmina Kępice, powiat Słupski, Polska","Biesowice","Słupski","Kępice","876","1","adres","54.19585","16.87632","Dopasowano numer posesji w podanej miejscowości. To adres odniesienia, nie potwierdzona pozycja pojemnika.","https://s-trojmiasto.pl/download/pojemniki-pomorskie.pdf#page=13"
"Biesowice 8B","Biesowice 8B, Biesowice, gmina Kępice, powiat Słupski, Polska","Biesowice","Słupski","Kępice","877","1","adres","54.19204","16.87548","Dopasowano numer posesji w podanej miejscowości. To adres odniesienia, nie potwierdzona pozycja pojemnika.","https://s-trojmiasto.pl/download/pojemniki-pomorskie.pdf#page=13"
"Ciecholub 11","Ciecholub 11, Ciecholub, gmina Kępice, powiat Słupski, Polska","Ciecholub","Słupski","Kępice","878","1","adres","54.17536","16.87675","Dopasowano numer posesji w podanej miejscowości. To adres odniesienia, nie potwierdzona pozycja pojemnika.","https://s-trojmiasto.pl/download/pojemniki-pomorskie.pdf#page=13"
"Darnowo 12","Darnowo 12, Darnowo, gmina Kępice, powiat Słupski, Polska","Darnowo","Słupski","Kępice","879","1","adres","54.14966","16.9091","Dopasowano numer posesji w podanej miejscowości. To adres odniesienia, nie potwierdzona pozycja pojemnika.","https://s-trojmiasto.pl/download/pojemniki-pomorskie.pdf#page=13"
"Kruszka 4A","Kruszka 4A, Kępice, gmina Kępice, powiat Słupski, Polska","Kępice","Słupski","Kępice","880","1","orientacyjnie","54.2272084","16.9018151","Nie znaleziono numeru 4A. Znacznik opisuje ulicę, nie miejsce ustawienia pojemnika; po kliknięciu pokazano jej przebieg. Opis adresu wskazuje miejscowość Kruszka; kolumnę miejscowości z PDF zachowano bez zmian.","https://s-trojmiasto.pl/download/pojemniki-pomorskie.pdf#page=13"
"Mzdowo 23","Mzdowo 23, Mzdowo, gmina Kępice, powiat Słupski, Polska","Mzdowo","Słupski","Kępice","881","1","adres","54.16558","16.776","Dopasowano numer posesji w podanej miejscowości. To adres odniesienia, nie potwierdzona pozycja pojemnika.","https://s-trojmiasto.pl/download/pojemniki-pomorskie.pdf#page=13"
"Osowo 14","Osowo 14, Osowo, gmina Kępice, powiat Słupski, Polska","Osowo","Słupski","Kępice","882","1","adres","54.21622","16.80767","Dopasowano numer posesji w podanej miejscowości. To adres odniesienia, nie potwierdzona pozycja pojemnika.","https://s-trojmiasto.pl/download/pojemniki-pomorskie.pdf#page=13"
"Płocko 25","Płocko 25, Płocko, gmina Kępice, powiat Słupski, Polska","Płocko","Słupski","Kępice","883","1","adres","54.14536","16.83237","Dopasowano numer posesji w podanej miejscowości. To adres odniesienia, nie potwierdzona pozycja pojemnika.","https://s-trojmiasto.pl/download/pojemniki-pomorskie.pdf#page=13"
"Pustowo 10","Pustowo 10, Pustowo, gmina Kępice, powiat Słupski, Polska","Pustowo","Słupski","Kępice","884","1","adres","54.16637","16.82011","Dopasowano numer posesji w podanej miejscowości. To adres odniesienia, nie potwierdzona pozycja pojemnika.","https://s-trojmiasto.pl/download/pojemniki-pomorskie.pdf#page=13"
"Warcino 45","Warcino 45, Warcino, gmina Kępice, powiat Słupski, Polska","Warcino","Słupski","Kępice","885","1","orientacyjnie","54.22098","16.85648","Dopasowano historyczny numer posesji zapisany w OSM. Aktualny adres może być inny; sprawdź opis źródłowy.","https://s-trojmiasto.pl/download/pojemniki-pomorskie.pdf#page=13"
"Wodna 1","Wodna 1, Kobylnica, gmina Kobylnica, powiat Słupski, Polska","Kobylnica","Słupski","Kobylnica","886, 887","2","adres","54.44222","17.00074","Dopasowano adres w OpenStreetMap. Punkt odnosi się do budynku/adresu, a nie do zweryfikowanej pozycji pojemnika.","https://s-trojmiasto.pl/download/pojemniki-pomorskie.pdf#page=13"
"Lubuń 27","Lubuń 27, Lubuń, gmina Kobylnica, powiat Słupski, Polska","Lubuń","Słupski","Kobylnica","888","1","adres","54.38281","17.07194","Dopasowano numer posesji w podanej miejscowości. To adres odniesienia, nie potwierdzona pozycja pojemnika.","https://s-trojmiasto.pl/download/pojemniki-pomorskie.pdf#page=13"
"Starowiejska 2A","Starowiejska 2A, Łosino, gmina Kobylnica, powiat Słupski, Polska","Łosino","Słupski","Kobylnica","889, 890","2","adres","54.41126","17.00818","Dopasowano adres w OpenStreetMap. Punkt odnosi się do budynku/adresu, a nie do zweryfikowanej pozycji pojemnika.","https://s-trojmiasto.pl/download/pojemniki-pomorskie.pdf#page=13"
"Sportowa 5","Sportowa 5, Sycewice, gmina Kobylnica, powiat Słupski, Polska","Sycewice","Słupski","Kobylnica","891, 892","2","adres","54.4229654","16.8643159","Dopasowano adres w OpenStreetMap. Punkt odnosi się do budynku/adresu, a nie do zweryfikowanej pozycji pojemnika.","https://s-trojmiasto.pl/download/pojemniki-pomorskie.pdf#page=13"
"Za Stawem 2","Za Stawem 2, Sycewice, gmina Kobylnica, powiat Słupski, Polska","Sycewice","Słupski","Kobylnica","893","1","adres","54.4201925","16.8628343","Dopasowano adres w OpenStreetMap. Punkt odnosi się do budynku/adresu, a nie do zweryfikowanej pozycji pojemnika.","https://s-trojmiasto.pl/download/pojemniki-pomorskie.pdf#page=13"
"Zajączkowo 13","Zajączkowo 13, Zajączkowo, gmina Kobylnica, powiat Słupski, Polska","Zajączkowo","Słupski","Kobylnica","894, 895","2","adres","54.39413","17.01137","Dopasowano numer posesji w podanej miejscowości. To adres odniesienia, nie potwierdzona pozycja pojemnika.","https://s-trojmiasto.pl/download/pojemniki-pomorskie.pdf#page=13"
"Zębowo 17","Zębowo 17, Zębowo, gmina Kobylnica, powiat Słupski, Polska","Zębowo","Słupski","Kobylnica","896","1","adres","54.44758","16.88595","Dopasowano numer posesji w podanej miejscowości. To adres odniesienia, nie potwierdzona pozycja pojemnika.","https://s-trojmiasto.pl/download/pojemniki-pomorskie.pdf#page=13"
"Wolności 10","Wolności 10, Gardna Wielka, gmina Smołdzino, powiat Słupski, Polska","Gardna Wielka","Słupski","Smołdzino","897","1","adres","54.63711","17.16422","Dopasowano adres w OpenStreetMap. Punkt odnosi się do budynku/adresu, a nie do zweryfikowanej pozycji pojemnika.","https://s-trojmiasto.pl/download/pojemniki-pomorskie.pdf#page=13"
"Bohaterów Warszawy 24","Bohaterów Warszawy 24, Smołdzino, gmina Smołdzino, powiat Słupski, Polska","Smołdzino","Słupski","Smołdzino","898","1","orientacyjnie","54.6644906","17.2111562","Nie znaleziono numeru 24. Znacznik opisuje ulicę, nie miejsce ustawienia pojemnika; po kliknięciu pokazano jej przebieg.","https://s-trojmiasto.pl/download/pojemniki-pomorskie.pdf#page=13"
"Machowino 5A","Machowino 5A, Machowino, gmina Ustka, powiat Słupski, Polska","Machowino","Słupski","Ustka","899","1","orientacyjnie","54.5494261","16.9986622","Dopasowano historyczny numer posesji zapisany w OSM. Aktualny adres może być inny; sprawdź opis źródłowy.","https://s-trojmiasto.pl/download/pojemniki-pomorskie.pdf#page=13"
"Objazda 89-91","Objazda 89-91, Objazda, gmina Ustka, powiat Słupski, Polska","Objazda","Słupski","Ustka","900","1","brak","","","Nie dopasowano nazwy ulicy ani numeru posesji.","https://s-trojmiasto.pl/download/pojemniki-pomorskie.pdf#page=13"
"Kościelniaka 15","Kościelniaka 15, Ustka, gmina Ustka, powiat Słupski, Polska","Ustka","Słupski","Ustka","901","1","adres","54.5788962","16.8474168","Dopasowano adres w OpenStreetMap. Punkt odnosi się do budynku/adresu, a nie do zweryfikowanej pozycji pojemnika.","https://s-trojmiasto.pl/download/pojemniki-pomorskie.pdf#page=13"
"Polna 1C","Polna 1C, Ustka, gmina Ustka, powiat Słupski, Polska","Ustka","Słupski","Ustka","902","1","adres","54.5771678","16.8560706","Dopasowano adres w OpenStreetMap. Punkt odnosi się do budynku/adresu, a nie do zweryfikowanej pozycji pojemnika.","https://s-trojmiasto.pl/download/pojemniki-pomorskie.pdf#page=13"
"Modrzewiowa 8","Modrzewiowa 8, Wodnica, gmina Ustka, powiat Słupski, Polska","Wodnica","Słupski","Ustka","903","1","adres","54.55705","16.86168","Dopasowano adres w OpenStreetMap. Punkt odnosi się do budynku/adresu, a nie do zweryfikowanej pozycji pojemnika.","https://s-trojmiasto.pl/download/pojemniki-pomorskie.pdf#page=13"
"Zaleskie 1 Pgr","Zaleskie 1 Pgr, Zaleskie, gmina Ustka, powiat Słupski, Polska","Zaleskie","Słupski","Ustka","904","1","brak","","","Opis nie pozwala jednoznacznie wskazać miejsca. Nie zastąpiono go środkiem miejscowości.","https://s-trojmiasto.pl/download/pojemniki-pomorskie.pdf#page=13"
"Gimnazjalna","Gimnazjalna, Bobowo, gmina Bobowo, powiat Starogardzki, Polska","Bobowo","Starogardzki","Bobowo","905","1","orientacyjnie","53.8809317","18.5522578","PDF podaje tylko nazwę ulicy, bez numeru. Znacznik opisuje ulicę, nie miejsce ustawienia pojemnika; po kliknięciu pokazano jej przebieg.","https://s-trojmiasto.pl/download/pojemniki-pomorskie.pdf#page=13"
"Gimnazjalna 10","Gimnazjalna 10, Bobowo, gmina Bobowo, powiat Starogardzki, Polska","Bobowo","Starogardzki","Bobowo","906","1","adres","53.87965","18.55202","Dopasowano adres w OpenStreetMap. Punkt odnosi się do budynku/adresu, a nie do zweryfikowanej pozycji pojemnika.","https://s-trojmiasto.pl/download/pojemniki-pomorskie.pdf#page=13"
"Gimnazjalna 2","Gimnazjalna 2, Bobowo, gmina Bobowo, powiat Starogardzki, Polska","Bobowo","Starogardzki","Bobowo","907","1","adres","53.87876","18.55249","Dopasowano adres w OpenStreetMap. Punkt odnosi się do budynku/adresu, a nie do zweryfikowanej pozycji pojemnika.","https://s-trojmiasto.pl/download/pojemniki-pomorskie.pdf#page=13"
"Jabłówko","Jabłówko, Bobowo, gmina Bobowo, powiat Starogardzki, Polska","Bobowo","Starogardzki","Bobowo","908","1","brak","","","Opis nie pozwala jednoznacznie wskazać miejsca. Nie zastąpiono go środkiem miejscowości. Opis adresu wskazuje miejscowość Jabłówko; kolumnę miejscowości z PDF zachowano bez zmian.","https://s-trojmiasto.pl/download/pojemniki-pomorskie.pdf#page=13"
"Koscielna 1","Koscielna 1, Bobowo, gmina Bobowo, powiat Starogardzki, Polska","Bobowo","Starogardzki","Bobowo","909","1","adres","53.8786073","18.5570296","Dopasowano adres w OpenStreetMap. Punkt odnosi się do budynku/adresu, a nie do zweryfikowanej pozycji pojemnika.","https://s-trojmiasto.pl/download/pojemniki-pomorskie.pdf#page=13"
"Lasna 7","Lasna 7, Bobowo, gmina Bobowo, powiat Starogardzki, Polska","Bobowo","Starogardzki","Bobowo","910","1","brak","","","Nie dopasowano nazwy ulicy ani numeru posesji.","https://s-trojmiasto.pl/download/pojemniki-pomorskie.pdf#page=13"
"Rzeczna 5","Rzeczna 5, Bobowo, gmina Bobowo, powiat Starogardzki, Polska","Bobowo","Starogardzki","Bobowo","911","1","adres","53.8831","18.55817","Dopasowano adres w OpenStreetMap. Punkt odnosi się do budynku/adresu, a nie do zweryfikowanej pozycji pojemnika.","https://s-trojmiasto.pl/download/pojemniki-pomorskie.pdf#page=13"
"Wysoka 84","Wysoka 84, Bobowo, gmina Bobowo, powiat Starogardzki, Polska","Bobowo","Starogardzki","Bobowo","912","1","adres","53.87893","18.49458","Dopasowano numer posesji w podanej miejscowości. To adres odniesienia, nie potwierdzona pozycja pojemnika. Opis adresu wskazuje miejscowość Wysoka; kolumnę miejscowości z PDF zachowano bez zmian.","https://s-trojmiasto.pl/download/pojemniki-pomorskie.pdf#page=13"
"Grabowiec 29","Grabowiec 29, Grabowiec, gmina Bobowo, powiat Starogardzki, Polska","Grabowiec","Starogardzki","Bobowo","913","1","adres","53.9066518","18.601337","Dopasowano numer posesji w podanej miejscowości. To adres odniesienia, nie potwierdzona pozycja pojemnika.","https://s-trojmiasto.pl/download/pojemniki-pomorskie.pdf#page=13"
"Graowo 58","Graowo 58, Graowo, gmina Bobowo, powiat Starogardzki, Polska","Graowo","Starogardzki","Bobowo","914","1","brak","","","Nie rozpoznano miejscowości w pobranych danych OSM.","https://s-trojmiasto.pl/download/pojemniki-pomorskie.pdf#page=13"
"Wysoka 23","Wysoka 23, Wysoka, gmina Bobowo, powiat Starogardzki, Polska","Wysoka","Starogardzki","Bobowo","915","1","adres","53.87727","18.49988","Dopasowano numer posesji w podanej miejscowości. To adres odniesienia, nie potwierdzona pozycja pojemnika.","https://s-trojmiasto.pl/download/pojemniki-pomorskie.pdf#page=13"
"Dworcowa 4","Dworcowa 4, Czarna Woda, gmina Czarna Woda, powiat Starogardzki, Polska","Czarna Woda","Starogardzki","Czarna Woda","916","1","adres","53.8488777","18.1067989","Dopasowano adres w OpenStreetMap. Punkt odnosi się do budynku/adresu, a nie do zweryfikowanej pozycji pojemnika.","https://s-trojmiasto.pl/download/pojemniki-pomorskie.pdf#page=13"
"Huta Kalna Ul. Kociewska / Szkolna","Huta Kalna Ul. Kociewska / Szkolna, Czarna Woda, gmina Czarna Woda, powiat Starogardzki, Polska","Czarna Woda","Starogardzki","Czarna Woda","917","1","brak","","","Nie rozpoznano obu ulic skrzyżowania. Opis adresu wskazuje miejscowość Huta Kalna; kolumnę miejscowości z PDF zachowano bez zmian.","https://s-trojmiasto.pl/download/pojemniki-pomorskie.pdf#page=13"
"Przepompownia","Przepompownia, Czarna Woda, gmina Czarna Woda, powiat Starogardzki, Polska","Czarna Woda","Starogardzki","Czarna Woda","918","1","brak","","","Opis nie pozwala jednoznacznie wskazać miejsca. Nie zastąpiono go środkiem miejscowości.","https://s-trojmiasto.pl/download/pojemniki-pomorskie.pdf#page=13"
"Przy Sklepie","Przy Sklepie, Lubiki, gmina Czarna Woda, powiat Starogardzki, Polska","Lubiki","Starogardzki","Czarna Woda","919","1","orientacyjnie","53.852484","18.1734653","Orientacyjny pobliski obiekt zgodny z opisem PDF. Znacznik nie wskazuje dokładnego miejsca pojemnika.","https://s-trojmiasto.pl/download/pojemniki-pomorskie.pdf#page=13"
"Słoneczna","Słoneczna, Lipinki Krolewskie, gmina Lubichowo, powiat Starogardzki, Polska","Lipinki Krolewskie","Starogardzki","Lubichowo","920","1","orientacyjnie","53.8852687","18.4800867","PDF podaje tylko nazwę ulicy, bez numeru. Znacznik opisuje ulicę, nie miejsce ustawienia pojemnika; po kliknięciu pokazano jej przebieg.","https://s-trojmiasto.pl/download/pojemniki-pomorskie.pdf#page=13"
"Zblewska 8","Zblewska 8, Lubichowo, gmina Lubichowo, powiat Starogardzki, Polska","Lubichowo","Starogardzki","Lubichowo","921, 922","2","adres","53.8517035","18.3974852","Dopasowano adres w OpenStreetMap. Punkt odnosi się do budynku/adresu, a nie do zweryfikowanej pozycji pojemnika.","https://s-trojmiasto.pl/download/pojemniki-pomorskie.pdf#page=13"
"Kociewska 1","Kociewska 1, Ocypel, gmina Lubichowo, powiat Starogardzki, Polska","Ocypel","Starogardzki","Lubichowo","923","1","adres","53.8062047","18.3194966","Dopasowano adres w OpenStreetMap. Punkt odnosi się do budynku/adresu, a nie do zweryfikowanej pozycji pojemnika.","https://s-trojmiasto.pl/download/pojemniki-pomorskie.pdf#page=14"
"Główna 1","Główna 1, Osowo Leśne, gmina Lubichowo, powiat Starogardzki, Polska","Osowo Leśne","Starogardzki","Lubichowo","924","1","brak","","","Nie dopasowano nazwy ulicy ani numeru posesji.","https://s-trojmiasto.pl/download/pojemniki-pomorskie.pdf#page=14"
"Główna 33","Główna 33, Wda, gmina Lubichowo, powiat Starogardzki, Polska","Wda","Starogardzki","Lubichowo","925","1","adres","53.793993","18.3877926","Dopasowano adres w OpenStreetMap. Punkt odnosi się do budynku/adresu, a nie do zweryfikowanej pozycji pojemnika.","https://s-trojmiasto.pl/download/pojemniki-pomorskie.pdf#page=14"
"Główna/Szkolna","Główna/Szkolna, Wda, gmina Lubichowo, powiat Starogardzki, Polska","Wda","Starogardzki","Lubichowo","926","1","orientacyjnie","53.7955419","18.393494","Orientacyjna lokalizacja skrzyżowania. Nie określa strony ulicy ani dokładnego miejsca pojemnika.","https://s-trojmiasto.pl/download/pojemniki-pomorskie.pdf#page=14"
"Kościół","Kościół, Wda, gmina Lubichowo, powiat Starogardzki, Polska","Wda","Starogardzki","Lubichowo","927","1","orientacyjnie","53.7957314","18.3962262","Orientacyjny pobliski obiekt zgodny z opisem PDF. Znacznik nie wskazuje dokładnego miejsca pojemnika.","https://s-trojmiasto.pl/download/pojemniki-pomorskie.pdf#page=14"
"Główna 1","Główna 1, Zelgoszcz, gmina Lubichowo, powiat Starogardzki, Polska","Zelgoszcz","Starogardzki","Lubichowo","928, 929","2","adres","53.8374431","18.4323326","Dopasowano adres w OpenStreetMap. Punkt odnosi się do budynku/adresu, a nie do zweryfikowanej pozycji pojemnika.","https://s-trojmiasto.pl/download/pojemniki-pomorskie.pdf#page=14"
"Klaniny 38 Sklep","Klaniny 38 Sklep, Klaniny, gmina Osieczna, powiat Starogardzki, Polska","Klaniny","Starogardzki","Osieczna","930","1","adres","53.82921","18.20429","Dopasowano numer posesji w podanej miejscowości. To adres odniesienia, nie potwierdzona pozycja pojemnika.","https://s-trojmiasto.pl/download/pojemniki-pomorskie.pdf#page=14"
"Pks","Pks, Krówno-Duże, gmina Osieczna, powiat Starogardzki, Polska","Krówno-Duże","Starogardzki","Osieczna","931","1","brak","","","Nie rozpoznano miejscowości w pobranych danych OSM.","https://s-trojmiasto.pl/download/pojemniki-pomorskie.pdf#page=14"
"Plac Urzędu Gminy","Plac Urzędu Gminy, Osieczna, gmina Osieczna, powiat Starogardzki, Polska","Osieczna","Starogardzki","Osieczna","932","1","brak","","","Opis nie pozwala jednoznacznie wskazać miejsca. Nie zastąpiono go środkiem miejscowości.","https://s-trojmiasto.pl/download/pojemniki-pomorskie.pdf#page=14"
"Sienkiewicza 1","Sienkiewicza 1, Osieczna, gmina Osieczna, powiat Starogardzki, Polska","Osieczna","Starogardzki","Osieczna","933, 934","2","adres","53.76661","18.20173","Dopasowano adres w OpenStreetMap. Punkt odnosi się do budynku/adresu, a nie do zweryfikowanej pozycji pojemnika.","https://s-trojmiasto.pl/download/pojemniki-pomorskie.pdf#page=14"
"Zbiornik Retencyjny","Zbiornik Retencyjny, Osówek, gmina Osieczna, powiat Starogardzki, Polska","Osówek","Starogardzki","Osieczna","935","1","brak","","","Opis nie pozwala jednoznacznie wskazać miejsca. Nie zastąpiono go środkiem miejscowości.","https://s-trojmiasto.pl/download/pojemniki-pomorskie.pdf#page=14"
"3 Maja 28","3 Maja 28, Szlachta, gmina Osieczna, powiat Starogardzki, Polska","Szlachta","Starogardzki","Osieczna","936","1","adres","53.77007","18.11587","Dopasowano adres w OpenStreetMap. Punkt odnosi się do budynku/adresu, a nie do zweryfikowanej pozycji pojemnika.","https://s-trojmiasto.pl/download/pojemniki-pomorskie.pdf#page=14"
"Ceramiczna 20","Ceramiczna 20, Szlachta, gmina Osieczna, powiat Starogardzki, Polska","Szlachta","Starogardzki","Osieczna","937","1","adres","53.7708","18.10989","Dopasowano adres w OpenStreetMap. Punkt odnosi się do budynku/adresu, a nie do zweryfikowanej pozycji pojemnika.","https://s-trojmiasto.pl/download/pojemniki-pomorskie.pdf#page=14"
"Os. Pelplińskiego-Cmentarz","Os. Pelplińskiego-Cmentarz, Szlachta, gmina Osieczna, powiat Starogardzki, Polska","Szlachta","Starogardzki","Osieczna","938","1","orientacyjnie","53.7637503","18.1214872","Orientacyjny pobliski obiekt zgodny z opisem PDF. Znacznik nie wskazuje dokładnego miejsca pojemnika.","https://s-trojmiasto.pl/download/pojemniki-pomorskie.pdf#page=14"
"Przy Placu Zabaw","Przy Placu Zabaw, Zimne Zdroje, gmina Osieczna, powiat Starogardzki, Polska","Zimne Zdroje","Starogardzki","Osieczna","939","1","orientacyjnie","53.8218436","18.1564354","Orientacyjny pobliski obiekt zgodny z opisem PDF. Znacznik nie wskazuje dokładnego miejsca pojemnika.","https://s-trojmiasto.pl/download/pojemniki-pomorskie.pdf#page=14"
"Kasparus","Kasparus, Kasparus, gmina Osiek, powiat Starogardzki, Polska","Kasparus","Starogardzki","Osiek","940","1","brak","","","Opis nie pozwala jednoznacznie wskazać miejsca. Nie zastąpiono go środkiem miejscowości.","https://s-trojmiasto.pl/download/pojemniki-pomorskie.pdf#page=14"
"Osiek/Targowisko","Osiek/Targowisko, Osiek, gmina Osiek, powiat Starogardzki, Polska","Osiek","Starogardzki","Osiek","941","1","brak","","","Nie rozpoznano obu ulic skrzyżowania.","https://s-trojmiasto.pl/download/pojemniki-pomorskie.pdf#page=14"
"Wyzwolenia:Targ","Wyzwolenia:Targ, Osiek, gmina Osiek, powiat Starogardzki, Polska","Osiek","Starogardzki","Osiek","942","1","orientacyjnie","53.7219162","18.4960584","PDF podaje tylko nazwę ulicy, bez numeru. Znacznik opisuje ulicę, nie miejsce ustawienia pojemnika; po kliknięciu pokazano jej przebieg.","https://s-trojmiasto.pl/download/pojemniki-pomorskie.pdf#page=14"
"Wycinki","Wycinki, Wycinki, gmina Osiek, powiat Starogardzki, Polska","Wycinki","Starogardzki","Osiek","943","1","brak","","","Opis nie pozwala jednoznacznie wskazać miejsca. Nie zastąpiono go środkiem miejscowości.","https://s-trojmiasto.pl/download/pojemniki-pomorskie.pdf#page=14"
"Posesja Nr 101","Posesja Nr 101, Barłożno, gmina Skórcz, powiat Starogardzki, Polska","Barłożno","Starogardzki","Skórcz","944","1","adres","53.78035","18.5982","Dopasowano numer posesji w podanej miejscowości. To adres odniesienia, nie potwierdzona pozycja pojemnika.","https://s-trojmiasto.pl/download/pojemniki-pomorskie.pdf#page=14"
"Przy Kościele","Przy Kościele, Barłożno, gmina Skórcz, powiat Starogardzki, Polska","Barłożno","Starogardzki","Skórcz","945","1","brak","","","Opis nie pozwala jednoznacznie wskazać miejsca. Nie zastąpiono go środkiem miejscowości.","https://s-trojmiasto.pl/download/pojemniki-pomorskie.pdf#page=14"
"Parking","Parking, Czarny Las, gmina Skórcz, powiat Starogardzki, Polska","Czarny Las","Starogardzki","Skórcz","946","1","brak","","","Opis nie pozwala jednoznacznie wskazać miejsca. Nie zastąpiono go środkiem miejscowości. Do dopasowania użyto nazwy Czarnylas z OSM; zapis PDF zachowano.","https://s-trojmiasto.pl/download/pojemniki-pomorskie.pdf#page=14"
"Nowy Bukowiec 4","Nowy Bukowiec 4, Nowy Bukowiec, gmina Skórcz, powiat Starogardzki, Polska","Nowy Bukowiec","Starogardzki","Skórcz","947","1","adres","53.80501","18.47227","Dopasowano numer posesji w podanej miejscowości. To adres odniesienia, nie potwierdzona pozycja pojemnika.","https://s-trojmiasto.pl/download/pojemniki-pomorskie.pdf#page=14"
"Paczewo 44","Paczewo 44, Paczewo, gmina Skórcz, powiat Starogardzki, Polska","Paczewo","Starogardzki","Skórcz","948","1","adres","53.8474","18.52866","Dopasowano numer posesji w podanej miejscowości. To adres odniesienia, nie potwierdzona pozycja pojemnika.","https://s-trojmiasto.pl/download/pojemniki-pomorskie.pdf#page=14"
"Paczewo 6","Paczewo 6, Paczewo, gmina Skórcz, powiat Starogardzki, Polska","Paczewo","Starogardzki","Skórcz","949","1","adres","53.84728","18.53518","Dopasowano numer posesji w podanej miejscowości. To adres odniesienia, nie potwierdzona pozycja pojemnika.","https://s-trojmiasto.pl/download/pojemniki-pomorskie.pdf#page=14"
"Ogrodowa Przy Blokach","Ogrodowa Przy Blokach, Skórcz, gmina Skórcz, powiat Starogardzki, Polska","Skórcz","Starogardzki","Skórcz","950","1","orientacyjnie","53.7895971","18.5230747","PDF podaje tylko nazwę ulicy, bez numeru. Znacznik opisuje ulicę, nie miejsce ustawienia pojemnika; po kliknięciu pokazano jej przebieg.","https://s-trojmiasto.pl/download/pojemniki-pomorskie.pdf#page=14"
"Osiedlowa 8","Osiedlowa 8, Skórcz, gmina Skórcz, powiat Starogardzki, Polska","Skórcz","Starogardzki","Skórcz","951","1","orientacyjnie","53.7966309","18.5233746","Nie znaleziono numeru 8. Znacznik opisuje ulicę, nie miejsce ustawienia pojemnika; po kliknięciu pokazano jej przebieg.","https://s-trojmiasto.pl/download/pojemniki-pomorskie.pdf#page=14"
"Parkowa Na Terenie Targowiska","Parkowa Na Terenie Targowiska, Skórcz, gmina Skórcz, powiat Starogardzki, Polska","Skórcz","Starogardzki","Skórcz","952, 953","2","orientacyjnie","53.7972538","18.5282529","PDF podaje tylko nazwę ulicy, bez numeru. Znacznik opisuje ulicę, nie miejsce ustawienia pojemnika; po kliknięciu pokazano jej przebieg.","https://s-trojmiasto.pl/download/pojemniki-pomorskie.pdf#page=14"
"Pogodna/Konwaliowa","Pogodna/Konwaliowa, Skórcz, gmina Skórcz, powiat Starogardzki, Polska","Skórcz","Starogardzki","Skórcz","954","1","orientacyjnie","53.78602908855159","18.51459087298325","Orientacyjna lokalizacja skrzyżowania. Nie określa strony ulicy ani dokładnego miejsca pojemnika.","https://s-trojmiasto.pl/download/pojemniki-pomorskie.pdf#page=14"
"Schornaha Os. Młodych","Schornaha Os. Młodych, Skórcz, gmina Skórcz, powiat Starogardzki, Polska","Skórcz","Starogardzki","Skórcz","955","1","brak","","","Opis nie pozwala jednoznacznie wskazać miejsca. Nie zastąpiono go środkiem miejscowości.","https://s-trojmiasto.pl/download/pojemniki-pomorskie.pdf#page=14"
"Wolental 15 C","Wolental 15 C, Wolental, gmina Skórcz, powiat Starogardzki, Polska","Wolental","Starogardzki","Skórcz","956","1","adres","53.82814","18.53486","Dopasowano numer posesji w podanej miejscowości. To adres odniesienia, nie potwierdzona pozycja pojemnika.","https://s-trojmiasto.pl/download/pojemniki-pomorskie.pdf#page=14"
"Wolental 19A","Wolental 19A, Wolental, gmina Skórcz, powiat Starogardzki, Polska","Wolental","Starogardzki","Skórcz","957","1","adres","53.82547","18.53309","Dopasowano numer posesji w podanej miejscowości. To adres odniesienia, nie potwierdzona pozycja pojemnika.","https://s-trojmiasto.pl/download/pojemniki-pomorskie.pdf#page=14"
"Brak adresu w PDF","Kościelna Jania, gmina Smętowo Graniczne, powiat Starogardzki, Polska","Kościelna Jania","Starogardzki","Smętowo Graniczne","958","1","brak","","","Brak adresu i opisu lokalizacji w PDF. Wiersz źródłowy nie zawiera adresu ani opisu lokalizacji.","https://s-trojmiasto.pl/download/pojemniki-pomorskie.pdf#page=14"
"Brak adresu w PDF","Kościelna Jania, gmina Smętowo Graniczne, powiat Starogardzki, Polska","Kościelna Jania","Starogardzki","Smętowo Graniczne","959","1","brak","","","Brak adresu i opisu lokalizacji w PDF. Wiersz źródłowy nie zawiera adresu ani opisu lokalizacji.","https://s-trojmiasto.pl/download/pojemniki-pomorskie.pdf#page=14"
"Brak adresu w PDF","Smętowo Graniczne, gmina Smętowo Graniczne, powiat Starogardzki, Polska","Smętowo Graniczne","Starogardzki","Smętowo Graniczne","960","1","brak","","","Brak adresu i opisu lokalizacji w PDF. Wiersz źródłowy nie zawiera adresu ani opisu lokalizacji.","https://s-trojmiasto.pl/download/pojemniki-pomorskie.pdf#page=14"
"Brak adresu w PDF","Smętowo Graniczne, gmina Smętowo Graniczne, powiat Starogardzki, Polska","Smętowo Graniczne","Starogardzki","Smętowo Graniczne","961","1","brak","","","Brak adresu i opisu lokalizacji w PDF. Wiersz źródłowy nie zawiera adresu ani opisu lokalizacji.","https://s-trojmiasto.pl/download/pojemniki-pomorskie.pdf#page=14"
"Frąca","Frąca, Smętowo Graniczne, gmina Smętowo Graniczne, powiat Starogardzki, Polska","Smętowo Graniczne","Starogardzki","Smętowo Graniczne","962, 963","2","brak","","","Opis nie pozwala jednoznacznie wskazać miejsca. Nie zastąpiono go środkiem miejscowości. Opis adresu wskazuje miejscowość Frąca; kolumnę miejscowości z PDF zachowano bez zmian.","https://s-trojmiasto.pl/download/pojemniki-pomorskie.pdf#page=14"
"Kamionka","Kamionka, Smętowo Graniczne, gmina Smętowo Graniczne, powiat Starogardzki, Polska","Smętowo Graniczne","Starogardzki","Smętowo Graniczne","964, 965","2","brak","","","Opis nie pozwala jednoznacznie wskazać miejsca. Nie zastąpiono go środkiem miejscowości. Opis adresu wskazuje miejscowość Kamionka; kolumnę miejscowości z PDF zachowano bez zmian.","https://s-trojmiasto.pl/download/pojemniki-pomorskie.pdf#page=14"
"Kopytkowo","Kopytkowo, Smętowo Graniczne, gmina Smętowo Graniczne, powiat Starogardzki, Polska","Smętowo Graniczne","Starogardzki","Smętowo Graniczne","966, 967","2","orientacyjnie","53.7420404","18.6369774","PDF podaje tylko nazwę ulicy, bez numeru. Znacznik opisuje ulicę, nie miejsce ustawienia pojemnika; po kliknięciu pokazano jej przebieg. Opis adresu wskazuje miejscowość Kopytkowo; kolumnę miejscowości z PDF zachowano bez zmian.","https://s-trojmiasto.pl/download/pojemniki-pomorskie.pdf#page=14"
"3-Go Maja 12","3-Go Maja 12, Starogard Gdański, gmina Starogard Gdański, powiat Starogardzki, Polska","Starogard Gdański","Starogardzki","Starogard Gdański","968","1","brak","","","Nie dopasowano nazwy ulicy ani numeru posesji.","https://s-trojmiasto.pl/download/pojemniki-pomorskie.pdf#page=14"
"3-Go Maja 19","3-Go Maja 19, Starogard Gdański, gmina Starogard Gdański, powiat Starogardzki, Polska","Starogard Gdański","Starogardzki","Starogard Gdański","969","1","brak","","","Nie dopasowano nazwy ulicy ani numeru posesji.","https://s-trojmiasto.pl/download/pojemniki-pomorskie.pdf#page=14"
"60-Lecia 1","60-Lecia 1, Starogard Gdański, gmina Starogard Gdański, powiat Starogardzki, Polska","Starogard Gdański","Starogardzki","Starogard Gdański","970","1","brak","","","Nie dopasowano nazwy ulicy ani numeru posesji.","https://s-trojmiasto.pl/download/pojemniki-pomorskie.pdf#page=14"
"60-Lecia 11","60-Lecia 11, Starogard Gdański, gmina Starogard Gdański, powiat Starogardzki, Polska","Starogard Gdański","Starogardzki","Starogard Gdański","971","1","brak","","","Nie dopasowano nazwy ulicy ani numeru posesji.","https://s-trojmiasto.pl/download/pojemniki-pomorskie.pdf#page=14"
"60-Lecia 2","60-Lecia 2, Starogard Gdański, gmina Starogard Gdański, powiat Starogardzki, Polska","Starogard Gdański","Starogardzki","Starogard Gdański","972","1","brak","","","Nie dopasowano nazwy ulicy ani numeru posesji.","https://s-trojmiasto.pl/download/pojemniki-pomorskie.pdf#page=14"
"60-Lecia 3","60-Lecia 3, Starogard Gdański, gmina Starogard Gdański, powiat Starogardzki, Polska","Starogard Gdański","Starogardzki","Starogard Gdański","973","1","brak","","","Nie dopasowano nazwy ulicy ani numeru posesji.","https://s-trojmiasto.pl/download/pojemniki-pomorskie.pdf#page=14"
"60-Lecia 9","60-Lecia 9, Starogard Gdański, gmina Starogard Gdański, powiat Starogardzki, Polska","Starogard Gdański","Starogardzki","Starogard Gdański","974","1","brak","","","Nie dopasowano nazwy ulicy ani numeru posesji.","https://s-trojmiasto.pl/download/pojemniki-pomorskie.pdf#page=14"
"Bohaterów Getta 19","Bohaterów Getta 19, Starogard Gdański, gmina Starogard Gdański, powiat Starogardzki, Polska","Starogard Gdański","Starogardzki","Starogard Gdański","975","1","adres","53.9592671","18.5067","Dopasowano adres w OpenStreetMap. Punkt odnosi się do budynku/adresu, a nie do zweryfikowanej pozycji pojemnika.","https://s-trojmiasto.pl/download/pojemniki-pomorskie.pdf#page=14"
"Bohaterów Getta 4","Bohaterów Getta 4, Starogard Gdański, gmina Starogard Gdański, powiat Starogardzki, Polska","Starogard Gdański","Starogardzki","Starogard Gdański","976","1","adres","53.9596752","18.5052424","Dopasowano adres w OpenStreetMap. Punkt odnosi się do budynku/adresu, a nie do zweryfikowanej pozycji pojemnika.","https://s-trojmiasto.pl/download/pojemniki-pomorskie.pdf#page=14"
"Chełmońskiego 18","Chełmońskiego 18, Starogard Gdański, gmina Starogard Gdański, powiat Starogardzki, Polska","Starogard Gdański","Starogardzki","Starogard Gdański","977","1","adres","53.9545507","18.5305239","Dopasowano adres w OpenStreetMap. Punkt odnosi się do budynku/adresu, a nie do zweryfikowanej pozycji pojemnika.","https://s-trojmiasto.pl/download/pojemniki-pomorskie.pdf#page=14"
"Grunwaldzka 33-37","Grunwaldzka 33-37, Starogard Gdański, gmina Starogard Gdański, powiat Starogardzki, Polska","Starogard Gdański","Starogardzki","Starogard Gdański","978","1","orientacyjnie","53.9764707","18.5303089","Nie znaleziono całego zapisu numeru. Pokazano jeden z adresów należących do podanego zakresu; sprawdź opis z PDF.","https://s-trojmiasto.pl/download/pojemniki-pomorskie.pdf#page=14"
"Grunwaldzka 37","Grunwaldzka 37, Starogard Gdański, gmina Starogard Gdański, powiat Starogardzki, Polska","Starogard Gdański","Starogardzki","Starogard Gdański","979","1","adres","53.9766587","18.5309294","Dopasowano adres w OpenStreetMap. Punkt odnosi się do budynku/adresu, a nie do zweryfikowanej pozycji pojemnika.","https://s-trojmiasto.pl/download/pojemniki-pomorskie.pdf#page=14"
"I 3-Go Maja 5","I 3-Go Maja 5, Starogard Gdański, gmina Starogard Gdański, powiat Starogardzki, Polska","Starogard Gdański","Starogardzki","Starogard Gdański","980","1","brak","","","Nie dopasowano nazwy ulicy ani numeru posesji.","https://s-trojmiasto.pl/download/pojemniki-pomorskie.pdf#page=14"
"Iwaszkiewicza 5","Iwaszkiewicza 5, Starogard Gdański, gmina Starogard Gdański, powiat Starogardzki, Polska","Starogard Gdański","Starogardzki","Starogard Gdański","981","1","adres","53.9751252","18.5442786","Dopasowano adres w OpenStreetMap. Punkt odnosi się do budynku/adresu, a nie do zweryfikowanej pozycji pojemnika.","https://s-trojmiasto.pl/download/pojemniki-pomorskie.pdf#page=14"
"Juranta Ze Spychowa 3","Juranta Ze Spychowa 3, Starogard Gdański, gmina Starogard Gdański, powiat Starogardzki, Polska","Starogard Gdański","Starogardzki","Starogard Gdański","982","1","brak","","","Nie dopasowano nazwy ulicy ani numeru posesji.","https://s-trojmiasto.pl/download/pojemniki-pomorskie.pdf#page=14"
"Kociewska 6","Kociewska 6, Starogard Gdański, gmina Starogard Gdański, powiat Starogardzki, Polska","Starogard Gdański","Starogardzki","Starogard Gdański","983, 984","2","adres","53.9622229","18.5132618","Dopasowano adres w OpenStreetMap. Punkt odnosi się do budynku/adresu, a nie do zweryfikowanej pozycji pojemnika.","https://s-trojmiasto.pl/download/pojemniki-pomorskie.pdf#page=14"
"Kociewska Tesco","Kociewska Tesco, Starogard Gdański, gmina Starogard Gdański, powiat Starogardzki, Polska","Starogard Gdański","Starogardzki","Starogard Gdański","985","1","orientacyjnie","53.9590979","18.5141886","PDF podaje tylko nazwę ulicy, bez numeru. Znacznik opisuje ulicę, nie miejsce ustawienia pojemnika; po kliknięciu pokazano jej przebieg.","https://s-trojmiasto.pl/download/pojemniki-pomorskie.pdf#page=14"
"Kolejowa 14","Kolejowa 14, Starogard Gdański, gmina Starogard Gdański, powiat Starogardzki, Polska","Starogard Gdański","Starogardzki","Starogard Gdański","986","1","adres","53.9767281","18.5274872","Dopasowano adres w OpenStreetMap. Punkt odnosi się do budynku/adresu, a nie do zweryfikowanej pozycji pojemnika.","https://s-trojmiasto.pl/download/pojemniki-pomorskie.pdf#page=14"
"Kopernika 11A","Kopernika 11A, Starogard Gdański, gmina Starogard Gdański, powiat Starogardzki, Polska","Starogard Gdański","Starogardzki","Starogard Gdański","987","1","adres","53.960691","18.5314858","Dopasowano adres w OpenStreetMap. Punkt odnosi się do budynku/adresu, a nie do zweryfikowanej pozycji pojemnika.","https://s-trojmiasto.pl/download/pojemniki-pomorskie.pdf#page=14"
"Kopernika 32A","Kopernika 32A, Starogard Gdański, gmina Starogard Gdański, powiat Starogardzki, Polska","Starogard Gdański","Starogardzki","Starogard Gdański","988","1","adres","53.9604385","18.536666","Dopasowano adres w OpenStreetMap. Punkt odnosi się do budynku/adresu, a nie do zweryfikowanej pozycji pojemnika.","https://s-trojmiasto.pl/download/pojemniki-pomorskie.pdf#page=14"
"Krasickiego 4","Krasickiego 4, Starogard Gdański, gmina Starogard Gdański, powiat Starogardzki, Polska","Starogard Gdański","Starogardzki","Starogard Gdański","989","1","adres","53.97868","18.5388154","Dopasowano adres w OpenStreetMap. Punkt odnosi się do budynku/adresu, a nie do zweryfikowanej pozycji pojemnika.","https://s-trojmiasto.pl/download/pojemniki-pomorskie.pdf#page=14"
"Krasickiego/Traugutta","Krasickiego/Traugutta, Starogard Gdański, gmina Starogard Gdański, powiat Starogardzki, Polska","Starogard Gdański","Starogardzki","Starogard Gdański","990","1","orientacyjnie","53.978958000000006","18.5357311","Orientacyjna lokalizacja skrzyżowania. Nie określa strony ulicy ani dokładnego miejsca pojemnika.","https://s-trojmiasto.pl/download/pojemniki-pomorskie.pdf#page=14"
"Nad Jarem 15","Nad Jarem 15, Starogard Gdański, gmina Starogard Gdański, powiat Starogardzki, Polska","Starogard Gdański","Starogardzki","Starogard Gdański","991","1","adres","53.9640953","18.5002625","Dopasowano adres w OpenStreetMap. Punkt odnosi się do budynku/adresu, a nie do zweryfikowanej pozycji pojemnika.","https://s-trojmiasto.pl/download/pojemniki-pomorskie.pdf#page=14"
"Nierzwickiego 1","Nierzwickiego 1, Starogard Gdański, gmina Starogard Gdański, powiat Starogardzki, Polska","Starogard Gdański","Starogardzki","Starogard Gdański","992","1","adres","53.9622663","18.4939628","Dopasowano adres w OpenStreetMap. Punkt odnosi się do budynku/adresu, a nie do zweryfikowanej pozycji pojemnika.","https://s-trojmiasto.pl/download/pojemniki-pomorskie.pdf#page=14"
"Os. Piastów 8","Os. Piastów 8, Starogard Gdański, gmina Starogard Gdański, powiat Starogardzki, Polska","Starogard Gdański","Starogardzki","Starogard Gdański","993","1","adres","53.9627672","18.4972075","Dopasowano adres w OpenStreetMap. Punkt odnosi się do budynku/adresu, a nie do zweryfikowanej pozycji pojemnika.","https://s-trojmiasto.pl/download/pojemniki-pomorskie.pdf#page=15"
"Osiedlowa 5","Osiedlowa 5, Starogard Gdański, gmina Starogard Gdański, powiat Starogardzki, Polska","Starogard Gdański","Starogardzki","Starogard Gdański","994","1","adres","53.9753792","18.5245461","Dopasowano adres w OpenStreetMap. Punkt odnosi się do budynku/adresu, a nie do zweryfikowanej pozycji pojemnika.","https://s-trojmiasto.pl/download/pojemniki-pomorskie.pdf#page=15"
"Parkowa 4","Parkowa 4, Starogard Gdański, gmina Starogard Gdański, powiat Starogardzki, Polska","Starogard Gdański","Starogardzki","Starogard Gdański","995, 996","2","adres","53.9690157","18.5176778","Dopasowano adres w OpenStreetMap. Punkt odnosi się do budynku/adresu, a nie do zweryfikowanej pozycji pojemnika.","https://s-trojmiasto.pl/download/pojemniki-pomorskie.pdf#page=15"
"Sadowa Boisko","Sadowa Boisko, Starogard Gdański, gmina Starogard Gdański, powiat Starogardzki, Polska","Starogard Gdański","Starogardzki","Starogard Gdański","997","1","orientacyjnie","53.9777828","18.5212506","Orientacyjny pobliski obiekt zgodny z opisem PDF. Znacznik nie wskazuje dokładnego miejsca pojemnika.","https://s-trojmiasto.pl/download/pojemniki-pomorskie.pdf#page=15"
"Sadowa/Poprzeczna","Sadowa/Poprzeczna, Starogard Gdański, gmina Starogard Gdański, powiat Starogardzki, Polska","Starogard Gdański","Starogardzki","Starogard Gdański","998","1","brak","","","Nie rozpoznano jednoznacznie skrzyżowania tych ulic w danych mapowych.","https://s-trojmiasto.pl/download/pojemniki-pomorskie.pdf#page=15"
"Skalskiego 1","Skalskiego 1, Starogard Gdański, gmina Starogard Gdański, powiat Starogardzki, Polska","Starogard Gdański","Starogardzki","Starogard Gdański","999","1","adres","53.9609121","18.5138847","Dopasowano adres w OpenStreetMap. Punkt odnosi się do budynku/adresu, a nie do zweryfikowanej pozycji pojemnika.","https://s-trojmiasto.pl/download/pojemniki-pomorskie.pdf#page=15"
"Skłodowskiej-Curie","Skłodowskiej-Curie, Starogard Gdański, gmina Starogard Gdański, powiat Starogardzki, Polska","Starogard Gdański","Starogardzki","Starogard Gdański","1000","1","orientacyjnie","53.9668239","18.5221597","PDF podaje tylko nazwę ulicy, bez numeru. Znacznik opisuje ulicę, nie miejsce ustawienia pojemnika; po kliknięciu pokazano jej przebieg.","https://s-trojmiasto.pl/download/pojemniki-pomorskie.pdf#page=15"
"Sobieskiego 18","Sobieskiego 18, Starogard Gdański, gmina Starogard Gdański, powiat Starogardzki, Polska","Starogard Gdański","Starogardzki","Starogard Gdański","1001","1","adres","53.9670487","18.5350367","Dopasowano adres w OpenStreetMap. Punkt odnosi się do budynku/adresu, a nie do zweryfikowanej pozycji pojemnika.","https://s-trojmiasto.pl/download/pojemniki-pomorskie.pdf#page=15"
"Szumana 3","Szumana 3, Starogard Gdański, gmina Starogard Gdański, powiat Starogardzki, Polska","Starogard Gdański","Starogardzki","Starogard Gdański","1002","1","adres","53.9624247","18.5366561","Dopasowano adres w OpenStreetMap. Punkt odnosi się do budynku/adresu, a nie do zweryfikowanej pozycji pojemnika.","https://s-trojmiasto.pl/download/pojemniki-pomorskie.pdf#page=15"
"Ściegiennego 36","Ściegiennego 36, Starogard Gdański, gmina Starogard Gdański, powiat Starogardzki, Polska","Starogard Gdański","Starogardzki","Starogard Gdański","1003","1","adres","53.9691803","18.5108105","Dopasowano adres w OpenStreetMap. Punkt odnosi się do budynku/adresu, a nie do zweryfikowanej pozycji pojemnika.","https://s-trojmiasto.pl/download/pojemniki-pomorskie.pdf#page=15"
"Ściegiennego 3A","Ściegiennego 3A, Starogard Gdański, gmina Starogard Gdański, powiat Starogardzki, Polska","Starogard Gdański","Starogardzki","Starogard Gdański","1004","1","adres","53.9685031","18.5155474","Dopasowano adres w OpenStreetMap. Punkt odnosi się do budynku/adresu, a nie do zweryfikowanej pozycji pojemnika.","https://s-trojmiasto.pl/download/pojemniki-pomorskie.pdf#page=15"
"Traugutta 36","Traugutta 36, Starogard Gdański, gmina Starogard Gdański, powiat Starogardzki, Polska","Starogard Gdański","Starogardzki","Starogard Gdański","1005","1","adres","53.9775897","18.5364298","Dopasowano adres w OpenStreetMap. Punkt odnosi się do budynku/adresu, a nie do zweryfikowanej pozycji pojemnika.","https://s-trojmiasto.pl/download/pojemniki-pomorskie.pdf#page=15"
"Żeromskiego 18","Żeromskiego 18, Starogard Gdański, gmina Starogard Gdański, powiat Starogardzki, Polska","Starogard Gdański","Starogardzki","Starogard Gdański","1006","1","adres","53.9582441","18.5345253","Dopasowano adres w OpenStreetMap. Punkt odnosi się do budynku/adresu, a nie do zweryfikowanej pozycji pojemnika.","https://s-trojmiasto.pl/download/pojemniki-pomorskie.pdf#page=15"
"Lipowa 5A","Lipowa 5A, Borzechowo, gmina Zblewo, powiat Starogardzki, Polska","Borzechowo","Starogardzki","Zblewo","1007","1","orientacyjnie","53.8933978","18.3501858","Nie znaleziono numeru 5A. Znacznik opisuje ulicę, nie miejsce ustawienia pojemnika; po kliknięciu pokazano jej przebieg.","https://s-trojmiasto.pl/download/pojemniki-pomorskie.pdf#page=15"
"Posesja 8","Posesja 8, Borzechowo, gmina Zblewo, powiat Starogardzki, Polska","Borzechowo","Starogardzki","Zblewo","1008","1","brak","","","Nie dopasowano nazwy ulicy ani numeru posesji.","https://s-trojmiasto.pl/download/pojemniki-pomorskie.pdf#page=15"
"Szkolna 11","Szkolna 11, Borzechowo, gmina Zblewo, powiat Starogardzki, Polska","Borzechowo","Starogardzki","Zblewo","1009, 1010","2","adres","53.89103","18.35301","Dopasowano adres w OpenStreetMap. Punkt odnosi się do budynku/adresu, a nie do zweryfikowanej pozycji pojemnika.","https://s-trojmiasto.pl/download/pojemniki-pomorskie.pdf#page=15"
"Hoffmana 1","Hoffmana 1, Pinczyn, gmina Zblewo, powiat Starogardzki, Polska","Pinczyn","Starogardzki","Zblewo","1011","1","brak","","","Nie dopasowano nazwy ulicy ani numeru posesji.","https://s-trojmiasto.pl/download/pojemniki-pomorskie.pdf#page=15"
"Semlińska 39","Semlińska 39, Pinczyn, gmina Zblewo, powiat Starogardzki, Polska","Pinczyn","Starogardzki","Zblewo","1012","1","adres","53.96854","18.35323","Dopasowano adres w OpenStreetMap. Punkt odnosi się do budynku/adresu, a nie do zweryfikowanej pozycji pojemnika.","https://s-trojmiasto.pl/download/pojemniki-pomorskie.pdf#page=15"
"Białachowo 8","Białachowo 8, Zblewo, gmina Zblewo, powiat Starogardzki, Polska","Zblewo","Starogardzki","Zblewo","1013","1","adres","53.92012","18.34687","Dopasowano numer posesji w podanej miejscowości. To adres odniesienia, nie potwierdzona pozycja pojemnika. Opis adresu wskazuje miejscowość Białachowo; kolumnę miejscowości z PDF zachowano bez zmian.","https://s-trojmiasto.pl/download/pojemniki-pomorskie.pdf#page=15"
"Kleszczewo Kościerskie","Kleszczewo Kościerskie, Zblewo, gmina Zblewo, powiat Starogardzki, Polska","Zblewo","Starogardzki","Zblewo","1014","1","brak","","","Opis nie pozwala jednoznacznie wskazać miejsca. Nie zastąpiono go środkiem miejscowości. Opis adresu wskazuje miejscowość Kleszczewo Kościerskie; kolumnę miejscowości z PDF zachowano bez zmian.","https://s-trojmiasto.pl/download/pojemniki-pomorskie.pdf#page=15"
"Kleszczowo Kościerskie 42","Kleszczowo Kościerskie 42, Zblewo, gmina Zblewo, powiat Starogardzki, Polska","Zblewo","Starogardzki","Zblewo","1015","1","brak","","","Nie dopasowano nazwy ulicy ani numeru posesji.","https://s-trojmiasto.pl/download/pojemniki-pomorskie.pdf#page=15"
"Kościelna","Kościelna, Zblewo, gmina Zblewo, powiat Starogardzki, Polska","Zblewo","Starogardzki","Zblewo","1016, 1017","2","orientacyjnie","53.9332252","18.3252352","PDF podaje tylko nazwę ulicy, bez numeru. Znacznik opisuje ulicę, nie miejsce ustawienia pojemnika; po kliknięciu pokazano jej przebieg.","https://s-trojmiasto.pl/download/pojemniki-pomorskie.pdf#page=15"
"Łąkowa 1B","Łąkowa 1B, Zblewo, gmina Zblewo, powiat Starogardzki, Polska","Zblewo","Starogardzki","Zblewo","1018","1","adres","53.93783","18.3297","Dopasowano adres w OpenStreetMap. Punkt odnosi się do budynku/adresu, a nie do zweryfikowanej pozycji pojemnika.","https://s-trojmiasto.pl/download/pojemniki-pomorskie.pdf#page=15"
"Mały Bukowiec","Mały Bukowiec, Zblewo, gmina Zblewo, powiat Starogardzki, Polska","Zblewo","Starogardzki","Zblewo","1019","1","brak","","","Opis nie pozwala jednoznacznie wskazać miejsca. Nie zastąpiono go środkiem miejscowości. Opis adresu wskazuje miejscowość Mały Bukowiec; kolumnę miejscowości z PDF zachowano bez zmian.","https://s-trojmiasto.pl/download/pojemniki-pomorskie.pdf#page=15"
"Miradowo","Miradowo, Zblewo, gmina Zblewo, powiat Starogardzki, Polska","Zblewo","Starogardzki","Zblewo","1020","1","brak","","","Opis nie pozwala jednoznacznie wskazać miejsca. Nie zastąpiono go środkiem miejscowości. Opis adresu wskazuje miejscowość Miradowo; kolumnę miejscowości z PDF zachowano bez zmian.","https://s-trojmiasto.pl/download/pojemniki-pomorskie.pdf#page=15"
"Młyńska 8","Młyńska 8, Zblewo, gmina Zblewo, powiat Starogardzki, Polska","Zblewo","Starogardzki","Zblewo","1021","1","adres","53.93409","18.3326","Dopasowano adres w OpenStreetMap. Punkt odnosi się do budynku/adresu, a nie do zweryfikowanej pozycji pojemnika.","https://s-trojmiasto.pl/download/pojemniki-pomorskie.pdf#page=15"
"Pałubinek 10","Pałubinek 10, Zblewo, gmina Zblewo, powiat Starogardzki, Polska","Zblewo","Starogardzki","Zblewo","1022","1","adres","53.96261","18.31574","Dopasowano numer posesji w podanej miejscowości. To adres odniesienia, nie potwierdzona pozycja pojemnika. Opis adresu wskazuje miejscowość Pałubinek; kolumnę miejscowości z PDF zachowano bez zmian.","https://s-trojmiasto.pl/download/pojemniki-pomorskie.pdf#page=15"
"Piesienica 2","Piesienica 2, Zblewo, gmina Zblewo, powiat Starogardzki, Polska","Zblewo","Starogardzki","Zblewo","1023","1","adres","53.9555042","18.3971232","Dopasowano numer posesji w podanej miejscowości. To adres odniesienia, nie potwierdzona pozycja pojemnika. Opis adresu wskazuje miejscowość Piesienica; kolumnę miejscowości z PDF zachowano bez zmian.","https://s-trojmiasto.pl/download/pojemniki-pomorskie.pdf#page=15"
"Plac 700-Lecia","Plac 700-Lecia, Zblewo, gmina Zblewo, powiat Starogardzki, Polska","Zblewo","Starogardzki","Zblewo","1024, 1025, 1026, 1027, 1028","5","orientacyjnie","53.9345142","18.3279657","PDF podaje tylko nazwę ulicy, bez numeru. Znacznik opisuje ulicę, nie miejsce ustawienia pojemnika; po kliknięciu pokazano jej przebieg.","https://s-trojmiasto.pl/download/pojemniki-pomorskie.pdf#page=15"
"Północna 23","Północna 23, Zblewo, gmina Zblewo, powiat Starogardzki, Polska","Zblewo","Starogardzki","Zblewo","1029","1","adres","53.94043","18.31555","Dopasowano adres w OpenStreetMap. Punkt odnosi się do budynku/adresu, a nie do zweryfikowanej pozycji pojemnika.","https://s-trojmiasto.pl/download/pojemniki-pomorskie.pdf#page=15"
"Radziejowo 5","Radziejowo 5, Zblewo, gmina Zblewo, powiat Starogardzki, Polska","Zblewo","Starogardzki","Zblewo","1030","1","brak","","","Nie dopasowano nazwy ulicy ani numeru posesji.","https://s-trojmiasto.pl/download/pojemniki-pomorskie.pdf#page=15"
"Semlin 59","Semlin 59, Zblewo, gmina Zblewo, powiat Starogardzki, Polska","Zblewo","Starogardzki","Zblewo","1031","1","orientacyjnie","53.97904","18.3963","Dopasowano historyczny numer posesji zapisany w OSM. Aktualny adres może być inny; sprawdź opis źródłowy. Opis adresu wskazuje miejscowość Semlin; kolumnę miejscowości z PDF zachowano bez zmian.","https://s-trojmiasto.pl/download/pojemniki-pomorskie.pdf#page=15"
"Słoneczna/Akacjowa","Słoneczna/Akacjowa, Zblewo, gmina Zblewo, powiat Starogardzki, Polska","Zblewo","Starogardzki","Zblewo","1032","1","orientacyjnie","53.938535","18.3214123","Orientacyjna lokalizacja skrzyżowania. Nie określa strony ulicy ani dokładnego miejsca pojemnika.","https://s-trojmiasto.pl/download/pojemniki-pomorskie.pdf#page=15"
"Topolowa 4","Topolowa 4, Zblewo, gmina Zblewo, powiat Starogardzki, Polska","Zblewo","Starogardzki","Zblewo","1033, 1034","2","adres","53.93944","18.32066","Dopasowano adres w OpenStreetMap. Punkt odnosi się do budynku/adresu, a nie do zweryfikowanej pozycji pojemnika.","https://s-trojmiasto.pl/download/pojemniki-pomorskie.pdf#page=15"
"3 Maja 8:","3 Maja 8:, Dzierzgoń, gmina Dzierzgoń, powiat Sztumiński, Polska","Dzierzgoń","Sztumiński","Dzierzgoń","1035","1","adres","53.9249388","19.3483885","Dopasowano adres w OpenStreetMap. Punkt odnosi się do budynku/adresu, a nie do zweryfikowanej pozycji pojemnika.","https://s-trojmiasto.pl/download/pojemniki-pomorskie.pdf#page=15"
"Elbląska Os. Jagiełły Zagroda Smietnikowa","Elbląska Os. Jagiełły Zagroda Smietnikowa, Dzierźgoń, gmina Dzierzgoń, powiat Sztumiński, Polska","Dzierźgoń","Sztumiński","Dzierzgoń","1036","1","orientacyjnie","53.9261984","19.3443109","PDF podaje tylko nazwę ulicy, bez numeru. Znacznik opisuje ulicę, nie miejsce ustawienia pojemnika; po kliknięciu pokazano jej przebieg.","https://s-trojmiasto.pl/download/pojemniki-pomorskie.pdf#page=15"
"Przemysłowa Za Blokiem Nr 9","Przemysłowa Za Blokiem Nr 9, Dzierźgoń, gmina Dzierzgoń, powiat Sztumiński, Polska","Dzierźgoń","Sztumiński","Dzierzgoń","1037","1","adres","53.9225118","19.3446264","Dopasowano adres w OpenStreetMap. Punkt odnosi się do budynku/adresu, a nie do zweryfikowanej pozycji pojemnika.","https://s-trojmiasto.pl/download/pojemniki-pomorskie.pdf#page=15"
"Cieszymowo Plac Zabaw","Cieszymowo Plac Zabaw, Mikołajki Pomorskie, gmina Mikołajki Pomorskie, powiat Sztumiński, Polska","Mikołajki Pomorskie","Sztumiński","Mikołajki Pomorskie","1038","1","brak","","","Opis nie pozwala jednoznacznie wskazać miejsca. Nie zastąpiono go środkiem miejscowości. Opis adresu wskazuje miejscowość Cieszymowo; kolumnę miejscowości z PDF zachowano bez zmian.","https://s-trojmiasto.pl/download/pojemniki-pomorskie.pdf#page=15"
"Dworek Eco","Dworek Eco, Mikołajki Pomorskie, gmina Mikołajki Pomorskie, powiat Sztumiński, Polska","Mikołajki Pomorskie","Sztumiński","Mikołajki Pomorskie","1039","1","brak","","","Opis nie pozwala jednoznacznie wskazać miejsca. Nie zastąpiono go środkiem miejscowości. Opis adresu wskazuje miejscowość Dworek; kolumnę miejscowości z PDF zachowano bez zmian.","https://s-trojmiasto.pl/download/pojemniki-pomorskie.pdf#page=15"
"Poczta","Poczta, Mikołajki Pomorskie, gmina Mikołajki Pomorskie, powiat Sztumiński, Polska","Mikołajki Pomorskie","Sztumiński","Mikołajki Pomorskie","1040, 1041","2","brak","","","Opis nie pozwala jednoznacznie wskazać miejsca. Nie zastąpiono go środkiem miejscowości.","https://s-trojmiasto.pl/download/pojemniki-pomorskie.pdf#page=15"
"Świetlica","Świetlica, Lubochowo, gmina Stary Dzierzgoń, powiat Sztumiński, Polska","Lubochowo","Sztumiński","Stary Dzierzgoń","1042","1","brak","","","Opis nie pozwala jednoznacznie wskazać miejsca. Nie zastąpiono go środkiem miejscowości.","https://s-trojmiasto.pl/download/pojemniki-pomorskie.pdf#page=15"
"Świetlica","Świetlica, Myślice, gmina Stary Dzierzgoń, powiat Sztumiński, Polska","Myślice","Sztumiński","Stary Dzierzgoń","1043","1","brak","","","Opis nie pozwala jednoznacznie wskazać miejsca. Nie zastąpiono go środkiem miejscowości.","https://s-trojmiasto.pl/download/pojemniki-pomorskie.pdf#page=15"
"Przystanek Pks","Przystanek Pks, Przezmark, gmina Stary Dzierzgoń, powiat Sztumiński, Polska","Przezmark","Sztumiński","Stary Dzierzgoń","1044","1","brak","","","Opis nie pozwala jednoznacznie wskazać miejsca. Nie zastąpiono go środkiem miejscowości.","https://s-trojmiasto.pl/download/pojemniki-pomorskie.pdf#page=15"
"Świetlica Na Przeciw Domu Sołtysa","Świetlica Na Przeciw Domu Sołtysa, Stare Miasto, gmina Stary Dzierzgoń, powiat Sztumiński, Polska","Stare Miasto","Sztumiński","Stary Dzierzgoń","1045","1","brak","","","Opis nie pozwala jednoznacznie wskazać miejsca. Nie zastąpiono go środkiem miejscowości.","https://s-trojmiasto.pl/download/pojemniki-pomorskie.pdf#page=15"
"Lubochowo 53 Pks","Lubochowo 53 Pks, Stary Dzierzgoń, gmina Stary Dzierzgoń, powiat Sztumiński, Polska","Stary Dzierzgoń","Sztumiński","Stary Dzierzgoń","1046","1","adres","53.8966194","19.4623525","Dopasowano numer posesji w podanej miejscowości. To adres odniesienia, nie potwierdzona pozycja pojemnika. Opis adresu wskazuje miejscowość Lubochowo; kolumnę miejscowości z PDF zachowano bez zmian.","https://s-trojmiasto.pl/download/pojemniki-pomorskie.pdf#page=15"
"Stary Dzierzgoń Kościół","Stary Dzierzgoń Kościół, Stary Dzierzgoń, gmina Stary Dzierzgoń, powiat Sztumiński, Polska","Stary Dzierzgoń","Sztumiński","Stary Dzierzgoń","1047","1","orientacyjnie","53.8415261","19.4021517","Orientacyjny pobliski obiekt zgodny z opisem PDF. Znacznik nie wskazuje dokładnego miejsca pojemnika.","https://s-trojmiasto.pl/download/pojemniki-pomorskie.pdf#page=15"
"Przystanek Mpk","Przystanek Mpk, Klecewo, gmina Stary Targ, powiat Sztumiński, Polska","Klecewo","Sztumiński","Stary Targ","1048","1","brak","","","Opis nie pozwala jednoznacznie wskazać miejsca. Nie zastąpiono go środkiem miejscowości.","https://s-trojmiasto.pl/download/pojemniki-pomorskie.pdf#page=15"
"Nr Domu 7","Nr Domu 7, Mlecewo, gmina Stary Targ, powiat Sztumiński, Polska","Mlecewo","Sztumiński","Stary Targ","1049","1","brak","","","Nie rozpoznano miejscowości w pobranych danych OSM.","https://s-trojmiasto.pl/download/pojemniki-pomorskie.pdf#page=15"
"22 Lipca 2","22 Lipca 2, Stary Targ, gmina Stary Targ, powiat Sztumiński, Polska","Stary Targ","Sztumiński","Stary Targ","1050","1","orientacyjnie","53.9216998","19.1703587","Nie znaleziono numeru 2. Znacznik opisuje ulicę, nie miejsce ustawienia pojemnika; po kliknięciu pokazano jej przebieg.","https://s-trojmiasto.pl/download/pojemniki-pomorskie.pdf#page=15"
"Parking Koło Byłej Poczty","Parking Koło Byłej Poczty, Stary Targ, gmina Stary Targ, powiat Sztumiński, Polska","Stary Targ","Sztumiński","Stary Targ","1051","1","brak","","","Opis nie pozwala jednoznacznie wskazać miejsca. Nie zastąpiono go środkiem miejscowości.","https://s-trojmiasto.pl/download/pojemniki-pomorskie.pdf#page=15"
"Za Przystankiem Mpk","Za Przystankiem Mpk, Stary Targ, gmina Stary Targ, powiat Sztumiński, Polska","Stary Targ","Sztumiński","Stary Targ","1052","1","brak","","","Opis nie pozwala jednoznacznie wskazać miejsca. Nie zastąpiono go środkiem miejscowości.","https://s-trojmiasto.pl/download/pojemniki-pomorskie.pdf#page=15"
"Za Sklepem Margaretka","Za Sklepem Margaretka, Stary Targ, gmina Stary Targ, powiat Sztumiński, Polska","Stary Targ","Sztumiński","Stary Targ","1053","1","orientacyjnie","53.9230872","19.1696681","Orientacyjny pobliski obiekt zgodny z opisem PDF. Znacznik nie wskazuje dokładnego miejsca pojemnika.","https://s-trojmiasto.pl/download/pojemniki-pomorskie.pdf#page=15"
"Gminny Ośrodek Kultury","Gminny Ośrodek Kultury, Stary Targ, gmina Stary Targ, powiat Sztumiński, Polska","Stary Targ","Sztumiński","Stary Targ","1054","1","brak","","","Opis nie pozwala jednoznacznie wskazać miejsca. Nie zastąpiono go środkiem miejscowości.","https://s-trojmiasto.pl/download/pojemniki-pomorskie.pdf#page=15"
"Osiedle Zielonki","Osiedle Zielonki, Szropy, gmina Stary Targ, powiat Sztumiński, Polska","Szropy","Sztumiński","Stary Targ","1055","1","brak","","","Opis nie pozwala jednoznacznie wskazać miejsca. Nie zastąpiono go środkiem miejscowości. Opis adresu wskazuje miejscowość Osiedle; kolumnę miejscowości z PDF zachowano bez zmian.","https://s-trojmiasto.pl/download/pojemniki-pomorskie.pdf#page=15"
"Straż Pożarna","Straż Pożarna, Szropy, gmina Stary Targ, powiat Sztumiński, Polska","Szropy","Sztumiński","Stary Targ","1056","1","brak","","","Opis nie pozwala jednoznacznie wskazać miejsca. Nie zastąpiono go środkiem miejscowości.","https://s-trojmiasto.pl/download/pojemniki-pomorskie.pdf#page=15"
"Swietlica Wiejska","Swietlica Wiejska, Szropy, gmina Stary Targ, powiat Sztumiński, Polska","Szropy","Sztumiński","Stary Targ","1057","1","brak","","","Opis nie pozwala jednoznacznie wskazać miejsca. Nie zastąpiono go środkiem miejscowości.","https://s-trojmiasto.pl/download/pojemniki-pomorskie.pdf#page=15"
"Szkoła Podstawowa","Szkoła Podstawowa, Szropy, gmina Stary Targ, powiat Sztumiński, Polska","Szropy","Sztumiński","Stary Targ","1058","1","orientacyjnie","53.9844906","19.1519342","Orientacyjny pobliski obiekt zgodny z opisem PDF. Znacznik nie wskazuje dokładnego miejsca pojemnika.","https://s-trojmiasto.pl/download/pojemniki-pomorskie.pdf#page=15"
"Droga Gminna","Droga Gminna, Szropy, gmina Stary Targ, powiat Sztumiński, Polska","Szropy","Sztumiński","Stary Targ","1059","1","brak","","","Opis nie pozwala jednoznacznie wskazać miejsca. Nie zastąpiono go środkiem miejscowości.","https://s-trojmiasto.pl/download/pojemniki-pomorskie.pdf#page=15"
"Swietlica Wiejska","Swietlica Wiejska, Waplewo, gmina Stary Targ, powiat Sztumiński, Polska","Waplewo","Sztumiński","Stary Targ","1060","1","brak","","","Opis nie pozwala jednoznacznie wskazać miejsca. Nie zastąpiono go środkiem miejscowości.","https://s-trojmiasto.pl/download/pojemniki-pomorskie.pdf#page=15"
"Szkoła Podstawowa","Szkoła Podstawowa, Waplewo Wielkie, gmina Stary Targ, powiat Sztumiński, Polska","Waplewo Wielkie","Sztumiński","Stary Targ","1061","1","orientacyjnie","53.9282762","19.235022","Orientacyjny pobliski obiekt zgodny z opisem PDF. Znacznik nie wskazuje dokładnego miejsca pojemnika.","https://s-trojmiasto.pl/download/pojemniki-pomorskie.pdf#page=15"
"Bloki","Bloki, Waplewo Wielkie, gmina Stary Targ, powiat Sztumiński, Polska","Waplewo Wielkie","Sztumiński","Stary Targ","1062","1","brak","","","Opis nie pozwala jednoznacznie wskazać miejsca. Nie zastąpiono go środkiem miejscowości.","https://s-trojmiasto.pl/download/pojemniki-pomorskie.pdf#page=15"
"Baczyńskiego 10 A","Baczyńskiego 10 A, Sztum, gmina Sztum, powiat Sztumiński, Polska","Sztum","Sztumiński","Sztum","1063","1","orientacyjnie","53.916956","19.0338884","Nie znaleziono dokładnego oznaczenia budynku lub klatki. Pokazano adres o tym samym numerze podstawowym.","https://s-trojmiasto.pl/download/pojemniki-pomorskie.pdf#page=15"
"Lipowa Chełmińska","Lipowa Chełmińska, Sztum, gmina Sztum, powiat Sztumiński, Polska","Sztum","Sztumiński","Sztum","1064","1","orientacyjnie","53.9204074","19.0327481","PDF podaje tylko nazwę ulicy, bez numeru. Znacznik opisuje ulicę, nie miejsce ustawienia pojemnika; po kliknięciu pokazano jej przebieg.","https://s-trojmiasto.pl/download/pojemniki-pomorskie.pdf#page=16"
"Mickiewicza 48A","Mickiewicza 48A, Sztum, gmina Sztum, powiat Sztumiński, Polska","Sztum","Sztumiński","Sztum","1065","1","adres","53.920989","19.0319834","Dopasowano adres w OpenStreetMap. Punkt odnosi się do budynku/adresu, a nie do zweryfikowanej pozycji pojemnika.","https://s-trojmiasto.pl/download/pojemniki-pomorskie.pdf#page=16"
"Młyńska 12","Młyńska 12, Sztum, gmina Sztum, powiat Sztumiński, Polska","Sztum","Sztumiński","Sztum","1066","1","adres","53.9167884","19.0375898","Dopasowano adres w OpenStreetMap. Punkt odnosi się do budynku/adresu, a nie do zweryfikowanej pozycji pojemnika.","https://s-trojmiasto.pl/download/pojemniki-pomorskie.pdf#page=16"
"Morawskiego 3","Morawskiego 3, Sztum, gmina Sztum, powiat Sztumiński, Polska","Sztum","Sztumiński","Sztum","1067","1","adres","53.9180564","19.0321905","Dopasowano adres w OpenStreetMap. Punkt odnosi się do budynku/adresu, a nie do zweryfikowanej pozycji pojemnika.","https://s-trojmiasto.pl/download/pojemniki-pomorskie.pdf#page=16"
"Nowowiejskiego 25/27","Nowowiejskiego 25/27, Sztum, gmina Sztum, powiat Sztumiński, Polska","Sztum","Sztumiński","Sztum","1068","1","orientacyjnie","53.921581","19.0303996","Nie znaleziono całego zapisu numeru. Pokazano jeden z adresów należących do podanego zakresu; sprawdź opis z PDF.","https://s-trojmiasto.pl/download/pojemniki-pomorskie.pdf#page=16"
"Os. Nad Jeziorem 11","Os. Nad Jeziorem 11, Sztum, gmina Sztum, powiat Sztumiński, Polska","Sztum","Sztumiński","Sztum","1069, 1070","2","adres","53.9202362","19.027636","Dopasowano adres w OpenStreetMap. Punkt odnosi się do budynku/adresu, a nie do zweryfikowanej pozycji pojemnika.","https://s-trojmiasto.pl/download/pojemniki-pomorskie.pdf#page=16"
"Os. Nad Jeziorem 3","Os. Nad Jeziorem 3, Sztum, gmina Sztum, powiat Sztumiński, Polska","Sztum","Sztumiński","Sztum","1071","1","adres","53.9195733","19.0295386","Dopasowano adres w OpenStreetMap. Punkt odnosi się do budynku/adresu, a nie do zweryfikowanej pozycji pojemnika.","https://s-trojmiasto.pl/download/pojemniki-pomorskie.pdf#page=16"
"Os. Nad Jeziorem 5","Os. Nad Jeziorem 5, Sztum, gmina Sztum, powiat Sztumiński, Polska","Sztum","Sztumiński","Sztum","1072","1","adres","53.9200929","19.0291992","Dopasowano adres w OpenStreetMap. Punkt odnosi się do budynku/adresu, a nie do zweryfikowanej pozycji pojemnika.","https://s-trojmiasto.pl/download/pojemniki-pomorskie.pdf#page=16"
"Os. Różane 1","Os. Różane 1, Sztum, gmina Sztum, powiat Sztumiński, Polska","Sztum","Sztumiński","Sztum","1073","1","adres","53.924581","19.0279105","Dopasowano adres w OpenStreetMap. Punkt odnosi się do budynku/adresu, a nie do zweryfikowanej pozycji pojemnika.","https://s-trojmiasto.pl/download/pojemniki-pomorskie.pdf#page=16"
"Os. Różane 10","Os. Różane 10, Sztum, gmina Sztum, powiat Sztumiński, Polska","Sztum","Sztumiński","Sztum","1074","1","adres","53.9272842","19.0276957","Dopasowano adres w OpenStreetMap. Punkt odnosi się do budynku/adresu, a nie do zweryfikowanej pozycji pojemnika.","https://s-trojmiasto.pl/download/pojemniki-pomorskie.pdf#page=16"
"Os. Różane 4D","Os. Różane 4D, Sztum, gmina Sztum, powiat Sztumiński, Polska","Sztum","Sztumiński","Sztum","1075","1","adres","53.9249771","19.0266206","Dopasowano adres w OpenStreetMap. Punkt odnosi się do budynku/adresu, a nie do zweryfikowanej pozycji pojemnika.","https://s-trojmiasto.pl/download/pojemniki-pomorskie.pdf#page=16"
"Os. Różane 5","Os. Różane 5, Sztum, gmina Sztum, powiat Sztumiński, Polska","Sztum","Sztumiński","Sztum","1076, 1077","2","adres","53.9255368","19.0264988","Dopasowano adres w OpenStreetMap. Punkt odnosi się do budynku/adresu, a nie do zweryfikowanej pozycji pojemnika.","https://s-trojmiasto.pl/download/pojemniki-pomorskie.pdf#page=16"
"Osińskiego Wiata","Osińskiego Wiata, Sztum, gmina Sztum, powiat Sztumiński, Polska","Sztum","Sztumiński","Sztum","1078","1","orientacyjnie","53.9160979","19.035864","PDF podaje tylko nazwę ulicy, bez numeru. Znacznik opisuje ulicę, nie miejsce ustawienia pojemnika; po kliknięciu pokazano jej przebieg.","https://s-trojmiasto.pl/download/pojemniki-pomorskie.pdf#page=16"
"Oś. Parkowe 2","Oś. Parkowe 2, Sztum, gmina Sztum, powiat Sztumiński, Polska","Sztum","Sztumiński","Sztum","1079","1","adres","53.9201273","19.0371238","Dopasowano adres w OpenStreetMap. Punkt odnosi się do budynku/adresu, a nie do zweryfikowanej pozycji pojemnika.","https://s-trojmiasto.pl/download/pojemniki-pomorskie.pdf#page=16"
"Oś.Parkowe 4","Oś.Parkowe 4, Sztum, gmina Sztum, powiat Sztumiński, Polska","Sztum","Sztumiński","Sztum","1080","1","adres","53.9202374","19.0383581","Dopasowano adres w OpenStreetMap. Punkt odnosi się do budynku/adresu, a nie do zweryfikowanej pozycji pojemnika.","https://s-trojmiasto.pl/download/pojemniki-pomorskie.pdf#page=16"
"Reja 21 D","Reja 21 D, Sztum, gmina Sztum, powiat Sztumiński, Polska","Sztum","Sztumiński","Sztum","1081","1","adres","53.9213774","19.0243066","Dopasowano adres w OpenStreetMap. Punkt odnosi się do budynku/adresu, a nie do zweryfikowanej pozycji pojemnika.","https://s-trojmiasto.pl/download/pojemniki-pomorskie.pdf#page=16"
"Sierakowskich 13","Sierakowskich 13, Sztum, gmina Sztum, powiat Sztumiński, Polska","Sztum","Sztumiński","Sztum","1082","1","adres","53.9176417","19.0316946","Dopasowano adres w OpenStreetMap. Punkt odnosi się do budynku/adresu, a nie do zweryfikowanej pozycji pojemnika.","https://s-trojmiasto.pl/download/pojemniki-pomorskie.pdf#page=16"
"Sierakowskich 21","Sierakowskich 21, Sztum, gmina Sztum, powiat Sztumiński, Polska","Sztum","Sztumiński","Sztum","1083, 1084","2","adres","53.9178557","19.0299937","Dopasowano adres w OpenStreetMap. Punkt odnosi się do budynku/adresu, a nie do zweryfikowanej pozycji pojemnika.","https://s-trojmiasto.pl/download/pojemniki-pomorskie.pdf#page=16"
"Sierakowskich 3","Sierakowskich 3, Sztum, gmina Sztum, powiat Sztumiński, Polska","Sztum","Sztumiński","Sztum","1085","1","adres","53.9177212","19.0334493","Dopasowano adres w OpenStreetMap. Punkt odnosi się do budynku/adresu, a nie do zweryfikowanej pozycji pojemnika.","https://s-trojmiasto.pl/download/pojemniki-pomorskie.pdf#page=16"
"Przystanek","Przystanek, Brody Pomorskie, gmina Gniew, powiat Tczewski, Polska","Brody Pomorskie","Tczewski","Gniew","1086","1","brak","","","Opis nie pozwala jednoznacznie wskazać miejsca. Nie zastąpiono go środkiem miejscowości.","https://s-trojmiasto.pl/download/pojemniki-pomorskie.pdf#page=16"
"Behrendta 38","Behrendta 38, Gniew, gmina Gniew, powiat Tczewski, Polska","Gniew","Tczewski","Gniew","1087","1","adres","53.8371899","18.8143939","Dopasowano adres w OpenStreetMap. Punkt odnosi się do budynku/adresu, a nie do zweryfikowanej pozycji pojemnika.","https://s-trojmiasto.pl/download/pojemniki-pomorskie.pdf#page=16"
"Jeleń 24","Jeleń 24, Gniew, gmina Gniew, powiat Tczewski, Polska","Gniew","Tczewski","Gniew","1088","1","adres","53.7743231","18.7732307","Dopasowano numer posesji w podanej miejscowości. To adres odniesienia, nie potwierdzona pozycja pojemnika. Opis adresu wskazuje miejscowość Jeleń; kolumnę miejscowości z PDF zachowano bez zmian.","https://s-trojmiasto.pl/download/pojemniki-pomorskie.pdf#page=16"
"Kopernika 4","Kopernika 4, Gniew, gmina Gniew, powiat Tczewski, Polska","Gniew","Tczewski","Gniew","1089","1","adres","53.8366773","18.82222","Dopasowano adres w OpenStreetMap. Punkt odnosi się do budynku/adresu, a nie do zweryfikowanej pozycji pojemnika.","https://s-trojmiasto.pl/download/pojemniki-pomorskie.pdf#page=16"
"Kusocińskiego 4","Kusocińskiego 4, Gniew, gmina Gniew, powiat Tczewski, Polska","Gniew","Tczewski","Gniew","1090","1","adres","53.8362943","18.8292561","Dopasowano adres w OpenStreetMap. Punkt odnosi się do budynku/adresu, a nie do zweryfikowanej pozycji pojemnika.","https://s-trojmiasto.pl/download/pojemniki-pomorskie.pdf#page=16"
"Kusocińskiego 5","Kusocińskiego 5, Gniew, gmina Gniew, powiat Tczewski, Polska","Gniew","Tczewski","Gniew","1091","1","orientacyjnie","53.83672","18.83102","Nie znaleziono dokładnego oznaczenia budynku lub klatki. Pokazano adres o tym samym numerze podstawowym.","https://s-trojmiasto.pl/download/pojemniki-pomorskie.pdf#page=16"
"Marii Konopnickiej 10","Marii Konopnickiej 10, Gniew, gmina Gniew, powiat Tczewski, Polska","Gniew","Tczewski","Gniew","1092","1","adres","53.83822","18.80788","Dopasowano adres w OpenStreetMap. Punkt odnosi się do budynku/adresu, a nie do zweryfikowanej pozycji pojemnika.","https://s-trojmiasto.pl/download/pojemniki-pomorskie.pdf#page=16"
"Rybacka 9","Rybacka 9, Gniew, gmina Gniew, powiat Tczewski, Polska","Gniew","Tczewski","Gniew","1093","1","adres","53.833167","18.8287925","Dopasowano adres w OpenStreetMap. Punkt odnosi się do budynku/adresu, a nie do zweryfikowanej pozycji pojemnika.","https://s-trojmiasto.pl/download/pojemniki-pomorskie.pdf#page=16"
"Wiślana 6","Wiślana 6, Gniew, gmina Gniew, powiat Tczewski, Polska","Gniew","Tczewski","Gniew","1094","1","adres","53.833334","18.821673","Dopasowano adres w OpenStreetMap. Punkt odnosi się do budynku/adresu, a nie do zweryfikowanej pozycji pojemnika.","https://s-trojmiasto.pl/download/pojemniki-pomorskie.pdf#page=16"
"Witosa 8","Witosa 8, Gniew, gmina Gniew, powiat Tczewski, Polska","Gniew","Tczewski","Gniew","1095","1","adres","53.8391904","18.8306302","Dopasowano adres w OpenStreetMap. Punkt odnosi się do budynku/adresu, a nie do zweryfikowanej pozycji pojemnika.","https://s-trojmiasto.pl/download/pojemniki-pomorskie.pdf#page=16"
"Plac Zabaw","Plac Zabaw, Gogolewo, gmina Gniew, powiat Tczewski, Polska","Gogolewo","Tczewski","Gniew","1096","1","orientacyjnie","53.8304768","18.7712597","Orientacyjny pobliski obiekt zgodny z opisem PDF. Znacznik nie wskazuje dokładnego miejsca pojemnika.","https://s-trojmiasto.pl/download/pojemniki-pomorskie.pdf#page=16"
"Os. Kazimierza 99","Os. Kazimierza 99, Nicponia, gmina Gniew, powiat Tczewski, Polska","Nicponia","Tczewski","Gniew","1097","1","brak","","","Nie dopasowano nazwy ulicy ani numeru posesji.","https://s-trojmiasto.pl/download/pojemniki-pomorskie.pdf#page=16"
"Plac Zabaw","Plac Zabaw, Szprudowo, gmina Gniew, powiat Tczewski, Polska","Szprudowo","Tczewski","Gniew","1098","1","brak","","","Opis nie pozwala jednoznacznie wskazać miejsca. Nie zastąpiono go środkiem miejscowości.","https://s-trojmiasto.pl/download/pojemniki-pomorskie.pdf#page=16"
"Główna 26","Główna 26, Małe Walichnowy, gmina Pelplin, powiat Tczewski, Polska","Małe Walichnowy","Tczewski","Pelplin","1099","1","brak","","","Nie dopasowano nazwy ulicy ani numeru posesji.","https://s-trojmiasto.pl/download/pojemniki-pomorskie.pdf#page=16"
"Krzyżówka Osp","Krzyżówka Osp, Gorzędziej, gmina Subkowy, powiat Tczewski, Polska","Gorzędziej","Tczewski","Subkowy","1100, 1101","2","orientacyjnie","54.0300401","18.8160343","Orientacyjny pobliski obiekt zgodny z opisem PDF. Znacznik nie wskazuje dokładnego miejsca pojemnika.","https://s-trojmiasto.pl/download/pojemniki-pomorskie.pdf#page=16"
"Pielgrzymów Osp","Pielgrzymów Osp, Radostowo, gmina Subkowy, powiat Tczewski, Polska","Radostowo","Tczewski","Subkowy","1102","1","orientacyjnie","53.9892627","18.7288018","PDF podaje tylko nazwę ulicy, bez numeru. Znacznik opisuje ulicę, nie miejsce ustawienia pojemnika; po kliknięciu pokazano jej przebieg.","https://s-trojmiasto.pl/download/pojemniki-pomorskie.pdf#page=16"
"Sportowa","Sportowa, Subkowy, gmina Subkowy, powiat Tczewski, Polska","Subkowy","Tczewski","Subkowy","1103, 1104","2","orientacyjnie","54.0027141","18.7558531","PDF podaje tylko nazwę ulicy, bez numeru. Znacznik opisuje ulicę, nie miejsce ustawienia pojemnika; po kliknięciu pokazano jej przebieg.","https://s-trojmiasto.pl/download/pojemniki-pomorskie.pdf#page=16"
"Wybickiego","Wybickiego, Subkowy, gmina Subkowy, powiat Tczewski, Polska","Subkowy","Tczewski","Subkowy","1105, 1106","2","orientacyjnie","54.0061529","18.7700753","PDF podaje tylko nazwę ulicy, bez numeru. Znacznik opisuje ulicę, nie miejsce ustawienia pojemnika; po kliknięciu pokazano jej przebieg.","https://s-trojmiasto.pl/download/pojemniki-pomorskie.pdf#page=16"
"Wiejska Eco","Wiejska Eco, Miłobądz, gmina Tczew, powiat Tczewski, Polska","Miłobądz","Tczewski","Tczew","1107","1","brak","","","Brak danych pozwalających rozpoznać tę ulicę w miejscowości Miłobądz.","https://s-trojmiasto.pl/download/pojemniki-pomorskie.pdf#page=16"
"Al. Kociewska/Andersena","Al. Kociewska/Andersena, Tczew, gmina Tczew, powiat Tczewski, Polska","Tczew","Tczewski","Tczew","1108","1","orientacyjnie","54.088045","18.7664837","Orientacyjna lokalizacja skrzyżowania. Nie określa strony ulicy ani dokładnego miejsca pojemnika.","https://s-trojmiasto.pl/download/pojemniki-pomorskie.pdf#page=16"
"Andersena","Andersena, Tczew, gmina Tczew, powiat Tczewski, Polska","Tczew","Tczewski","Tczew","1109","1","orientacyjnie","54.0884613","18.7696532","PDF podaje tylko nazwę ulicy, bez numeru. Znacznik opisuje ulicę, nie miejsce ustawienia pojemnika; po kliknięciu pokazano jej przebieg.","https://s-trojmiasto.pl/download/pojemniki-pomorskie.pdf#page=16"
"Armi Krajowej 10B","Armi Krajowej 10B, Tczew, gmina Tczew, powiat Tczewski, Polska","Tczew","Tczewski","Tczew","1110","1","brak","","","Nie dopasowano nazwy ulicy ani numeru posesji.","https://s-trojmiasto.pl/download/pojemniki-pomorskie.pdf#page=16"
"Armi Krajowej 6","Armi Krajowej 6, Tczew, gmina Tczew, powiat Tczewski, Polska","Tczew","Tczewski","Tczew","1111","1","brak","","","Nie dopasowano nazwy ulicy ani numeru posesji.","https://s-trojmiasto.pl/download/pojemniki-pomorskie.pdf#page=16"
"Broniewskiego","Broniewskiego, Tczew, gmina Tczew, powiat Tczewski, Polska","Tczew","Tczewski","Tczew","1112","1","orientacyjnie","54.0706498","18.7696817","PDF podaje tylko nazwę ulicy, bez numeru. Znacznik opisuje ulicę, nie miejsce ustawienia pojemnika; po kliknięciu pokazano jej przebieg.","https://s-trojmiasto.pl/download/pojemniki-pomorskie.pdf#page=16"
"Dokerów 19","Dokerów 19, Tczew, gmina Tczew, powiat Tczewski, Polska","Tczew","Tczewski","Tczew","1113","1","orientacyjnie","54.1076134","18.806133","Nie znaleziono numeru 19. Znacznik opisuje ulicę, nie miejsce ustawienia pojemnika; po kliknięciu pokazano jej przebieg.","https://s-trojmiasto.pl/download/pojemniki-pomorskie.pdf#page=16"
"Grota Roweckiego","Grota Roweckiego, Tczew, gmina Tczew, powiat Tczewski, Polska","Tczew","Tczewski","Tczew","1114","1","orientacyjnie","54.1031296","18.7689797","PDF podaje tylko nazwę ulicy, bez numeru. Znacznik opisuje ulicę, nie miejsce ustawienia pojemnika; po kliknięciu pokazano jej przebieg.","https://s-trojmiasto.pl/download/pojemniki-pomorskie.pdf#page=16"
"Jurgo 10","Jurgo 10, Tczew, gmina Tczew, powiat Tczewski, Polska","Tczew","Tczewski","Tczew","1115","1","adres","54.0964242","18.7591447","Dopasowano adres w OpenStreetMap. Punkt odnosi się do budynku/adresu, a nie do zweryfikowanej pozycji pojemnika.","https://s-trojmiasto.pl/download/pojemniki-pomorskie.pdf#page=16"
"Kasztanowa 7","Kasztanowa 7, Tczew, gmina Tczew, powiat Tczewski, Polska","Tczew","Tczewski","Tczew","1116","1","adres","54.1023781","18.7733642","Dopasowano adres w OpenStreetMap. Punkt odnosi się do budynku/adresu, a nie do zweryfikowanej pozycji pojemnika.","https://s-trojmiasto.pl/download/pojemniki-pomorskie.pdf#page=16"
"Krucza 12","Krucza 12, Tczew, gmina Tczew, powiat Tczewski, Polska","Tczew","Tczewski","Tczew","1117","1","adres","54.0994527","18.7924275","Dopasowano adres w OpenStreetMap. Punkt odnosi się do budynku/adresu, a nie do zweryfikowanej pozycji pojemnika.","https://s-trojmiasto.pl/download/pojemniki-pomorskie.pdf#page=16"
"Niepodległości 3","Niepodległości 3, Tczew, gmina Tczew, powiat Tczewski, Polska","Tczew","Tczewski","Tczew","1118","1","adres","54.0923585","18.7870752","Dopasowano adres w OpenStreetMap. Punkt odnosi się do budynku/adresu, a nie do zweryfikowanej pozycji pojemnika.","https://s-trojmiasto.pl/download/pojemniki-pomorskie.pdf#page=16"
"Ogrodowa 13","Ogrodowa 13, Tczew, gmina Tczew, powiat Tczewski, Polska","Tczew","Tczewski","Tczew","1119","1","adres","54.0866156","18.796515","Dopasowano adres w OpenStreetMap. Punkt odnosi się do budynku/adresu, a nie do zweryfikowanej pozycji pojemnika.","https://s-trojmiasto.pl/download/pojemniki-pomorskie.pdf#page=16"
"Pionierów/Bosmańska","Pionierów/Bosmańska, Tczew, gmina Tczew, powiat Tczewski, Polska","Tczew","Tczewski","Tczew","1120","1","orientacyjnie","54.1042878","18.8041563","Orientacyjna lokalizacja skrzyżowania. Nie określa strony ulicy ani dokładnego miejsca pojemnika.","https://s-trojmiasto.pl/download/pojemniki-pomorskie.pdf#page=16"
"Prosta","Prosta, Tczew, gmina Tczew, powiat Tczewski, Polska","Tczew","Tczewski","Tczew","1121","1","orientacyjnie","54.0984951","18.7906329","PDF podaje tylko nazwę ulicy, bez numeru. Znacznik opisuje ulicę, nie miejsce ustawienia pojemnika; po kliknięciu pokazano jej przebieg.","https://s-trojmiasto.pl/download/pojemniki-pomorskie.pdf#page=16"
"Sadowa","Sadowa, Tczew, gmina Tczew, powiat Tczewski, Polska","Tczew","Tczewski","Tczew","1122","1","orientacyjnie","54.1010468","18.7812867","PDF podaje tylko nazwę ulicy, bez numeru. Znacznik opisuje ulicę, nie miejsce ustawienia pojemnika; po kliknięciu pokazano jej przebieg.","https://s-trojmiasto.pl/download/pojemniki-pomorskie.pdf#page=16"
"Stanisławskiego 1","Stanisławskiego 1, Tczew, gmina Tczew, powiat Tczewski, Polska","Tczew","Tczewski","Tczew","1123","1","adres","54.0756365","18.7744904","Dopasowano adres w OpenStreetMap. Punkt odnosi się do budynku/adresu, a nie do zweryfikowanej pozycji pojemnika.","https://s-trojmiasto.pl/download/pojemniki-pomorskie.pdf#page=16"
"Tetmajera 1","Tetmajera 1, Tczew, gmina Tczew, powiat Tczewski, Polska","Tczew","Tczewski","Tczew","1124","1","adres","54.0756031","18.8022182","Dopasowano adres w OpenStreetMap. Punkt odnosi się do budynku/adresu, a nie do zweryfikowanej pozycji pojemnika.","https://s-trojmiasto.pl/download/pojemniki-pomorskie.pdf#page=16"
"Tetmajera 2","Tetmajera 2, Tczew, gmina Tczew, powiat Tczewski, Polska","Tczew","Tczewski","Tczew","1125","1","adres","54.0761284","18.8024955","Dopasowano adres w OpenStreetMap. Punkt odnosi się do budynku/adresu, a nie do zweryfikowanej pozycji pojemnika.","https://s-trojmiasto.pl/download/pojemniki-pomorskie.pdf#page=16"
"Tetmajera 3","Tetmajera 3, Tczew, gmina Tczew, powiat Tczewski, Polska","Tczew","Tczewski","Tczew","1126","1","adres","54.0766801","18.8028161","Dopasowano adres w OpenStreetMap. Punkt odnosi się do budynku/adresu, a nie do zweryfikowanej pozycji pojemnika.","https://s-trojmiasto.pl/download/pojemniki-pomorskie.pdf#page=16"
"Traugutta 6","Traugutta 6, Tczew, gmina Tczew, powiat Tczewski, Polska","Tczew","Tczewski","Tczew","1127","1","adres","54.1006772","18.7651119","Dopasowano adres w OpenStreetMap. Punkt odnosi się do budynku/adresu, a nie do zweryfikowanej pozycji pojemnika.","https://s-trojmiasto.pl/download/pojemniki-pomorskie.pdf#page=16"
"Wąska 42","Wąska 42, Tczew, gmina Tczew, powiat Tczewski, Polska","Tczew","Tczewski","Tczew","1128","1","orientacyjnie","54.0860793","18.7984055","Nie znaleziono dokładnego oznaczenia budynku lub klatki. Pokazano adres o tym samym numerze podstawowym.","https://s-trojmiasto.pl/download/pojemniki-pomorskie.pdf#page=16"
"Wojska Polskiego 9","Wojska Polskiego 9, Tczew, gmina Tczew, powiat Tczewski, Polska","Tczew","Tczewski","Tczew","1129","1","adres","54.0879255","18.7873771","Dopasowano adres w OpenStreetMap. Punkt odnosi się do budynku/adresu, a nie do zweryfikowanej pozycji pojemnika.","https://s-trojmiasto.pl/download/pojemniki-pomorskie.pdf#page=16"
"Wyzwolenia 2","Wyzwolenia 2, Tczew, gmina Tczew, powiat Tczewski, Polska","Tczew","Tczewski","Tczew","1130, 1131","2","adres","54.0912245","18.785505","Dopasowano adres w OpenStreetMap. Punkt odnosi się do budynku/adresu, a nie do zweryfikowanej pozycji pojemnika.","https://s-trojmiasto.pl/download/pojemniki-pomorskie.pdf#page=16"
"Janusza Kusińskiego 3 ( Szkolny Przystanek)","Janusza Kusińskiego 3 ( Szkolny Przystanek), Choczewo, gmina Choczewo, powiat Wejherowski, Polska","Choczewo","Wejherowski","Choczewo","1132, 1133","2","brak","","","Opis nie pozwala jednoznacznie wskazać miejsca. Nie zastąpiono go środkiem miejscowości.","https://s-trojmiasto.pl/download/pojemniki-pomorskie.pdf#page=16"
"Janusza Kusińskiego 8","Janusza Kusińskiego 8, Choczewo, gmina Choczewo, powiat Wejherowski, Polska","Choczewo","Wejherowski","Choczewo","1134, 1135","2","brak","","","Nie dopasowano nazwy ulicy ani numeru posesji.","https://s-trojmiasto.pl/download/pojemniki-pomorskie.pdf#page=16"
"Pierwszych Osadników 37","Pierwszych Osadników 37, Choczewo, gmina Choczewo, powiat Wejherowski, Polska","Choczewo","Wejherowski","Choczewo","1136, 1137","2","orientacyjnie","54.73878","17.88948","Nie znaleziono dokładnego oznaczenia budynku lub klatki. Pokazano adres o tym samym numerze podstawowym.","https://s-trojmiasto.pl/download/pojemniki-pomorskie.pdf#page=17"
"Pucka 12","Pucka 12, Choczewo, gmina Choczewo, powiat Wejherowski, Polska","Choczewo","Wejherowski","Choczewo","1138, 1139","2","adres","54.744052","17.8962352","Dopasowano adres w OpenStreetMap. Punkt odnosi się do budynku/adresu, a nie do zweryfikowanej pozycji pojemnika.","https://s-trojmiasto.pl/download/pojemniki-pomorskie.pdf#page=17"
"Starbienino 8","Starbienino 8, Starbienino, gmina Choczewo, powiat Wejherowski, Polska","Starbienino","Wejherowski","Choczewo","1140, 1141","2","adres","54.7499818","17.9456704","Dopasowano numer posesji w podanej miejscowości. To adres odniesienia, nie potwierdzona pozycja pojemnika.","https://s-trojmiasto.pl/download/pojemniki-pomorskie.pdf#page=17"
"Zwartowo 16","Zwartowo 16, Zwartowo, gmina Choczewo, powiat Wejherowski, Polska","Zwartowo","Wejherowski","Choczewo","1142","1","adres","54.6937103","17.8131636","Dopasowano numer posesji w podanej miejscowości. To adres odniesienia, nie potwierdzona pozycja pojemnika.","https://s-trojmiasto.pl/download/pojemniki-pomorskie.pdf#page=17"
"Czymanowo 15,Eko","Czymanowo 15,Eko, Gniewino, gmina Gniewino, powiat Wejherowski, Polska","Gniewino","Wejherowski","Gniewino","1143","1","brak","","","Nie dopasowano nazwy ulicy ani numeru posesji. Opis adresu wskazuje miejscowość Czymanowo; kolumnę miejscowości z PDF zachowano bez zmian.","https://s-trojmiasto.pl/download/pojemniki-pomorskie.pdf#page=17"
"Czymanowo, Eko","Czymanowo, Eko, Gniewino, gmina Gniewino, powiat Wejherowski, Polska","Gniewino","Wejherowski","Gniewino","1144","1","brak","","","Opis nie pozwala jednoznacznie wskazać miejsca. Nie zastąpiono go środkiem miejscowości. Opis adresu wskazuje miejscowość Czymanowo; kolumnę miejscowości z PDF zachowano bez zmian.","https://s-trojmiasto.pl/download/pojemniki-pomorskie.pdf#page=17"
"Ogrodowa 19","Ogrodowa 19, Gniewino, gmina Gniewino, powiat Wejherowski, Polska","Gniewino","Wejherowski","Gniewino","1145","1","orientacyjnie","54.7181943","18.0261914","Nie znaleziono numeru 19. Znacznik opisuje ulicę, nie miejsce ustawienia pojemnika; po kliknięciu pokazano jej przebieg.","https://s-trojmiasto.pl/download/pojemniki-pomorskie.pdf#page=17"
"Rybno, Pętla Pks","Rybno, Pętla Pks, Gniewino, gmina Gniewino, powiat Wejherowski, Polska","Gniewino","Wejherowski","Gniewino","1146","1","brak","","","Opis nie pozwala jednoznacznie wskazać miejsca. Nie zastąpiono go środkiem miejscowości. Opis adresu wskazuje miejscowość Rybno; kolumnę miejscowości z PDF zachowano bez zmian.","https://s-trojmiasto.pl/download/pojemniki-pomorskie.pdf#page=17"
"Strzebielinko, Pks","Strzebielinko, Pks, Gniewino, gmina Gniewino, powiat Wejherowski, Polska","Gniewino","Wejherowski","Gniewino","1147","1","brak","","","Opis nie pozwala jednoznacznie wskazać miejsca. Nie zastąpiono go środkiem miejscowości. Opis adresu wskazuje miejscowość Strzebielinko; kolumnę miejscowości z PDF zachowano bez zmian.","https://s-trojmiasto.pl/download/pojemniki-pomorskie.pdf#page=17"
"Tadzino 10","Tadzino 10, Gniewino, gmina Gniewino, powiat Wejherowski, Polska","Gniewino","Wejherowski","Gniewino","1148","1","adres","54.6831002","18.0191628","Dopasowano numer posesji w podanej miejscowości. To adres odniesienia, nie potwierdzona pozycja pojemnika. Opis adresu wskazuje miejscowość Tadzino; kolumnę miejscowości z PDF zachowano bez zmian.","https://s-trojmiasto.pl/download/pojemniki-pomorskie.pdf#page=17"
"Toliszczek 21 Eko","Toliszczek 21 Eko, Gniewino, gmina Gniewino, powiat Wejherowski, Polska","Gniewino","Wejherowski","Gniewino","1149","1","adres","54.7468633","18.0139865","Dopasowano numer posesji w podanej miejscowości. To adres odniesienia, nie potwierdzona pozycja pojemnika. Opis adresu wskazuje miejscowość Toliszczek; kolumnę miejscowości z PDF zachowano bez zmian.","https://s-trojmiasto.pl/download/pojemniki-pomorskie.pdf#page=17"
"Opalino 8: Przy Pojemnikach Eco","Opalino 8: Przy Pojemnikach Eco, Opalino, gmina Gniewino, powiat Wejherowski, Polska","Opalino","Wejherowski","Gniewino","1150","1","adres","54.7097918","18.0963107","Dopasowano numer posesji w podanej miejscowości. To adres odniesienia, nie potwierdzona pozycja pojemnika.","https://s-trojmiasto.pl/download/pojemniki-pomorskie.pdf#page=17"
"Turystyczna 1","Turystyczna 1, Linia, gmina Linia, powiat Wejherowski, Polska","Linia","Wejherowski","Linia","1151","1","adres","54.45108","17.93493","Dopasowano adres w OpenStreetMap. Punkt odnosi się do budynku/adresu, a nie do zweryfikowanej pozycji pojemnika.","https://s-trojmiasto.pl/download/pojemniki-pomorskie.pdf#page=17"
"Zakrzewo Szkoła","Zakrzewo Szkoła, Linia, gmina Linia, powiat Wejherowski, Polska","Linia","Wejherowski","Linia","1152","1","brak","","","Opis nie pozwala jednoznacznie wskazać miejsca. Nie zastąpiono go środkiem miejscowości. Opis adresu wskazuje miejscowość Zakrzewo; kolumnę miejscowości z PDF zachowano bez zmian.","https://s-trojmiasto.pl/download/pojemniki-pomorskie.pdf#page=17"
"Przystanek-Parking","Przystanek-Parking, Niepoczołowice, gmina Linia, powiat Wejherowski, Polska","Niepoczołowice","Wejherowski","Linia","1153","1","brak","","","Opis nie pozwala jednoznacznie wskazać miejsca. Nie zastąpiono go środkiem miejscowości.","https://s-trojmiasto.pl/download/pojemniki-pomorskie.pdf#page=17"
"Kosciol","Kosciol, Smażyno, gmina Linia, powiat Wejherowski, Polska","Smażyno","Wejherowski","Linia","1154","1","orientacyjnie","54.4866015","18.10654","Orientacyjny pobliski obiekt zgodny z opisem PDF. Znacznik nie wskazuje dokładnego miejsca pojemnika.","https://s-trojmiasto.pl/download/pojemniki-pomorskie.pdf#page=17"
"Miotka/Lipowa","Miotka/Lipowa, Strzepcz, gmina Linia, powiat Wejherowski, Polska","Strzepcz","Wejherowski","Linia","1155","1","orientacyjnie","54.4564879","18.0212892","Orientacyjna lokalizacja skrzyżowania. Nie określa strony ulicy ani dokładnego miejsca pojemnika.","https://s-trojmiasto.pl/download/pojemniki-pomorskie.pdf#page=17"
"Ks J Twardowskiego: Sklep Abc","Ks J Twardowskiego: Sklep Abc, Barłomino, gmina Luzino, powiat Wejherowski, Polska","Barłomino","Wejherowski","Luzino","1156","1","orientacyjnie","54.5338984","18.1037768","PDF podaje tylko nazwę ulicy, bez numeru. Znacznik opisuje ulicę, nie miejsce ustawienia pojemnika; po kliknięciu pokazano jej przebieg.","https://s-trojmiasto.pl/download/pojemniki-pomorskie.pdf#page=17"
"Ppłk R. Lubowiedzkiego 16","Ppłk R. Lubowiedzkiego 16, Dąbrówka, gmina Luzino, powiat Wejherowski, Polska","Dąbrówka","Wejherowski","Luzino","1157","1","brak","","","Nie dopasowano nazwy ulicy ani numeru posesji.","https://s-trojmiasto.pl/download/pojemniki-pomorskie.pdf#page=17"
"Borysiewicza 1","Borysiewicza 1, Kochanowo, gmina Luzino, powiat Wejherowski, Polska","Kochanowo","Wejherowski","Luzino","1158","1","adres","54.6059789","18.1060027","Dopasowano adres w OpenStreetMap. Punkt odnosi się do budynku/adresu, a nie do zweryfikowanej pozycji pojemnika.","https://s-trojmiasto.pl/download/pojemniki-pomorskie.pdf#page=17"
"Ofiar Stutthofu 14:Gok","Ofiar Stutthofu 14:Gok, Luzino, gmina Luzino, powiat Wejherowski, Polska","Luzino","Wejherowski","Luzino","1159","1","orientacyjnie","54.5573723","18.1021384","PDF podaje tylko nazwę ulicy, bez numeru. Znacznik opisuje ulicę, nie miejsce ustawienia pojemnika; po kliknięciu pokazano jej przebieg.","https://s-trojmiasto.pl/download/pojemniki-pomorskie.pdf#page=17"
"Ofiar Stutthofu: Na Przecie Nr 60","Ofiar Stutthofu: Na Przecie Nr 60, Luzino, gmina Luzino, powiat Wejherowski, Polska","Luzino","Wejherowski","Luzino","1160","1","adres","54.5606392","18.1033048","Dopasowano adres w OpenStreetMap. Punkt odnosi się do budynku/adresu, a nie do zweryfikowanej pozycji pojemnika.","https://s-trojmiasto.pl/download/pojemniki-pomorskie.pdf#page=17"
"Przemysłowa 13:Szok","Przemysłowa 13:Szok, Luzino, gmina Luzino, powiat Wejherowski, Polska","Luzino","Wejherowski","Luzino","1161, 1162","2","brak","","","Brak danych pozwalających rozpoznać tę ulicę w miejscowości Luzino.","https://s-trojmiasto.pl/download/pojemniki-pomorskie.pdf#page=17"
"Strażacka 5","Strażacka 5, Milwino, gmina Luzino, powiat Wejherowski, Polska","Milwino","Wejherowski","Luzino","1163","1","orientacyjnie","54.5188276","18.1341686","Nie znaleziono numeru 5. Znacznik opisuje ulicę, nie miejsce ustawienia pojemnika; po kliknięciu pokazano jej przebieg.","https://s-trojmiasto.pl/download/pojemniki-pomorskie.pdf#page=17"
"Lewińskiego: Za Szkołą","Lewińskiego: Za Szkołą, Robakowo, gmina Luzino, powiat Wejherowski, Polska","Robakowo","Wejherowski","Luzino","1164","1","orientacyjnie","54.5636172","18.1479052","PDF podaje tylko nazwę ulicy, bez numeru. Znacznik opisuje ulicę, nie miejsce ustawienia pojemnika; po kliknięciu pokazano jej przebieg.","https://s-trojmiasto.pl/download/pojemniki-pomorskie.pdf#page=17"
"Kaszubska 3","Kaszubska 3, Sychowo, gmina Luzino, powiat Wejherowski, Polska","Sychowo","Wejherowski","Luzino","1165","1","adres","54.54549","18.14772","Dopasowano adres w OpenStreetMap. Punkt odnosi się do budynku/adresu, a nie do zweryfikowanej pozycji pojemnika.","https://s-trojmiasto.pl/download/pojemniki-pomorskie.pdf#page=17"
"Sychowo 9 Ujęcie Wody","Sychowo 9 Ujęcie Wody, Sychowo, gmina Luzino, powiat Wejherowski, Polska","Sychowo","Wejherowski","Luzino","1166","1","brak","","","Opis nie pozwala jednoznacznie wskazać miejsca. Nie zastąpiono go środkiem miejscowości.","https://s-trojmiasto.pl/download/pojemniki-pomorskie.pdf#page=17"
"Długa 31: Osp","Długa 31: Osp, Zalewo, gmina Luzino, powiat Wejherowski, Polska","Zalewo","Wejherowski","Luzino","1167","1","brak","","","Nie rozpoznano miejscowości w pobranych danych OSM.","https://s-trojmiasto.pl/download/pojemniki-pomorskie.pdf#page=17"
"Bożepole Wielkie:Parking Plebani","Bożepole Wielkie:Parking Plebani, Bożepole Wielkie, gmina Łęczyce, powiat Wejherowski, Polska","Bożepole Wielkie","Wejherowski","Łęczyce","1168","1","orientacyjnie","54.5750035","17.9685029","Orientacyjny pobliski obiekt zgodny z opisem PDF. Znacznik nie wskazuje dokładnego miejsca pojemnika.","https://s-trojmiasto.pl/download/pojemniki-pomorskie.pdf#page=17"
"Osiedlowa 22","Osiedlowa 22, Bożepole Wielkie, gmina Łęczyce, powiat Wejherowski, Polska","Bożepole Wielkie","Wejherowski","Łęczyce","1169","1","adres","54.5752721","17.9735152","Dopasowano adres w OpenStreetMap. Punkt odnosi się do budynku/adresu, a nie do zweryfikowanej pozycji pojemnika.","https://s-trojmiasto.pl/download/pojemniki-pomorskie.pdf#page=17"
"Osiedlowa 24","Osiedlowa 24, Bożepole Wielkie, gmina Łęczyce, powiat Wejherowski, Polska","Bożepole Wielkie","Wejherowski","Łęczyce","1170","1","adres","54.575219","17.9728828","Dopasowano adres w OpenStreetMap. Punkt odnosi się do budynku/adresu, a nie do zweryfikowanej pozycji pojemnika.","https://s-trojmiasto.pl/download/pojemniki-pomorskie.pdf#page=17"
"Osiedlowa 8","Osiedlowa 8, Bożepole Wielkie, gmina Łęczyce, powiat Wejherowski, Polska","Bożepole Wielkie","Wejherowski","Łęczyce","1171","1","adres","54.5739767","17.9762423","Dopasowano adres w OpenStreetMap. Punkt odnosi się do budynku/adresu, a nie do zweryfikowanej pozycji pojemnika.","https://s-trojmiasto.pl/download/pojemniki-pomorskie.pdf#page=17"
"Bloki","Bloki, Brzeźno Lęborskie, gmina Łęczyce, powiat Wejherowski, Polska","Brzeźno Lęborskie","Wejherowski","Łęczyce","1172","1","brak","","","Opis nie pozwala jednoznacznie wskazać miejsca. Nie zastąpiono go środkiem miejscowości.","https://s-trojmiasto.pl/download/pojemniki-pomorskie.pdf#page=17"
"Brzeźno Lęborskie: Przy Sklepie","Brzeźno Lęborskie: Przy Sklepie, Brzeźno Lęborskie, gmina Łęczyce, powiat Wejherowski, Polska","Brzeźno Lęborskie","Wejherowski","Łęczyce","1173","1","brak","","","Kilka odległych obiektów pasuje do opisu. Nie wskazano zgadywanej pozycji.","https://s-trojmiasto.pl/download/pojemniki-pomorskie.pdf#page=17"
"Dzięcielec: Przy Kościele","Dzięcielec: Przy Kościele, Dzięcielec, gmina Łęczyce, powiat Wejherowski, Polska","Dzięcielec","Wejherowski","Łęczyce","1174","1","brak","","","Opis nie pozwala jednoznacznie wskazać miejsca. Nie zastąpiono go środkiem miejscowości.","https://s-trojmiasto.pl/download/pojemniki-pomorskie.pdf#page=17"
"Przy Blokach","Przy Blokach, Dzięcielec, gmina Łęczyce, powiat Wejherowski, Polska","Dzięcielec","Wejherowski","Łęczyce","1175","1","brak","","","Opis nie pozwala jednoznacznie wskazać miejsca. Nie zastąpiono go środkiem miejscowości.","https://s-trojmiasto.pl/download/pojemniki-pomorskie.pdf#page=17"
"Nawcz:Parking Przy Kościele","Nawcz:Parking Przy Kościele, Nawcz, gmina Łęczyce, powiat Wejherowski, Polska","Nawcz","Wejherowski","Łęczyce","1176","1","brak","","","Opis nie pozwala jednoznacznie wskazać miejsca. Nie zastąpiono go środkiem miejscowości.","https://s-trojmiasto.pl/download/pojemniki-pomorskie.pdf#page=17"
"Popowo: Parking Przy Kościele","Popowo: Parking Przy Kościele, Popowo, gmina Łęczyce, powiat Wejherowski, Polska","Popowo","Wejherowski","Łęczyce","1177","1","brak","","","Nie rozpoznano miejscowości w pobranych danych OSM.","https://s-trojmiasto.pl/download/pojemniki-pomorskie.pdf#page=17"
"Długa 27","Długa 27, Rozłazino, gmina Łęczyce, powiat Wejherowski, Polska","Rozłazino","Wejherowski","Łęczyce","1178","1","adres","54.5257953","17.9125551","Dopasowano adres w OpenStreetMap. Punkt odnosi się do budynku/adresu, a nie do zweryfikowanej pozycji pojemnika.","https://s-trojmiasto.pl/download/pojemniki-pomorskie.pdf#page=17"
"Kwiatowa","Kwiatowa, Rozłazino, gmina Łęczyce, powiat Wejherowski, Polska","Rozłazino","Wejherowski","Łęczyce","1179","1","orientacyjnie","54.5264775","17.9079126","PDF podaje tylko nazwę ulicy, bez numeru. Znacznik opisuje ulicę, nie miejsce ustawienia pojemnika; po kliknięciu pokazano jej przebieg.","https://s-trojmiasto.pl/download/pojemniki-pomorskie.pdf#page=17"
"Wysokie 4A Sklep","Wysokie 4A Sklep, Wysokie, gmina Łęczyce, powiat Wejherowski, Polska","Wysokie","Wejherowski","Łęczyce","1180","1","adres","54.6356742","17.892534","Dopasowano numer posesji w podanej miejscowości. To adres odniesienia, nie potwierdzona pozycja pojemnika.","https://s-trojmiasto.pl/download/pojemniki-pomorskie.pdf#page=17"
"Łąkowa 22","Łąkowa 22, Reda, gmina Reda, powiat Wejherowski, Polska","Reda","Wejherowski","Reda","1181","1","adres","54.6025982","18.3532561","Dopasowano adres w OpenStreetMap. Punkt odnosi się do budynku/adresu, a nie do zweryfikowanej pozycji pojemnika.","https://s-trojmiasto.pl/download/pojemniki-pomorskie.pdf#page=17"
"Łąkowa 29A","Łąkowa 29A, Reda, gmina Reda, powiat Wejherowski, Polska","Reda","Wejherowski","Reda","1182","1","adres","54.6041151","18.3553516","Dopasowano adres w OpenStreetMap. Punkt odnosi się do budynku/adresu, a nie do zweryfikowanej pozycji pojemnika.","https://s-trojmiasto.pl/download/pojemniki-pomorskie.pdf#page=17"
"Dębogórska53 Wiata Śmietnikowa","Dębogórska53 Wiata Śmietnikowa, Rumia, gmina Rumia, powiat Wejherowski, Polska","Rumia","Wejherowski","Rumia","1183","1","orientacyjnie","54.5767105","18.4034307","Nie znaleziono numeru 53. Znacznik opisuje ulicę, nie miejsce ustawienia pojemnika; po kliknięciu pokazano jej przebieg.","https://s-trojmiasto.pl/download/pojemniki-pomorskie.pdf#page=17"
"Kombatantów 17","Kombatantów 17, Rumia, gmina Rumia, powiat Wejherowski, Polska","Rumia","Wejherowski","Rumia","1184","1","adres","54.5620605","18.389612","Dopasowano adres w OpenStreetMap. Punkt odnosi się do budynku/adresu, a nie do zweryfikowanej pozycji pojemnika.","https://s-trojmiasto.pl/download/pojemniki-pomorskie.pdf#page=17"
"Kombatantów 17 ( Traffo )","Kombatantów 17 ( Traffo ), Rumia, gmina Rumia, powiat Wejherowski, Polska","Rumia","Wejherowski","Rumia","1185","1","orientacyjnie","54.5620361","18.38873","PDF podaje tylko nazwę ulicy, bez numeru. Znacznik opisuje ulicę, nie miejsce ustawienia pojemnika; po kliknięciu pokazano jej przebieg.","https://s-trojmiasto.pl/download/pojemniki-pomorskie.pdf#page=17"
"Kujawska 15","Kujawska 15, Rumia, gmina Rumia, powiat Wejherowski, Polska","Rumia","Wejherowski","Rumia","1186, 1187","2","adres","54.5674869","18.4165477","Dopasowano adres w OpenStreetMap. Punkt odnosi się do budynku/adresu, a nie do zweryfikowanej pozycji pojemnika.","https://s-trojmiasto.pl/download/pojemniki-pomorskie.pdf#page=17"
"Piłsudskiego Traffo","Piłsudskiego Traffo, Rumia, gmina Rumia, powiat Wejherowski, Polska","Rumia","Wejherowski","Rumia","1188, 1189","2","orientacyjnie","54.5701095","18.4010437","PDF podaje tylko nazwę ulicy, bez numeru. Znacznik opisuje ulicę, nie miejsce ustawienia pojemnika; po kliknięciu pokazano jej przebieg.","https://s-trojmiasto.pl/download/pojemniki-pomorskie.pdf#page=17"
"Stoczniowców 7","Stoczniowców 7, Rumia, gmina Rumia, powiat Wejherowski, Polska","Rumia","Wejherowski","Rumia","1190, 1191","2","adres","54.5610124","18.4132433","Dopasowano adres w OpenStreetMap. Punkt odnosi się do budynku/adresu, a nie do zweryfikowanej pozycji pojemnika.","https://s-trojmiasto.pl/download/pojemniki-pomorskie.pdf#page=17"
"Szancera/Kamienna 36","Szancera/Kamienna 36, Rumia, gmina Rumia, powiat Wejherowski, Polska","Rumia","Wejherowski","Rumia","1192, 1193","2","orientacyjnie","54.5600397","18.3802836","Nie znaleziono numeru 36. Znacznik opisuje ulicę, nie miejsce ustawienia pojemnika; po kliknięciu pokazano jej przebieg.","https://s-trojmiasto.pl/download/pojemniki-pomorskie.pdf#page=17"
"Towarowa/Pułkownika Dąbka","Towarowa/Pułkownika Dąbka, Rumia, gmina Rumia, powiat Wejherowski, Polska","Rumia","Wejherowski","Rumia","1194, 1195","2","brak","","","Nie rozpoznano obu ulic skrzyżowania.","https://s-trojmiasto.pl/download/pojemniki-pomorskie.pdf#page=17"
"Aleksandra Majkowskiego 9","Aleksandra Majkowskiego 9, Bojano, gmina Szemud, powiat Wejherowski, Polska","Bojano","Wejherowski","Szemud","1196","1","adres","54.4756505","18.3804918","Dopasowano adres w OpenStreetMap. Punkt odnosi się do budynku/adresu, a nie do zweryfikowanej pozycji pojemnika.","https://s-trojmiasto.pl/download/pojemniki-pomorskie.pdf#page=17"
"Generała Józefa Wybickiego 16","Generała Józefa Wybickiego 16, Bojano, gmina Szemud, powiat Wejherowski, Polska","Bojano","Wejherowski","Szemud","1197","1","adres","54.4710495","18.3841805","Dopasowano adres w OpenStreetMap. Punkt odnosi się do budynku/adresu, a nie do zweryfikowanej pozycji pojemnika.","https://s-trojmiasto.pl/download/pojemniki-pomorskie.pdf#page=17"
"Generała Józefa Wybickiego 17","Generała Józefa Wybickiego 17, Bojano, gmina Szemud, powiat Wejherowski, Polska","Bojano","Wejherowski","Szemud","1198","1","adres","54.4760909","18.3704729","Dopasowano adres w OpenStreetMap. Punkt odnosi się do budynku/adresu, a nie do zweryfikowanej pozycji pojemnika.","https://s-trojmiasto.pl/download/pojemniki-pomorskie.pdf#page=17"
"Starowiejska 6","Starowiejska 6, Bojano, gmina Szemud, powiat Wejherowski, Polska","Bojano","Wejherowski","Szemud","1199","1","adres","54.4708088","18.3857475","Dopasowano adres w OpenStreetMap. Punkt odnosi się do budynku/adresu, a nie do zweryfikowanej pozycji pojemnika.","https://s-trojmiasto.pl/download/pojemniki-pomorskie.pdf#page=17"
"Wąwelska 1(Parking Koscioła)","Wąwelska 1(Parking Koscioła), Bojano, gmina Szemud, powiat Wejherowski, Polska","Bojano","Wejherowski","Szemud","1200","1","adres","54.4745095","18.377338","Dopasowano adres w OpenStreetMap. Punkt odnosi się do budynku/adresu, a nie do zweryfikowanej pozycji pojemnika.","https://s-trojmiasto.pl/download/pojemniki-pomorskie.pdf#page=17"
"Otałżyńska: Przy Sklepie","Otałżyńska: Przy Sklepie, Donimierz, gmina Szemud, powiat Wejherowski, Polska","Donimierz","Wejherowski","Szemud","1201, 1202","2","orientacyjnie","54.478146","18.1899965","Orientacyjny pobliski obiekt zgodny z opisem PDF. Znacznik nie wskazuje dokładnego miejsca pojemnika.","https://s-trojmiasto.pl/download/pojemniki-pomorskie.pdf#page=17"
"Mokra 5","Mokra 5, Kielno, gmina Szemud, powiat Wejherowski, Polska","Kielno","Wejherowski","Szemud","1203","1","brak","","","Nie dopasowano nazwy ulicy ani numeru posesji.","https://s-trojmiasto.pl/download/pojemniki-pomorskie.pdf#page=17"
"Szkolna 4","Szkolna 4, Kielno, gmina Szemud, powiat Wejherowski, Polska","Kielno","Wejherowski","Szemud","1204","1","adres","54.4536983","18.3357945","Dopasowano adres w OpenStreetMap. Punkt odnosi się do budynku/adresu, a nie do zweryfikowanej pozycji pojemnika.","https://s-trojmiasto.pl/download/pojemniki-pomorskie.pdf#page=17"
"Szkolna 5","Szkolna 5, Kielno, gmina Szemud, powiat Wejherowski, Polska","Kielno","Wejherowski","Szemud","1205","1","adres","54.4545072","18.3349694","Dopasowano adres w OpenStreetMap. Punkt odnosi się do budynku/adresu, a nie do zweryfikowanej pozycji pojemnika.","https://s-trojmiasto.pl/download/pojemniki-pomorskie.pdf#page=17"
"Partyzantów Kaszubskich 1","Partyzantów Kaszubskich 1, Koleczkowo, gmina Szemud, powiat Wejherowski, Polska","Koleczkowo","Wejherowski","Szemud","1206","1","adres","54.4882183","18.3400769","Dopasowano adres w OpenStreetMap. Punkt odnosi się do budynku/adresu, a nie do zweryfikowanej pozycji pojemnika.","https://s-trojmiasto.pl/download/pojemniki-pomorskie.pdf#page=18"
"Ul. Strażacka: Parking Za Cmentarzem","Ul. Strażacka: Parking Za Cmentarzem, Łebno, gmina Szemud, powiat Wejherowski, Polska","Łebno","Wejherowski","Szemud","1207","1","orientacyjnie","54.4588677","18.1421427","Orientacyjny pobliski obiekt zgodny z opisem PDF. Znacznik nie wskazuje dokładnego miejsca pojemnika.","https://s-trojmiasto.pl/download/pojemniki-pomorskie.pdf#page=18"
"Pomorska","Pomorska, Przetoczyno, gmina Szemud, powiat Wejherowski, Polska","Przetoczyno","Wejherowski","Szemud","1208, 1209","2","orientacyjnie","54.5223191","18.2087529","PDF podaje tylko nazwę ulicy, bez numeru. Znacznik opisuje ulicę, nie miejsce ustawienia pojemnika; po kliknięciu pokazano jej przebieg.","https://s-trojmiasto.pl/download/pojemniki-pomorskie.pdf#page=18"
"Wiatrowa: Przy Sklepie","Wiatrowa: Przy Sklepie, Przetoczyno, gmina Szemud, powiat Wejherowski, Polska","Przetoczyno","Wejherowski","Szemud","1210, 1211","2","orientacyjnie","54.5239077","18.2103167","Orientacyjny pobliski obiekt zgodny z opisem PDF. Znacznik nie wskazuje dokładnego miejsca pojemnika.","https://s-trojmiasto.pl/download/pojemniki-pomorskie.pdf#page=18"
"Wejherowska 50, Parking","Wejherowska 50, Parking, Szemud, gmina Szemud, powiat Wejherowski, Polska","Szemud","Wejherowski","Szemud","1212, 1213","2","adres","54.4865445","18.2239005","Dopasowano adres w OpenStreetMap. Punkt odnosi się do budynku/adresu, a nie do zweryfikowanej pozycji pojemnika.","https://s-trojmiasto.pl/download/pojemniki-pomorskie.pdf#page=18"
"Wejherowska 96 (Parking Cmentarz)","Wejherowska 96 (Parking Cmentarz), Szemud, gmina Szemud, powiat Wejherowski, Polska","Szemud","Wejherowski","Szemud","1214, 1215","2","orientacyjnie","54.4889392","18.2150843","Nie znaleziono numeru 96. Znacznik opisuje ulicę, nie miejsce ustawienia pojemnika; po kliknięciu pokazano jej przebieg.","https://s-trojmiasto.pl/download/pojemniki-pomorskie.pdf#page=18"
"Władysława Reymonta 1","Władysława Reymonta 1, Szemud, gmina Szemud, powiat Wejherowski, Polska","Szemud","Wejherowski","Szemud","1216","1","brak","","","Nie dopasowano nazwy ulicy ani numeru posesji.","https://s-trojmiasto.pl/download/pojemniki-pomorskie.pdf#page=18"
"Graniczna 35","Graniczna 35, Warzno, gmina Szemud, powiat Wejherowski, Polska","Warzno","Wejherowski","Szemud","1217","1","orientacyjnie","54.4275746","18.3298432","Nie znaleziono numeru 35. Znacznik opisuje ulicę, nie miejsce ustawienia pojemnika; po kliknięciu pokazano jej przebieg.","https://s-trojmiasto.pl/download/pojemniki-pomorskie.pdf#page=18"